Collection_ID,Collection_Date,Sale_ID,Customer_ID,Collection_Amount,Payment_Mode
COL800001,2026-03-10 00:00:00,S501588,C2310,151365.97,Cash
COL800002,2026-04-25 00:00:00,S504391,C2339,92996.89,Card
COL800003,2026-06-16 00:00:00,S502339,C2171,76320.26,Cheque
COL800004,2026-04-15 00:00:00,S504353,C2111,135710.53,Cash
COL800005,2026-04-08 00:00:00,S500199,C2128,243016.95,Bank Transfer
COL800006,2026-08-19 00:00:00,S500440,C2128,16083.37,Card
COL800007,2026-04-06 00:00:00,S500625,C2430,32304.06,Card
COL800008,2026-06-06 00:00:00,S500817,C2132,78397.62,Card
COL800009,2026-08-09 00:00:00,S504413,C2256,18786.16,UPI
COL800010,2026-08-04 00:00:00,S504305,C2312,41746.27,Cash
COL800011,2026-02-15 00:00:00,S502300,C2309,129902.27,Cheque
COL800012,2026-05-02 00:00:00,S501848,C2424,489656.02,Bank Transfer
COL800013,2026-01-31 00:00:00,S502644,C2387,393381,Card
COL800014,2026-06-01 00:00:00,S502456,C2186,60547.77,Card
COL800015,2026-04-29 00:00:00,S501396,C2208,74613.89,Card
COL800016,2026-05-06 00:00:00,S501018,C2192,7469.65,Cash
COL800017,2026-05-23 00:00:00,S503529,C2013,114690.33,Bank Transfer
COL800018,2026-07-23 00:00:00,S500123,C2159,12693.56,Cash
COL800019,2026-05-28 00:00:00,S503392,C2429,32598.59,Bank Transfer
COL800020,2026-05-12 00:00:00,S501459,C2051,162375.75,Cheque
COL800021,2026-07-05 00:00:00,S504415,C2316,5959.95,UPI
COL800022,2026-07-24 00:00:00,S503652,C2238,304891.09,Bank Transfer
COL800023,2026-07-08 00:00:00,S500854,C2156,228778.19,Cash
COL800024,2026-08-21 00:00:00,S505082,C2428,363370.16,Cash
COL800025,2026-05-07 00:00:00,S501146,C2125,217574.09,Cash
COL800026,2026-04-18 00:00:00,S503149,C2165,227982.8,UPI
COL800027,2026-05-18 00:00:00,S502575,C2149,264100.52,Bank Transfer
COL800028,2026-02-10 00:00:00,S501674,C2304,637624.72,Bank Transfer
COL800029,2026-02-22 00:00:00,S503929,C2386,49835.6,Bank Transfer
COL800030,2026-03-28 00:00:00,S501579,C2444,21442.23,Bank Transfer
COL800031,2026-07-18 00:00:00,S500582,C2332,59257.4,Card
COL800032,2026-05-01 00:00:00,S503536,C2008,74736.72,Card
COL800033,2026-03-17 00:00:00,S500770,C2246,133676.46,Cash
COL800034,2026-02-17 00:00:00,S504917,C2420,38674.02,Card
COL800035,2026-05-23 00:00:00,S502907,C2100,307991.37,Bank Transfer
COL800036,2026-05-15 00:00:00,S503454,C2444,476990.71,Bank Transfer
COL800037,2026-03-13 00:00:00,S504153,C2385,471467.77,Card
COL800038,2026-07-18 00:00:00,S502637,C2398,27711.37,Cheque
COL800039,2026-06-20 00:00:00,S500340,C2045,156591.5,Cash
COL800040,2026-01-04 00:00:00,S500963,C2023,90750.11,UPI
COL800041,2026-05-04 00:00:00,S500927,C2386,106290.76,Cash
COL800042,2026-08-30 00:00:00,S504929,C2095,195592.54,Cash
COL800043,2026-06-28 00:00:00,S503727,C2224,120314.35,Cash
COL800044,2026-03-12 00:00:00,S503786,C2111,263024.63,Card
COL800045,2026-05-06 00:00:00,S504470,C2106,119482.61,Cash
COL800046,2026-02-28 00:00:00,S500229,C2063,6195.77,Bank Transfer
COL800047,2026-04-19 00:00:00,S501963,C2159,610532.81,Cash
COL800048,2026-02-10 00:00:00,S502119,C2336,234441.18,Bank Transfer
COL800049,2026-07-08 00:00:00,S503206,C2337,13766.99,Card
COL800050,2026-01-30 00:00:00,S501495,C2321,39268.51,Card
COL800051,2026-05-03 00:00:00,S501292,C2315,162695.54,Cash
COL800052,2026-05-26 00:00:00,S503420,C2194,250510.35,Bank Transfer
COL800053,2026-01-30 00:00:00,S501777,C2134,56172.4,Bank Transfer
COL800054,2026-05-15 00:00:00,S501381,C2414,51656.76,Bank Transfer
COL800055,2026-02-21 00:00:00,S503376,C2397,58445.3,Bank Transfer
COL800056,2026-06-25 00:00:00,S500449,C2105,62482.5,UPI
COL800057,2026-01-23 00:00:00,S500932,C2204,308202.98,Card
COL800058,2026-05-04 00:00:00,S501008,C2085,242248.04,Bank Transfer
COL800059,2026-06-14 00:00:00,S501878,C2279,121762.64,UPI
COL800060,2026-03-12 00:00:00,S502315,C2295,327173.4,UPI
COL800061,2026-08-18 00:00:00,S504955,C2134,163129.22,Card
COL800062,2026-08-09 00:00:00,S504637,C2278,142433.21,Cheque
COL800063,2026-08-14 00:00:00,S500039,C2282,65136.31,Cash
COL800064,2026-04-13 00:00:00,S500975,C2067,56970.62,Card
COL800065,2026-02-22 00:00:00,S503681,C2155,199069.46,Cheque
COL800066,2026-04-15 00:00:00,S503309,C2207,295728.49,Cash
COL800067,2026-06-22 00:00:00,S501812,C2024,70599.37,Cash
COL800068,2026-06-26 00:00:00,S503753,C2280,125588.27,Cash
COL800069,2026-02-18 00:00:00,S500696,C2015,92078.34,UPI
COL800070,2026-04-21 00:00:00,S501127,C2027,210644.53,Bank Transfer
COL800071,2026-07-29 00:00:00,S501805,C2417,101760.34,Cash
COL800072,2026-09-05 00:00:00,S503340,C2409,422070.07,Bank Transfer
COL800073,2026-06-24 00:00:00,S505009,C2147,174107.57,Cash
COL800074,2026-04-17 00:00:00,S503417,C2013,14437.83,UPI
COL800075,2026-06-02 00:00:00,S503771,C2090,48391.54,Cash
COL800076,2026-04-01 00:00:00,S504669,C2003,304488.94,Card
COL800077,2026-06-04 00:00:00,S500616,C2286,123670.56,Cheque
COL800078,2026-05-20 00:00:00,S501784,C2323,75733.57,Cash
COL800079,2026-05-31 00:00:00,S503210,C2048,295323.22,Cheque
COL800080,2026-01-17 00:00:00,S503717,C2099,112671.5,Cheque
COL800081,2026-02-13 00:00:00,S504979,C2178,51932.44,UPI
COL800082,2026-03-12 00:00:00,S502090,C2096,239512.16,Cheque
COL800083,2026-05-05 00:00:00,S503645,C2316,305258.02,UPI
COL800084,2026-06-01 00:00:00,S501469,C2196,222838.38,Cash
COL800085,2026-07-18 00:00:00,S503506,C2015,115882.76,Bank Transfer
COL800086,2026-04-03 00:00:00,S501622,C2093,425581.41,UPI
COL800087,2026-03-01 00:00:00,S502713,C2313,190302.59,Cheque
COL800088,2026-02-22 00:00:00,S504658,C2169,174687,Cheque
COL800089,2026-08-08 00:00:00,S504040,C2249,153275.67,Cash
COL800090,2026-08-03 00:00:00,S504024,C2290,221244.48,UPI
COL800091,2026-03-15 00:00:00,S501896,C2443,176507.37,Cash
COL800092,2026-05-24 00:00:00,S501006,C2165,162094.1,UPI
COL800093,2026-04-17 00:00:00,S501687,C2102,22038.08,Bank Transfer
COL800094,2026-08-28 00:00:00,S503893,C2072,328588.34,Card
COL800095,2026-04-08 00:00:00,S502056,C2104,70599.76,Cash
COL800096,2026-01-25 00:00:00,S504754,C2294,71472.53,Cheque
COL800097,2026-03-07 00:00:00,S501305,C2396,328861.15,Cash
COL800098,2026-02-19 00:00:00,S501478,C2436,220581.79,UPI
COL800099,2026-03-10 00:00:00,S503780,C2378,274466.72,Cash
COL800100,2026-03-19 00:00:00,S503582,C2114,120574.18,Bank Transfer
COL800101,2026-08-11 00:00:00,S502474,C2074,116340.97,UPI
COL800102,2026-06-17 00:00:00,S500260,C2370,28592.54,Cheque
COL800103,2026-05-14 00:00:00,S503874,C2233,57665.58,Cheque
COL800104,2026-03-05 00:00:00,S503616,C2120,124926.09,UPI
COL800105,2026-01-28 00:00:00,S504148,C2140,127587.68,Bank Transfer
COL800106,2026-01-09 00:00:00,S501080,C2133,58538.5,Cash
COL800107,2026-01-06 00:00:00,S504764,C2446,36102.03,Card
COL800108,2026-09-02 00:00:00,S503254,C2083,131699.25,Cheque
COL800109,2026-05-25 00:00:00,S502491,C2107,61328.04,Bank Transfer
COL800110,2026-06-17 00:00:00,S503669,C2101,66029.31,Bank Transfer
COL800111,2026-04-09 00:00:00,S503489,C2177,170573.36,Bank Transfer
COL800112,2026-07-23 00:00:00,S504155,C2259,35045.04,Cash
COL800113,2026-06-22 00:00:00,S501989,C2408,41713.79,Bank Transfer
COL800114,2026-03-23 00:00:00,S501176,C2220,39431.17,Bank Transfer
COL800115,2026-04-29 00:00:00,S501975,C2278,121376.62,UPI
COL800116,2026-06-20 00:00:00,S503461,C2277,510042.59,UPI
COL800117,2026-08-14 00:00:00,S502559,C2422,261875.04,Bank Transfer
COL800118,2026-06-23 00:00:00,S504426,C2268,21023.75,Bank Transfer
COL800119,2026-07-10 00:00:00,S500869,C2028,3225.58,UPI
COL800120,2026-05-09 00:00:00,S502430,C2446,769263.62,Cash
COL800121,2026-07-06 00:00:00,S500046,C2298,340404.68,UPI
COL800122,2026-03-04 00:00:00,S501272,C2360,438829.51,UPI
COL800123,2026-07-26 00:00:00,S503978,C2096,4836.12,UPI
COL800124,2026-05-05 00:00:00,S504844,C2093,532867.34,UPI
COL800125,2026-01-18 00:00:00,S502853,C2196,433250.99,Card
COL800126,2026-03-27 00:00:00,S500581,C2179,117988.99,Cheque
COL800127,2026-07-29 00:00:00,S500351,C2192,4834.27,Cash
COL800128,2026-08-29 00:00:00,S502774,C2437,138050.72,Cash
COL800129,2026-07-12 00:00:00,S502010,C2081,35603.91,Bank Transfer
COL800130,2026-08-26 00:00:00,S504977,C2349,103749.59,Card
COL800131,2026-01-20 00:00:00,S502484,C2366,101392.48,Bank Transfer
COL800132,2026-07-03 00:00:00,S504425,C2312,57218.64,Cash
COL800133,2026-07-01 00:00:00,S504175,C2289,73835.91,Cash
COL800134,2026-02-17 00:00:00,S502161,C2230,342131.01,Bank Transfer
COL800135,2026-08-16 00:00:00,S501458,C2138,57150.06,Cheque
COL800136,2026-02-23 00:00:00,S504217,C2428,65108.85,Bank Transfer
COL800137,2026-04-12 00:00:00,S501870,C2110,116163.93,Cheque
COL800138,2026-03-30 00:00:00,S501766,C2257,86266.32,Cheque
COL800139,2026-05-24 00:00:00,S503696,C2409,319082.53,UPI
COL800140,2026-05-28 00:00:00,S502417,C2094,378179.46,Cash
COL800141,2026-08-18 00:00:00,S505174,C2245,53577.07,UPI
COL800142,2026-02-16 00:00:00,S503964,C2398,187008.12,Cash
COL800143,2026-08-13 00:00:00,S505123,C2110,566748.72,UPI
COL800144,2026-05-15 00:00:00,S504056,C2013,270492.46,Cheque
COL800145,2026-05-31 00:00:00,S502800,C2147,39863.29,UPI
COL800146,2026-07-22 00:00:00,S501567,C2358,19073.22,Card
COL800147,2026-06-10 00:00:00,S504737,C2058,94244.32,UPI
COL800148,2026-06-17 00:00:00,S501940,C2004,248805.64,UPI
COL800149,2026-04-20 00:00:00,S502508,C2052,14214.56,UPI
COL800150,2026-01-05 00:00:00,S500334,C2227,144554.47,Card
COL800151,2026-06-22 00:00:00,S500549,C2246,13519.38,Cash
COL800152,2026-04-21 00:00:00,S503130,C2280,356814.95,UPI
COL800153,2026-02-10 00:00:00,S501839,C2259,488322.34,Cash
COL800154,2026-05-16 00:00:00,S501383,C2020,60291.46,Bank Transfer
COL800155,2026-08-31 00:00:00,S503940,C2419,223445.7,Cheque
COL800156,2026-07-28 00:00:00,S500114,C2273,377800.68,Bank Transfer
COL800157,2026-08-31 00:00:00,S501598,C2407,49019.81,Card
COL800158,2026-03-23 00:00:00,S501996,C2443,127158.58,Card
COL800159,2026-06-27 00:00:00,S501698,C2236,10729.52,Cash
COL800160,2026-08-07 00:00:00,S502882,C2349,12345.73,Cash
COL800161,2026-01-31 00:00:00,S500061,C2335,226117.98,UPI
COL800162,2026-01-04 00:00:00,S503747,C2048,124066.95,Bank Transfer
COL800163,2026-07-13 00:00:00,S500741,C2258,119851.87,Cash
COL800164,2026-02-25 00:00:00,S502625,C2175,96213.86,Cash
COL800165,2026-01-05 00:00:00,S500776,C2128,4360.34,Cash
COL800166,2026-03-22 00:00:00,S503600,C2276,59350.54,Cheque
COL800167,2026-02-23 00:00:00,S502012,C2115,195030.69,Cash
COL800168,2026-05-04 00:00:00,S503348,C2390,146509.23,Cheque
COL800169,2026-08-19 00:00:00,S502124,C2181,14071.44,Card
COL800170,2026-04-06 00:00:00,S503842,C2441,305948.81,UPI
COL800171,2026-04-03 00:00:00,S500042,C2378,122058.98,Bank Transfer
COL800172,2026-03-21 00:00:00,S504007,C2191,55509.66,Cash
COL800173,2026-01-01 00:00:00,S502962,C2397,57335.96,Cheque
COL800174,2026-07-23 00:00:00,S505124,C2008,151341.74,Cash
COL800175,2026-07-30 00:00:00,S502479,C2274,201959.1,Cash
COL800176,2026-03-14 00:00:00,S504920,C2442,98313.55,Cheque
COL800177,2026-08-28 00:00:00,S502631,C2050,9224.59,Cash
COL800178,2026-03-02 00:00:00,S501909,C2050,88202.13,Bank Transfer
COL800179,2026-05-06 00:00:00,S500192,C2178,298820.84,Card
COL800180,2026-01-07 00:00:00,S500023,C2217,54546.44,UPI
COL800181,2026-06-07 00:00:00,S500799,C2304,24068.12,Cash
COL800182,2026-05-05 00:00:00,S503088,C2288,46373.72,Cheque
COL800183,2026-01-15 00:00:00,S500748,C2027,84285.2,Bank Transfer
COL800184,2026-04-18 00:00:00,S503445,C2136,20880.18,Cash
COL800185,2026-01-04 00:00:00,S500494,C2175,137458.33,Card
COL800186,2026-03-04 00:00:00,S500546,C2335,248878.55,Card
COL800187,2026-03-11 00:00:00,S502848,C2222,85129.2,Cheque
COL800188,2026-02-07 00:00:00,S503224,C2038,26299.85,Cash
COL800189,2026-06-24 00:00:00,S502561,C2426,32021.33,Cash
COL800190,2026-07-07 00:00:00,S504014,C2168,7557.01,Cash
COL800191,2026-08-15 00:00:00,S502896,C2240,89613.35,Card
COL800192,2026-01-02 00:00:00,S501797,C2067,384518.1,Cash
COL800193,2026-07-16 00:00:00,S500816,C2253,230429.67,Cash
COL800194,2026-01-08 00:00:00,S503395,C2343,94393.92,Cash
COL800195,2026-02-20 00:00:00,S501986,C2409,38875.64,Cash
COL800196,2026-04-27 00:00:00,S500864,C2432,75614.42,Cheque
COL800197,2026-08-10 00:00:00,S504841,C2315,19807.77,Card
COL800198,2026-04-22 00:00:00,S500700,C2412,190225.79,UPI
COL800199,2026-01-19 00:00:00,S500551,C2123,91723.8,Cheque
COL800200,2026-04-04 00:00:00,S501737,C2229,64784.92,Cash
COL800201,2026-09-04 00:00:00,S501004,C2405,36388.94,UPI
COL800202,2026-01-31 00:00:00,S504067,C2335,261277.53,Bank Transfer
COL800203,2026-03-21 00:00:00,S501297,C2427,200383.38,UPI
COL800204,2026-04-12 00:00:00,S503002,C2440,100187.59,Cheque
COL800205,2026-01-22 00:00:00,S501016,C2342,233475.18,Card
COL800206,2026-02-02 00:00:00,S502348,C2084,95787.58,Cheque
COL800207,2026-08-30 00:00:00,S500385,C2134,211031.4,Card
COL800208,2026-08-02 00:00:00,S505166,C2204,70792.51,Card
COL800209,2026-07-19 00:00:00,S502804,C2296,76419.28,Card
COL800210,2026-06-14 00:00:00,S503749,C2309,150798.35,Bank Transfer
COL800211,2026-05-20 00:00:00,S501365,C2409,71236.25,UPI
COL800212,2026-04-24 00:00:00,S503042,C2022,134075.04,Cheque
COL800213,2026-07-16 00:00:00,S502754,C2361,83355.11,Cheque
COL800214,2026-03-05 00:00:00,S500735,C2105,92437.57,Card
COL800215,2026-06-02 00:00:00,S504751,C2018,69690.41,Bank Transfer
COL800216,2026-07-01 00:00:00,S504505,C2340,72993.77,Bank Transfer
COL800217,2026-01-29 00:00:00,S502842,C2261,31282.1,Cash
COL800218,2026-01-13 00:00:00,S502410,C2286,214134.61,Bank Transfer
COL800219,2026-09-02 00:00:00,S503844,C2100,102954.5,Card
COL800220,2026-01-26 00:00:00,S502345,C2209,656736.41,Card
COL800221,2026-01-22 00:00:00,S501043,C2106,400953.22,UPI
COL800222,2026-04-03 00:00:00,S500512,C2303,29544.55,Card
COL800223,2026-03-17 00:00:00,S502210,C2374,215205.26,UPI
COL800224,2026-08-28 00:00:00,S503748,C2049,110754.08,Bank Transfer
COL800225,2026-04-20 00:00:00,S501246,C2161,64254.8,Cash
COL800226,2026-08-23 00:00:00,S503648,C2247,31032.86,Cheque
COL800227,2026-04-02 00:00:00,S504295,C2212,15860.46,Card
COL800228,2026-03-14 00:00:00,S502556,C2087,35163.77,Bank Transfer
COL800229,2026-04-29 00:00:00,S500265,C2304,12158.07,Card
COL800230,2026-01-10 00:00:00,S501380,C2310,88102.2,UPI
COL800231,2026-02-17 00:00:00,S502867,C2027,20833.91,Bank Transfer
COL800232,2026-08-31 00:00:00,S500674,C2245,181345.09,Cheque
COL800233,2026-06-19 00:00:00,S503785,C2339,154804.16,UPI
COL800234,2026-03-31 00:00:00,S501939,C2413,88373.6,Bank Transfer
COL800235,2026-09-02 00:00:00,S504985,C2254,487533.67,Cheque
COL800236,2026-08-16 00:00:00,S502178,C2301,602682.71,UPI
COL800237,2026-07-06 00:00:00,S501771,C2447,450384.31,Cheque
COL800238,2026-06-30 00:00:00,S500991,C2304,58534.1,Bank Transfer
COL800239,2026-06-17 00:00:00,S505038,C2377,277995.46,UPI
COL800240,2026-07-22 00:00:00,S504622,C2354,176979.19,Cash
COL800241,2026-07-09 00:00:00,S502198,C2427,72743.44,Card
COL800242,2026-01-06 00:00:00,S504096,C2429,236966.44,Cash
COL800243,2026-05-12 00:00:00,S501339,C2028,171961.85,Cheque
COL800244,2026-09-02 00:00:00,S500730,C2379,354417.25,Bank Transfer
COL800245,2026-04-01 00:00:00,S502042,C2137,268087.51,Card
COL800246,2026-02-24 00:00:00,S502602,C2021,172816.54,Bank Transfer
COL800247,2026-05-06 00:00:00,S504165,C2372,85711.93,Cheque
COL800248,2026-08-04 00:00:00,S504778,C2338,205325.25,Bank Transfer
COL800249,2026-07-16 00:00:00,S501098,C2367,142238.34,UPI
COL800250,2026-08-30 00:00:00,S501616,C2069,56061.74,UPI
COL800251,2026-09-03 00:00:00,S505164,C2149,221236.9,Cheque
COL800252,2026-05-11 00:00:00,S504535,C2053,128327.38,Bank Transfer
COL800253,2026-01-07 00:00:00,S503625,C2107,319711.56,Cheque
COL800254,2026-03-29 00:00:00,S501224,C2442,12952.62,Card
COL800255,2026-03-27 00:00:00,S501627,C2112,433195.97,Bank Transfer
COL800256,2026-05-20 00:00:00,S500689,C2063,52598.12,UPI
COL800257,2026-04-09 00:00:00,S503400,C2322,124177.64,Cash
COL800258,2026-05-25 00:00:00,S504238,C2441,432946.03,UPI
COL800259,2026-07-14 00:00:00,S503091,C2116,180935.17,Bank Transfer
COL800260,2026-03-16 00:00:00,S504839,C2008,106978.73,Bank Transfer
COL800261,2026-07-17 00:00:00,S502905,C2278,12208.79,Bank Transfer
COL800262,2026-04-17 00:00:00,S504898,C2075,255242.14,Bank Transfer
COL800263,2026-06-13 00:00:00,S503157,C2383,398433.58,Card
COL800264,2026-05-25 00:00:00,S502784,C2331,157286.48,Cash
COL800265,2026-03-27 00:00:00,S502552,C2322,227020.49,UPI
COL800266,2026-01-01 00:00:00,S501253,C2141,132073.67,Card
COL800267,2026-08-24 00:00:00,S503500,C2243,141012.57,Cheque
COL800268,2026-04-30 00:00:00,S501011,C2401,369391.38,Bank Transfer
COL800269,2026-03-08 00:00:00,S500893,C2233,26932.3,UPI
COL800270,2026-07-27 00:00:00,S501761,C2115,137589.29,Cheque
COL800271,2026-04-09 00:00:00,S503151,C2404,66237.76,Cash
COL800272,2026-07-25 00:00:00,S502920,C2436,197838.8,UPI
COL800273,2026-02-18 00:00:00,S500466,C2344,365160.2,Card
COL800274,2026-02-20 00:00:00,S500477,C2419,114442.55,Cheque
COL800275,2026-03-12 00:00:00,S502216,C2418,178406.1,UPI
COL800276,2026-08-06 00:00:00,S500763,C2034,141812.13,Card
COL800277,2026-04-30 00:00:00,S501482,C2019,9057.04,Bank Transfer
COL800278,2026-06-20 00:00:00,S500063,C2251,1642.98,UPI
COL800279,2026-04-22 00:00:00,S504326,C2306,103525.16,Bank Transfer
COL800280,2026-01-31 00:00:00,S500093,C2399,155855.94,Cheque
COL800281,2026-01-24 00:00:00,S504306,C2174,29652.15,Cheque
COL800282,2026-07-30 00:00:00,S500894,C2266,208351.08,Cheque
COL800283,2026-02-06 00:00:00,S504435,C2178,22879.25,Bank Transfer
COL800284,2026-07-12 00:00:00,S501574,C2314,70520.11,Bank Transfer
COL800285,2026-08-05 00:00:00,S500493,C2155,493871.65,Card
COL800286,2026-03-04 00:00:00,S503037,C2166,82265.2,UPI
COL800287,2026-02-25 00:00:00,S503787,C2108,7907.02,Card
COL800288,2026-07-21 00:00:00,S501793,C2131,184684.72,Bank Transfer
COL800289,2026-01-18 00:00:00,S504661,C2041,9356.81,UPI
COL800290,2026-04-16 00:00:00,S503885,C2172,202555.33,Cheque
COL800291,2026-07-12 00:00:00,S500970,C2320,147828.96,Card
COL800292,2026-06-06 00:00:00,S502838,C2166,227098.25,Card
COL800293,2026-03-18 00:00:00,S503757,C2255,194944.25,Card
COL800294,2026-01-04 00:00:00,S503553,C2051,127864.68,Bank Transfer
COL800295,2026-05-01 00:00:00,S504529,C2286,41295.66,UPI
COL800296,2026-05-20 00:00:00,S504526,C2157,84786.47,Cheque
COL800297,2026-07-03 00:00:00,S500188,C2381,164719.23,Bank Transfer
COL800298,2026-02-17 00:00:00,S502107,C2356,193905.97,Cheque
COL800299,2026-05-27 00:00:00,S504545,C2429,122513.93,Cash
COL800300,2026-01-26 00:00:00,S504624,C2012,371589.93,Cash
COL800301,2026-04-18 00:00:00,S503434,C2441,229297.85,Cheque
COL800302,2026-02-07 00:00:00,S503162,C2348,319427.66,Cash
COL800303,2026-03-21 00:00:00,S502218,C2334,141025.57,UPI
COL800304,2026-08-24 00:00:00,S504928,C2250,150877.1,UPI
COL800305,2026-06-02 00:00:00,S500787,C2090,143882.48,Bank Transfer
COL800306,2026-07-03 00:00:00,S503193,C2295,283095.65,Cheque
COL800307,2026-07-21 00:00:00,S504318,C2182,223258.42,Bank Transfer
COL800308,2026-08-17 00:00:00,S501298,C2250,93412.19,UPI
COL800309,2026-01-28 00:00:00,S503360,C2364,90842.19,UPI
COL800310,2026-03-02 00:00:00,S500204,C2300,237225.18,UPI
COL800311,2026-08-08 00:00:00,S500830,C2243,37866.04,Card
COL800312,2026-03-30 00:00:00,S504107,C2412,149104.04,Cash
COL800313,2026-03-30 00:00:00,S503278,C2039,151786.78,Bank Transfer
COL800314,2026-06-28 00:00:00,S502051,C2246,40103.04,Bank Transfer
COL800315,2026-05-20 00:00:00,S503984,C2283,298430.58,UPI
COL800316,2026-01-08 00:00:00,S504605,C2122,45774.14,Card
COL800317,2026-08-16 00:00:00,S504638,C2421,158912.15,Bank Transfer
COL800318,2026-05-02 00:00:00,S503540,C2244,24232.27,Bank Transfer
COL800319,2026-04-13 00:00:00,S501695,C2322,119402.25,Card
COL800320,2026-07-05 00:00:00,S504431,C2366,192014.28,UPI
COL800321,2026-03-29 00:00:00,S504386,C2084,252203.23,Card
COL800322,2026-01-23 00:00:00,S502705,C2330,72336.2,Cash
COL800323,2026-02-06 00:00:00,S500110,C2448,45731.98,Bank Transfer
COL800324,2026-01-11 00:00:00,S502052,C2144,464296.65,Cash
COL800325,2026-01-17 00:00:00,S504421,C2304,68522.81,Bank Transfer
COL800326,2026-08-08 00:00:00,S502840,C2001,33376.8,Cash
COL800327,2026-07-03 00:00:00,S501730,C2309,105794.45,Bank Transfer
COL800328,2026-06-30 00:00:00,S501421,C2437,58465.19,UPI
COL800329,2026-07-14 00:00:00,S504922,C2326,427568.79,Cheque
COL800330,2026-05-10 00:00:00,S502748,C2298,108226.28,Card
COL800331,2026-08-31 00:00:00,S505110,C2023,294353.05,Bank Transfer
COL800332,2026-01-29 00:00:00,S505002,C2324,167303.44,Card
COL800333,2026-02-26 00:00:00,S501696,C2369,534051.14,Bank Transfer
COL800334,2026-06-11 00:00:00,S500051,C2263,140694.69,Cheque
COL800335,2026-03-19 00:00:00,S501033,C2116,175649.76,UPI
COL800336,2026-05-02 00:00:00,S500360,C2280,189102.86,UPI
COL800337,2026-08-13 00:00:00,S502563,C2178,198209.41,Card
COL800338,2026-04-22 00:00:00,S500727,C2320,117160.04,Cheque
COL800339,2026-08-27 00:00:00,S501229,C2217,28614.61,Card
COL800340,2026-07-29 00:00:00,S501267,C2041,38361.37,UPI
COL800341,2026-04-03 00:00:00,S501533,C2295,451577.11,Cash
COL800342,2026-01-02 00:00:00,S500515,C2077,493917.9,Card
COL800343,2026-05-04 00:00:00,S504486,C2144,80271.76,Bank Transfer
COL800344,2026-07-22 00:00:00,S500764,C2096,45056.95,UPI
COL800345,2026-01-31 00:00:00,S500655,C2043,188562.38,Bank Transfer
COL800346,2026-04-27 00:00:00,S501693,C2125,29209.75,Cheque
COL800347,2026-04-23 00:00:00,S500996,C2158,36132.74,UPI
COL800348,2026-07-24 00:00:00,S504162,C2339,180700.46,UPI
COL800349,2026-02-13 00:00:00,S503371,C2210,308574.75,Card
COL800350,2026-05-07 00:00:00,S502587,C2392,78886.64,Card
COL800351,2026-03-31 00:00:00,S500683,C2131,37921.82,Bank Transfer
COL800352,2026-07-03 00:00:00,S501201,C2114,167234.44,Card
COL800353,2026-08-14 00:00:00,S501649,C2205,168432.92,Cash
COL800354,2026-07-01 00:00:00,S502646,C2090,16783.49,UPI
COL800355,2026-06-30 00:00:00,S502247,C2031,170138.04,Cheque
COL800356,2026-04-24 00:00:00,S504125,C2091,415584.27,UPI
COL800357,2026-03-15 00:00:00,S504995,C2372,617072.52,Bank Transfer
COL800358,2026-07-23 00:00:00,S503561,C2231,81168.32,Card
COL800359,2026-08-29 00:00:00,S505157,C2428,6549.07,UPI
COL800360,2026-08-02 00:00:00,S503211,C2057,290091.28,Card
COL800361,2026-02-15 00:00:00,S501017,C2012,286479.64,Bank Transfer
COL800362,2026-02-23 00:00:00,S502129,C2185,156563.57,Card
COL800363,2026-06-08 00:00:00,S503931,C2154,74593.03,Cheque
COL800364,2026-07-30 00:00:00,S500778,C2291,90126.15,Bank Transfer
COL800365,2026-04-19 00:00:00,S502661,C2164,5638.33,UPI
COL800366,2026-01-24 00:00:00,S505033,C2120,33046.06,UPI
COL800367,2026-06-02 00:00:00,S503006,C2080,213073.39,Cheque
COL800368,2026-06-12 00:00:00,S502197,C2444,300687.8,Cash
COL800369,2026-02-26 00:00:00,S500134,C2404,94678.23,Card
COL800370,2026-03-13 00:00:00,S502005,C2005,306737.24,UPI
COL800371,2026-03-10 00:00:00,S501537,C2447,22168.14,Cheque
COL800372,2026-08-02 00:00:00,S503948,C2187,61312.58,Card
COL800373,2026-01-28 00:00:00,S504974,C2107,166775.14,Bank Transfer
COL800374,2026-07-23 00:00:00,S503813,C2287,410020.81,Cheque
COL800375,2026-02-02 00:00:00,S504123,C2190,105152.12,Bank Transfer
COL800376,2026-02-22 00:00:00,S500390,C2038,83105.04,Bank Transfer
COL800377,2026-05-02 00:00:00,S502094,C2042,195520.16,Bank Transfer
COL800378,2026-01-16 00:00:00,S501823,C2033,205304.12,Card
COL800379,2026-06-03 00:00:00,S500871,C2022,210818.18,Cash
COL800380,2026-05-20 00:00:00,S500656,C2135,69513.03,Bank Transfer
COL800381,2026-03-28 00:00:00,S501970,C2096,16942.53,UPI
COL800382,2026-08-29 00:00:00,S503695,C2026,28717.94,Card
COL800383,2026-08-06 00:00:00,S503793,C2076,13621.8,Card
COL800384,2026-04-15 00:00:00,S505183,C2342,65702.6,Bank Transfer
COL800385,2026-03-18 00:00:00,S505076,C2358,312967.71,UPI
COL800386,2026-03-28 00:00:00,S502876,C2090,36716.37,Cheque
COL800387,2026-01-31 00:00:00,S504556,C2059,142527.79,Card
COL800388,2026-04-10 00:00:00,S502182,C2383,66333.79,Bank Transfer
COL800389,2026-06-04 00:00:00,S501414,C2064,68558.3,Bank Transfer
COL800390,2026-02-05 00:00:00,S500386,C2391,81679.78,Cash
COL800391,2026-02-28 00:00:00,S503107,C2179,181109.33,Cash
COL800392,2026-08-27 00:00:00,S501825,C2312,30891.91,Cheque
COL800393,2026-04-16 00:00:00,S502397,C2389,373640.27,Cheque
COL800394,2026-08-03 00:00:00,S503087,C2349,56868.3,Cheque
COL800395,2026-08-18 00:00:00,S504387,C2199,140804.7,Cheque
COL800396,2026-01-03 00:00:00,S501219,C2097,64416.07,Bank Transfer
COL800397,2026-08-10 00:00:00,S502018,C2111,210284.13,Bank Transfer
COL800398,2026-05-01 00:00:00,S504297,C2263,60402.02,Bank Transfer
COL800399,2026-06-09 00:00:00,S500041,C2211,177374.71,UPI
COL800400,2026-01-15 00:00:00,S503872,C2368,204596.22,Cheque
COL800401,2026-08-18 00:00:00,S502280,C2263,312868.65,UPI
COL800402,2026-03-16 00:00:00,S503280,C2307,240453.82,Card
COL800403,2026-07-13 00:00:00,S500483,C2173,158936.94,Card
COL800404,2026-08-06 00:00:00,S502791,C2423,366551.75,Bank Transfer
COL800405,2026-07-10 00:00:00,S502251,C2289,54783.01,Card
COL800406,2026-08-14 00:00:00,S502783,C2322,47208.52,Bank Transfer
COL800407,2026-01-01 00:00:00,S500391,C2187,69771.41,Cheque
COL800408,2026-07-22 00:00:00,S502985,C2214,5909.61,UPI
COL800409,2026-05-13 00:00:00,S504878,C2212,522330.83,Bank Transfer
COL800410,2026-03-31 00:00:00,S505149,C2394,26386.74,Cash
COL800411,2026-01-06 00:00:00,S504711,C2192,52034.88,Cash
COL800412,2026-08-15 00:00:00,S502277,C2208,27930.71,Cheque
COL800413,2026-09-01 00:00:00,S503598,C2321,240570.97,UPI
COL800414,2026-05-13 00:00:00,S503716,C2053,322036.85,Bank Transfer
COL800415,2026-04-26 00:00:00,S501287,C2147,37471.89,Cheque
COL800416,2026-03-14 00:00:00,S503282,C2121,85470.25,UPI
COL800417,2026-06-05 00:00:00,S500030,C2312,497685.3,Cash
COL800418,2026-07-30 00:00:00,S504684,C2418,72359.22,Bank Transfer
COL800419,2026-03-10 00:00:00,S502862,C2420,17744.39,UPI
COL800420,2026-08-03 00:00:00,S502145,C2259,157176.33,Card
COL800421,2026-08-24 00:00:00,S502609,C2206,30422.34,Bank Transfer
COL800422,2026-02-13 00:00:00,S504412,C2216,171106,Card
COL800423,2026-05-24 00:00:00,S504893,C2243,292316.7,Cheque
COL800424,2026-07-18 00:00:00,S500716,C2065,105476.79,UPI
COL800425,2026-07-25 00:00:00,S503631,C2265,299439.33,UPI
COL800426,2026-05-30 00:00:00,S502967,C2018,134592.61,UPI
COL800427,2026-07-20 00:00:00,S502463,C2213,89608.17,UPI
COL800428,2026-08-27 00:00:00,S502707,C2261,199820.38,Bank Transfer
COL800429,2026-05-31 00:00:00,S501918,C2357,89664.42,Card
COL800430,2026-06-20 00:00:00,S501927,C2326,455534.43,Card
COL800431,2026-03-09 00:00:00,S501881,C2413,389695.81,Cheque
COL800432,2026-06-20 00:00:00,S502071,C2433,66272.53,Cheque
COL800433,2026-06-03 00:00:00,S505195,C2258,235160.74,UPI
COL800434,2026-02-10 00:00:00,S503019,C2175,100741.13,Cash
COL800435,2026-03-11 00:00:00,S501374,C2343,155896.79,Cash
COL800436,2026-01-31 00:00:00,S503113,C2376,397542.23,UPI
COL800437,2026-01-17 00:00:00,S503710,C2415,61939.26,Card
COL800438,2026-05-17 00:00:00,S501452,C2187,183915.14,Cheque
COL800439,2026-08-07 00:00:00,S500647,C2309,253703.77,Bank Transfer
COL800440,2026-02-24 00:00:00,S504241,C2013,44259.95,Cash
COL800441,2026-01-06 00:00:00,S504566,C2350,55291.55,Cheque
COL800442,2026-07-17 00:00:00,S505145,C2353,118002.99,Cash
COL800443,2026-07-11 00:00:00,S502566,C2344,28920.56,Card
COL800444,2026-05-12 00:00:00,S502852,C2217,28784.07,Card
COL800445,2026-09-01 00:00:00,S501145,C2356,88372.04,UPI
COL800446,2026-04-17 00:00:00,S501955,C2069,218884.32,UPI
COL800447,2026-07-14 00:00:00,S504793,C2108,59560.67,Cash
COL800448,2026-03-29 00:00:00,S502497,C2280,13938.83,Cash
COL800449,2026-07-03 00:00:00,S504087,C2373,20515.9,Cheque
COL800450,2026-01-18 00:00:00,S503775,C2377,298511.03,UPI
COL800451,2026-06-09 00:00:00,S503714,C2268,377997.32,Card
COL800452,2026-08-28 00:00:00,S500484,C2223,99210.32,Cheque
COL800453,2026-08-01 00:00:00,S501503,C2432,33037.4,Cheque
COL800454,2026-02-17 00:00:00,S501368,C2113,181242.47,Bank Transfer
COL800455,2026-01-29 00:00:00,S500389,C2018,272680.96,Card
COL800456,2026-06-09 00:00:00,S501352,C2086,430214.01,Cheque
COL800457,2026-06-02 00:00:00,S503817,C2193,89077.35,Bank Transfer
COL800458,2026-03-17 00:00:00,S502320,C2082,275637.02,UPI
COL800459,2026-08-26 00:00:00,S503692,C2335,31515.35,Card
COL800460,2026-03-04 00:00:00,S501240,C2372,287127.49,UPI
COL800461,2026-01-09 00:00:00,S504650,C2307,90635.15,Bank Transfer
COL800462,2026-07-18 00:00:00,S503074,C2151,49790.1,Card
COL800463,2026-01-14 00:00:00,S502817,C2109,212607.43,Cash
COL800464,2026-01-20 00:00:00,S500272,C2417,91132.76,Cash
COL800465,2026-07-31 00:00:00,S501232,C2312,221469.46,Cash
COL800466,2026-01-10 00:00:00,S504017,C2439,11006.79,Cheque
COL800467,2026-05-19 00:00:00,S501763,C2069,149102.01,Cash
COL800468,2026-06-16 00:00:00,S500976,C2249,227121.34,Cheque
COL800469,2026-05-27 00:00:00,S501834,C2396,26239.56,Cheque
COL800470,2026-05-27 00:00:00,S502446,C2172,64716.22,Bank Transfer
COL800471,2026-09-02 00:00:00,S500288,C2074,264025.49,Cash
COL800472,2026-06-20 00:00:00,S502325,C2209,141853.02,Card
COL800473,2026-07-08 00:00:00,S502682,C2018,117220.67,Cheque
COL800474,2026-03-11 00:00:00,S500768,C2231,397812.32,Bank Transfer
COL800475,2026-03-13 00:00:00,S501399,C2287,105188.12,Cheque
COL800476,2026-03-06 00:00:00,S503089,C2440,139188,Card
COL800477,2026-05-31 00:00:00,S503051,C2113,46937.4,Card
COL800478,2026-04-14 00:00:00,S503839,C2078,107740.8,Cash
COL800479,2026-08-17 00:00:00,S500598,C2043,62402.35,Cheque
COL800480,2026-03-01 00:00:00,S500182,C2069,138218.65,Card
COL800481,2026-05-18 00:00:00,S503570,C2263,13667.49,UPI
COL800482,2026-03-04 00:00:00,S503594,C2233,110562.35,Card
COL800483,2026-05-10 00:00:00,S504741,C2332,116208.97,Card
COL800484,2026-02-05 00:00:00,S501613,C2365,170962.61,Cheque
COL800485,2026-04-28 00:00:00,S504899,C2062,221240.38,Card
COL800486,2026-02-26 00:00:00,S505034,C2105,49770.67,Bank Transfer
COL800487,2026-07-13 00:00:00,S500236,C2366,231396.12,Card
COL800488,2026-03-20 00:00:00,S504602,C2245,154712.54,UPI
COL800489,2026-01-20 00:00:00,S503039,C2249,229111.71,Card
COL800490,2026-02-11 00:00:00,S504364,C2378,222366.9,Cash
COL800491,2026-01-21 00:00:00,S500590,C2021,65704.74,Cheque
COL800492,2026-08-10 00:00:00,S502292,C2304,258966.91,UPI
COL800493,2026-09-05 00:00:00,S504551,C2037,21750.83,Bank Transfer
COL800494,2026-08-04 00:00:00,S505073,C2153,308722.84,Card
COL800495,2026-07-13 00:00:00,S502725,C2446,381064.2,Card
COL800496,2026-06-15 00:00:00,S504283,C2036,84987.45,Bank Transfer
COL800497,2026-08-02 00:00:00,S501833,C2256,223395.28,Card
COL800498,2026-04-03 00:00:00,S500374,C2191,100216.67,Cash
COL800499,2026-03-19 00:00:00,S505172,C2363,306139.87,UPI
COL800500,2026-07-16 00:00:00,S502217,C2191,56731.86,Card
COL800501,2026-01-24 00:00:00,S503871,C2010,227065.58,Bank Transfer
COL800502,2026-01-26 00:00:00,S501144,C2418,157382.65,Bank Transfer
COL800503,2026-05-10 00:00:00,S502696,C2036,242971.63,UPI
COL800504,2026-06-23 00:00:00,S500848,C2067,51775.52,Cash
COL800505,2026-04-19 00:00:00,S501075,C2374,72647.75,UPI
COL800506,2026-02-03 00:00:00,S500922,C2345,9156.75,Card
COL800507,2026-07-09 00:00:00,S505112,C2241,157556.23,Cash
COL800508,2026-08-03 00:00:00,S501671,C2154,55056.05,Cash
COL800509,2026-06-18 00:00:00,S503858,C2299,121756.35,Bank Transfer
COL800510,2026-04-09 00:00:00,S503878,C2419,140062.21,Cash
COL800511,2026-05-23 00:00:00,S500951,C2329,26487.82,Card
COL800512,2026-02-24 00:00:00,S502667,C2391,25142.18,Card
COL800513,2026-01-03 00:00:00,S503105,C2094,170720.65,Card
COL800514,2026-03-17 00:00:00,S501265,C2136,76688.04,Cheque
COL800515,2026-06-15 00:00:00,S501646,C2160,93736.58,Cash
COL800516,2026-06-28 00:00:00,S503605,C2283,140605.3,Cash
COL800517,2026-05-25 00:00:00,S502773,C2249,7375.8,Card
COL800518,2026-08-18 00:00:00,S504439,C2199,686972.62,Bank Transfer
COL800519,2026-08-07 00:00:00,S502828,C2273,305025.07,Cash
COL800520,2026-07-30 00:00:00,S500827,C2275,234530.17,Cheque
COL800521,2026-02-18 00:00:00,S502299,C2016,272549.26,Cash
COL800522,2026-08-28 00:00:00,S501161,C2037,27938.91,UPI
COL800523,2026-05-29 00:00:00,S501484,C2317,130501.8,Cheque
COL800524,2026-08-20 00:00:00,S500071,C2253,199169.86,Bank Transfer
COL800525,2026-03-29 00:00:00,S502742,C2172,11667.43,Cheque
COL800526,2026-06-01 00:00:00,S502801,C2327,185267.4,Cheque
COL800527,2026-07-30 00:00:00,S502523,C2357,10422.95,Cash
COL800528,2026-08-11 00:00:00,S504918,C2412,31717.69,Cheque
COL800529,2026-02-09 00:00:00,S502416,C2426,194797.34,Card
COL800530,2026-05-28 00:00:00,S502893,C2172,107149.03,Cheque
COL800531,2026-07-26 00:00:00,S502045,C2176,231298.9,Cash
COL800532,2026-04-14 00:00:00,S500352,C2077,111477.28,Card
COL800533,2026-06-12 00:00:00,S504194,C2384,53472.57,Bank Transfer
COL800534,2026-06-25 00:00:00,S502761,C2227,107815.94,UPI
COL800535,2026-08-15 00:00:00,S500021,C2001,191139.41,Cheque
COL800536,2026-06-10 00:00:00,S503359,C2124,37598.06,Card
COL800537,2026-04-14 00:00:00,S501169,C2428,86322.52,Card
COL800538,2026-07-03 00:00:00,S504714,C2261,240518.58,Bank Transfer
COL800539,2026-02-10 00:00:00,S501056,C2256,187020.17,Bank Transfer
COL800540,2026-07-01 00:00:00,S501882,C2431,91071.52,UPI
COL800541,2026-02-13 00:00:00,S500173,C2013,86346.13,UPI
COL800542,2026-07-29 00:00:00,S500220,C2146,185271.38,Cash
COL800543,2026-03-22 00:00:00,S502329,C2399,174868.75,UPI
COL800544,2026-07-19 00:00:00,S503580,C2161,142336.13,UPI
COL800545,2026-03-25 00:00:00,S500856,C2156,223886.63,Card
COL800546,2026-05-19 00:00:00,S504225,C2426,98754.22,Cheque
COL800547,2026-08-10 00:00:00,S500654,C2363,201520.31,Cheque
COL800548,2026-08-07 00:00:00,S503172,C2047,127936.84,UPI
COL800549,2026-08-19 00:00:00,S501984,C2395,216567.3,Cash
COL800550,2026-05-22 00:00:00,S501702,C2353,270056.45,Cash
COL800551,2026-06-19 00:00:00,S502675,C2086,446897.19,Cheque
COL800552,2026-07-26 00:00:00,S504389,C2263,115243.2,Bank Transfer
COL800553,2026-01-12 00:00:00,S501608,C2151,474810.77,Card
COL800554,2026-07-31 00:00:00,S503496,C2214,382993.53,UPI
COL800555,2026-01-17 00:00:00,S501625,C2431,148682.32,Card
COL800556,2026-08-20 00:00:00,S502431,C2091,68575.12,UPI
COL800557,2026-03-31 00:00:00,S500680,C2026,404831.94,UPI
COL800558,2026-07-25 00:00:00,S503017,C2164,219297.63,Cheque
COL800559,2026-01-25 00:00:00,S502623,C2376,150734.16,Card
COL800560,2026-01-26 00:00:00,S503941,C2228,352423.1,Card
COL800561,2026-06-24 00:00:00,S501248,C2021,132968.01,Bank Transfer
COL800562,2026-06-02 00:00:00,S500085,C2081,86981.42,Bank Transfer
COL800563,2026-08-05 00:00:00,S500326,C2099,310886.52,Card
COL800564,2026-03-01 00:00:00,S500384,C2157,107616.88,Bank Transfer
COL800565,2026-03-01 00:00:00,S500126,C2140,189246.19,Bank Transfer
COL800566,2026-01-27 00:00:00,S503123,C2211,33000.62,UPI
COL800567,2026-06-20 00:00:00,S500289,C2256,78066.84,Cheque
COL800568,2026-03-17 00:00:00,S503523,C2307,380389.7,UPI
COL800569,2026-01-20 00:00:00,S501262,C2078,79805.8,Bank Transfer
COL800570,2026-07-10 00:00:00,S501468,C2226,279251.02,UPI
COL800571,2026-07-27 00:00:00,S501987,C2298,404503.26,UPI
COL800572,2026-06-02 00:00:00,S500803,C2250,52411.16,Cash
COL800573,2026-06-04 00:00:00,S502802,C2415,43133.59,UPI
COL800574,2026-06-29 00:00:00,S503439,C2440,184691.82,UPI
COL800575,2026-03-23 00:00:00,S500396,C2303,33676.24,Cheque
COL800576,2026-01-10 00:00:00,S504397,C2135,477523.6,Card
COL800577,2026-08-31 00:00:00,S500013,C2018,68718.05,Cash
COL800578,2026-06-27 00:00:00,S503610,C2444,236550.73,Cash
COL800579,2026-01-30 00:00:00,S501279,C2254,16082.2,Cash
COL800580,2026-01-01 00:00:00,S503511,C2294,50094.4,Cash
COL800581,2026-02-23 00:00:00,S503362,C2366,19769.83,Cheque
COL800582,2026-01-04 00:00:00,S502404,C2019,361894.84,Card
COL800583,2026-08-03 00:00:00,S504184,C2186,26169.22,Cheque
COL800584,2026-05-15 00:00:00,S500831,C2264,201054.29,Cash
COL800585,2026-01-30 00:00:00,S503618,C2281,241238.82,Card
COL800586,2026-03-31 00:00:00,S500217,C2154,59192.29,Cheque
COL800587,2026-03-06 00:00:00,S504952,C2165,138418.06,Card
COL800588,2026-05-04 00:00:00,S500822,C2266,473923.81,Cheque
COL800589,2026-01-29 00:00:00,S502691,C2178,698392.8,Card
COL800590,2026-06-02 00:00:00,S503449,C2397,32308.79,Cheque
COL800591,2026-02-09 00:00:00,S500712,C2193,309146.84,Cash
COL800592,2026-01-26 00:00:00,S505194,C2405,7435.11,Cash
COL800593,2026-01-17 00:00:00,S502388,C2221,106997.84,Cash
COL800594,2026-06-08 00:00:00,S501947,C2237,173641.11,Cheque
COL800595,2026-07-08 00:00:00,S500356,C2238,56480.61,Card
COL800596,2026-01-08 00:00:00,S500658,C2426,33221.95,Card
COL800597,2026-03-10 00:00:00,S501369,C2137,41327.73,Bank Transfer
COL800598,2026-01-01 00:00:00,S500451,C2281,52887.93,UPI
COL800599,2026-03-20 00:00:00,S503621,C2428,137048.26,Cash
COL800600,2026-08-16 00:00:00,S503271,C2328,276919.61,Cash
COL800601,2026-03-12 00:00:00,S500554,C2413,13453.84,Cash
COL800602,2026-02-15 00:00:00,S504984,C2247,236539.86,Bank Transfer
COL800603,2026-04-18 00:00:00,S505155,C2013,363325.59,Bank Transfer
COL800604,2026-09-02 00:00:00,S504181,C2424,15113.06,Bank Transfer
COL800605,2026-08-07 00:00:00,S502814,C2393,81636.77,Cash
COL800606,2026-04-09 00:00:00,S502003,C2272,397367.47,Card
COL800607,2026-05-04 00:00:00,S504905,C2028,78875.2,Cash
COL800608,2026-08-07 00:00:00,S502093,C2168,327746.25,Bank Transfer
COL800609,2026-05-28 00:00:00,S505177,C2449,23053.82,Bank Transfer
COL800610,2026-07-29 00:00:00,S503422,C2230,209327.37,UPI
COL800611,2026-06-17 00:00:00,S504947,C2263,295710.96,Cheque
COL800612,2026-01-02 00:00:00,S500670,C2242,17570.81,UPI
COL800613,2026-08-10 00:00:00,S502970,C2422,540380.36,UPI
COL800614,2026-07-08 00:00:00,S501707,C2170,81220.67,Cash
COL800615,2026-08-18 00:00:00,S505090,C2290,44446.32,Cheque
COL800616,2026-08-10 00:00:00,S503963,C2214,164060.72,Cheque
COL800617,2026-03-12 00:00:00,S500505,C2192,232206.7,Cash
COL800618,2026-04-13 00:00:00,S502122,C2242,166257.85,Card
COL800619,2026-03-18 00:00:00,S504400,C2397,153424.17,Cash
COL800620,2026-04-07 00:00:00,S502550,C2064,234515.28,Card
COL800621,2026-08-20 00:00:00,S502187,C2025,144413.07,Card
COL800622,2026-01-30 00:00:00,S503808,C2344,54929.69,Cheque
COL800623,2026-01-30 00:00:00,S502990,C2080,119352.4,Cash
COL800624,2026-08-03 00:00:00,S505077,C2450,141195.82,Cash
COL800625,2026-06-22 00:00:00,S504871,C2331,426814.14,Cheque
COL800626,2026-01-24 00:00:00,S502033,C2070,78860.29,UPI
COL800627,2026-07-31 00:00:00,S500324,C2185,129727.57,Cash
COL800628,2026-08-08 00:00:00,S503231,C2136,161167.9,Bank Transfer
COL800629,2026-07-03 00:00:00,S500347,C2092,290336.43,Bank Transfer
COL800630,2026-07-30 00:00:00,S501135,C2333,37442.26,Cash
COL800631,2026-03-02 00:00:00,S505075,C2149,109611.78,Card
COL800632,2026-08-29 00:00:00,S503447,C2197,55744.99,Cheque
COL800633,2026-05-21 00:00:00,S505127,C2179,31931.53,Card
COL800634,2026-05-05 00:00:00,S504819,C2158,43580.67,Bank Transfer
COL800635,2026-03-21 00:00:00,S502944,C2149,124604.87,Bank Transfer
COL800636,2026-07-03 00:00:00,S503934,C2420,40186.91,Cheque
COL800637,2026-01-15 00:00:00,S502877,C2260,38494.53,Bank Transfer
COL800638,2026-01-11 00:00:00,S504253,C2393,14116.2,UPI
COL800639,2026-05-20 00:00:00,S503458,C2281,213687.82,Bank Transfer
COL800640,2026-03-27 00:00:00,S503520,C2232,105523.31,Card
COL800641,2026-03-30 00:00:00,S504656,C2358,47660.84,Card
COL800642,2026-01-03 00:00:00,S501152,C2005,70712.05,UPI
COL800643,2026-01-24 00:00:00,S502591,C2117,4515.12,Card
COL800644,2026-03-30 00:00:00,S503143,C2427,463434.23,Card
COL800645,2026-01-09 00:00:00,S502789,C2181,104524.67,Card
COL800646,2026-08-08 00:00:00,S504951,C2271,45962.62,Cash
COL800647,2026-02-15 00:00:00,S503508,C2378,150173.75,UPI
COL800648,2026-04-04 00:00:00,S500999,C2377,81663.66,UPI
COL800649,2026-03-12 00:00:00,S500282,C2309,357557.85,Bank Transfer
COL800650,2026-07-07 00:00:00,S502047,C2100,314195.97,UPI
COL800651,2026-05-19 00:00:00,S501676,C2027,23694.68,Cheque
COL800652,2026-01-10 00:00:00,S503810,C2346,481319.82,UPI
COL800653,2026-01-03 00:00:00,S501277,C2128,505633.4,Cheque
COL800654,2026-01-19 00:00:00,S503725,C2263,19122.55,Card
COL800655,2026-05-10 00:00:00,S504724,C2312,56160.19,Cheque
COL800656,2026-05-25 00:00:00,S501976,C2017,127331.77,Cash
COL800657,2026-08-09 00:00:00,S500609,C2084,198214.72,Card
COL800658,2026-05-10 00:00:00,S504907,C2247,55640.34,Cheque
COL800659,2026-06-30 00:00:00,S505023,C2342,102918.76,Card
COL800660,2026-05-24 00:00:00,S503685,C2305,458256.37,Cash
COL800661,2026-04-23 00:00:00,S502465,C2314,15250.94,Card
COL800662,2026-05-18 00:00:00,S502156,C2369,100576.73,Card
COL800663,2026-07-15 00:00:00,S503182,C2367,156719.03,UPI
COL800664,2026-02-12 00:00:00,S505007,C2198,92378.03,Bank Transfer
COL800665,2026-08-06 00:00:00,S501836,C2297,81903.69,Cheque
COL800666,2026-02-27 00:00:00,S504120,C2030,65098.31,Bank Transfer
COL800667,2026-04-23 00:00:00,S504721,C2448,22953.27,Cash
COL800668,2026-07-07 00:00:00,S501331,C2040,35905.8,Cash
COL800669,2026-05-02 00:00:00,S500974,C2325,38826.48,Card
COL800670,2026-06-01 00:00:00,S503706,C2206,73675.16,Bank Transfer
COL800671,2026-07-23 00:00:00,S501422,C2341,224714.01,Cheque
COL800672,2026-03-26 00:00:00,S502326,C2165,63830.33,Cheque
COL800673,2026-04-16 00:00:00,S504785,C2169,17761.39,Card
COL800674,2026-05-24 00:00:00,S502432,C2236,70874.58,Cheque
COL800675,2026-04-10 00:00:00,S503180,C2145,10502.88,UPI
COL800676,2026-04-09 00:00:00,S504807,C2428,25995.43,Bank Transfer
COL800677,2026-01-09 00:00:00,S501911,C2072,11404.7,Cash
COL800678,2026-01-06 00:00:00,S500797,C2120,212956.2,Cheque
COL800679,2026-04-18 00:00:00,S503406,C2416,22883.29,Cheque
COL800680,2026-07-12 00:00:00,S501454,C2353,97154.36,Cheque
COL800681,2026-07-25 00:00:00,S504750,C2132,137772.52,Card
COL800682,2026-06-01 00:00:00,S501494,C2010,480881.08,Cash
COL800683,2026-05-18 00:00:00,S502666,C2417,49404.37,Bank Transfer
COL800684,2026-03-23 00:00:00,S502429,C2350,90143.2,Cheque
COL800685,2026-08-25 00:00:00,S502168,C2135,164126.88,UPI
COL800686,2026-07-20 00:00:00,S501780,C2140,414193.23,Card
COL800687,2026-01-27 00:00:00,S504833,C2227,421556.7,Bank Transfer
COL800688,2026-04-29 00:00:00,S504368,C2206,130204.01,Cheque
COL800689,2026-07-30 00:00:00,S501656,C2055,125482.75,Bank Transfer
COL800690,2026-04-10 00:00:00,S500759,C2371,528690.42,Card
COL800691,2026-01-03 00:00:00,S502636,C2132,511048,UPI
COL800692,2026-02-07 00:00:00,S501994,C2337,1663.21,Cheque
COL800693,2026-07-20 00:00:00,S502468,C2027,332548.5,UPI
COL800694,2026-03-15 00:00:00,S501445,C2206,48352.04,Card
COL800695,2026-03-14 00:00:00,S502241,C2120,56905.91,UPI
COL800696,2026-01-17 00:00:00,S500968,C2061,125482.29,Card
COL800697,2026-04-16 00:00:00,S504465,C2288,418574.19,UPI
COL800698,2026-08-18 00:00:00,S501133,C2103,91589.94,Bank Transfer
COL800699,2026-02-17 00:00:00,S504753,C2436,57430.04,Bank Transfer
COL800700,2026-06-26 00:00:00,S502192,C2314,414660.31,Card
COL800701,2026-06-20 00:00:00,S500423,C2077,156376.45,Bank Transfer
COL800702,2026-03-25 00:00:00,S501538,C2080,56180.69,UPI
COL800703,2026-01-07 00:00:00,S501837,C2409,521288.13,UPI
COL800704,2026-07-15 00:00:00,S503267,C2067,123964.4,Cheque
COL800705,2026-05-06 00:00:00,S503584,C2023,66002.35,Card
COL800706,2026-07-21 00:00:00,S502586,C2353,14487.61,Bank Transfer
COL800707,2026-05-29 00:00:00,S503441,C2344,282654.78,Card
COL800708,2026-07-25 00:00:00,S502013,C2263,42932.86,Bank Transfer
COL800709,2026-06-02 00:00:00,S504111,C2296,39136.61,Cheque
COL800710,2026-03-22 00:00:00,S500127,C2176,2696.81,UPI
COL800711,2026-07-08 00:00:00,S501061,C2194,80296.28,UPI
COL800712,2026-06-05 00:00:00,S500441,C2255,64890.62,Cash
COL800713,2026-07-25 00:00:00,S504965,C2335,73566.9,Card
COL800714,2026-02-21 00:00:00,S504792,C2297,35993.91,Bank Transfer
COL800715,2026-09-04 00:00:00,S504063,C2144,49171.14,Cash
COL800716,2026-01-13 00:00:00,S502596,C2437,457714.51,Card
COL800717,2026-02-03 00:00:00,S500408,C2425,183434.38,Bank Transfer
COL800718,2026-05-07 00:00:00,S503597,C2434,220521.51,Cheque
COL800719,2026-04-15 00:00:00,S500206,C2294,77079.16,Card
COL800720,2026-07-14 00:00:00,S501097,C2276,179556.36,Bank Transfer
COL800721,2026-05-12 00:00:00,S503588,C2173,100449.51,UPI
COL800722,2026-02-13 00:00:00,S504298,C2273,175614.61,Card
COL800723,2026-05-06 00:00:00,S504215,C2031,186955.32,Bank Transfer
COL800724,2026-05-23 00:00:00,S504570,C2143,47858.15,UPI
COL800725,2026-07-31 00:00:00,S503880,C2126,18963.03,UPI
COL800726,2026-01-08 00:00:00,S504873,C2348,9995.28,Cash
COL800727,2026-04-24 00:00:00,S503830,C2422,123444.8,Bank Transfer
COL800728,2026-01-05 00:00:00,S502290,C2266,109584.88,Cash
COL800729,2026-07-13 00:00:00,S501276,C2234,108083.45,Cash
COL800730,2026-08-08 00:00:00,S503283,C2336,21136,Cheque
COL800731,2026-03-27 00:00:00,S504797,C2357,30950.16,Cash
COL800732,2026-03-14 00:00:00,S504800,C2439,430906.83,Cash
COL800733,2026-04-02 00:00:00,S500226,C2311,201467.02,Cheque
COL800734,2026-05-01 00:00:00,S500933,C2172,72149.79,Cheque
COL800735,2026-02-15 00:00:00,S504542,C2361,230024.67,Card
COL800736,2026-07-12 00:00:00,S503265,C2108,115518.74,Cash
COL800737,2026-04-26 00:00:00,S503432,C2041,148710.48,UPI
COL800738,2026-08-16 00:00:00,S502414,C2093,277444.87,Cheque
COL800739,2026-04-23 00:00:00,S501231,C2260,536372.04,Bank Transfer
COL800740,2026-08-22 00:00:00,S505098,C2419,174963.26,Card
COL800741,2026-03-07 00:00:00,S500645,C2093,27259.71,Card
COL800742,2026-08-18 00:00:00,S501356,C2343,102434.35,Cash
COL800743,2026-06-03 00:00:00,S500620,C2007,241840.68,UPI
COL800744,2026-01-31 00:00:00,S501408,C2373,194193.52,Cheque
COL800745,2026-02-20 00:00:00,S504923,C2137,378486.14,Bank Transfer
COL800746,2026-02-10 00:00:00,S501504,C2172,83816.07,Cash
COL800747,2026-02-20 00:00:00,S504949,C2328,60877.62,UPI
COL800748,2026-05-27 00:00:00,S503403,C2018,225948.53,Cash
COL800749,2026-04-05 00:00:00,S502096,C2104,133210.61,Cash
COL800750,2026-03-14 00:00:00,S500490,C2309,26672.63,Card
COL800751,2026-05-11 00:00:00,S504926,C2332,72554.73,Bank Transfer
COL800752,2026-02-07 00:00:00,S500474,C2015,419795.93,Bank Transfer
COL800753,2026-07-17 00:00:00,S501251,C2441,15667.93,Bank Transfer
COL800754,2026-08-29 00:00:00,S502679,C2010,225137.16,Bank Transfer
COL800755,2026-06-22 00:00:00,S502436,C2168,73673.54,Cheque
COL800756,2026-08-25 00:00:00,S504629,C2323,75203.41,Cheque
COL800757,2026-07-18 00:00:00,S502097,C2333,50590.49,Bank Transfer
COL800758,2026-02-10 00:00:00,S502746,C2336,253674.38,UPI
COL800759,2026-06-02 00:00:00,S500796,C2098,429542.03,Cheque
COL800760,2026-08-05 00:00:00,S501531,C2087,145225.03,Cheque
COL800761,2026-06-27 00:00:00,S500221,C2323,39551.81,UPI
COL800762,2026-05-09 00:00:00,S501280,C2095,95576.02,Bank Transfer
COL800763,2026-02-23 00:00:00,S504072,C2279,89598.76,Cash
COL800764,2026-03-27 00:00:00,S501227,C2390,80267.87,Cheque
COL800765,2026-07-31 00:00:00,S501140,C2305,145888.56,Cash
COL800766,2026-01-13 00:00:00,S503230,C2410,202523,Cash
COL800767,2026-02-09 00:00:00,S500106,C2378,220312.8,UPI
COL800768,2026-01-21 00:00:00,S503715,C2450,33554.89,Bank Transfer
COL800769,2026-08-03 00:00:00,S503707,C2310,50815.42,Cash
COL800770,2026-06-18 00:00:00,S501214,C2113,71114.15,Bank Transfer
COL800771,2026-07-08 00:00:00,S504599,C2168,110855.38,Card
COL800772,2026-06-10 00:00:00,S502048,C2129,29131.21,Bank Transfer
COL800773,2026-07-20 00:00:00,S504731,C2402,231499.63,UPI
COL800774,2026-01-29 00:00:00,S504275,C2101,110441.33,UPI
COL800775,2026-05-05 00:00:00,S501512,C2034,30705.98,Card
COL800776,2026-09-01 00:00:00,S500315,C2337,83757.48,UPI
COL800777,2026-07-02 00:00:00,S502873,C2204,248720.34,Bank Transfer
COL800778,2026-02-01 00:00:00,S503820,C2168,12239.39,Bank Transfer
COL800779,2026-01-11 00:00:00,S500312,C2166,115646.12,Bank Transfer
COL800780,2026-06-29 00:00:00,S500222,C2122,132603.86,UPI
COL800781,2026-02-05 00:00:00,S502799,C2120,339563.56,Bank Transfer
COL800782,2026-04-03 00:00:00,S503778,C2146,289749.21,Cheque
COL800783,2026-04-22 00:00:00,S501790,C2398,219523.74,Card
COL800784,2026-06-08 00:00:00,S500468,C2383,130414.11,Cheque
COL800785,2026-05-22 00:00:00,S501770,C2228,47422.7,Bank Transfer
COL800786,2026-07-10 00:00:00,S502074,C2423,36981,UPI
COL800787,2026-06-29 00:00:00,S502269,C2016,103425.41,Card
COL800788,2026-07-01 00:00:00,S500942,C2395,95392.97,Cheque
COL800789,2026-04-27 00:00:00,S502294,C2438,127964.53,Bank Transfer
COL800790,2026-02-19 00:00:00,S501925,C2111,34626.37,UPI
COL800791,2026-08-05 00:00:00,S504895,C2276,50639.72,Bank Transfer
COL800792,2026-05-03 00:00:00,S504619,C2138,214319.96,Cheque
COL800793,2026-07-01 00:00:00,S504141,C2145,338762.71,Cheque
COL800794,2026-08-06 00:00:00,S501084,C2380,31410.16,Card
COL800795,2026-08-02 00:00:00,S504178,C2352,358366.65,UPI
COL800796,2026-03-14 00:00:00,S500722,C2279,392296.57,Cash
COL800797,2026-04-07 00:00:00,S504791,C2005,187125.2,Bank Transfer
COL800798,2026-03-28 00:00:00,S503887,C2005,88880.28,UPI
COL800799,2026-08-15 00:00:00,S500415,C2026,136532.43,Cash
COL800800,2026-07-31 00:00:00,S502305,C2069,270984.82,UPI
COL800801,2026-04-07 00:00:00,S501451,C2411,63246.59,Bank Transfer
COL800802,2026-06-12 00:00:00,S503337,C2258,41952.97,Bank Transfer
COL800803,2026-04-20 00:00:00,S503691,C2058,33817.69,Card
COL800804,2026-06-07 00:00:00,S501436,C2070,299580,Cheque
COL800805,2026-04-20 00:00:00,S503209,C2068,87248.82,Cheque
COL800806,2026-02-24 00:00:00,S502415,C2353,322697.56,Cheque
COL800807,2026-04-04 00:00:00,S502395,C2188,389685.95,Card
COL800808,2026-08-02 00:00:00,S501500,C2278,15623.02,Cheque
COL800809,2026-04-19 00:00:00,S502608,C2216,17832.69,UPI
COL800810,2026-05-09 00:00:00,S503023,C2122,54204.61,Cheque
COL800811,2026-01-15 00:00:00,S500840,C2046,10583.77,Cheque
COL800812,2026-06-02 00:00:00,S504411,C2146,102656.05,Bank Transfer
COL800813,2026-01-20 00:00:00,S502138,C2369,110012.92,Card
COL800814,2026-07-18 00:00:00,S501612,C2401,52220.21,Card
COL800815,2026-05-24 00:00:00,S501121,C2216,326772.99,Cheque
COL800816,2026-02-21 00:00:00,S502249,C2219,29328.23,Cash
COL800817,2026-03-28 00:00:00,S505193,C2148,61876.99,Bank Transfer
COL800818,2026-08-01 00:00:00,S504815,C2142,219096.35,Cheque
COL800819,2026-03-06 00:00:00,S501962,C2417,1562.02,Cash
COL800820,2026-04-21 00:00:00,S503334,C2131,227291.96,UPI
COL800821,2026-03-25 00:00:00,S504185,C2415,39274.86,Bank Transfer
COL800822,2026-04-21 00:00:00,S500592,C2149,399789.88,Card
COL800823,2026-07-30 00:00:00,S502063,C2442,143518.07,Cash
COL800824,2026-03-11 00:00:00,S504578,C2095,5545.17,Cheque
COL800825,2026-08-18 00:00:00,S501798,C2382,423963.05,Cash
COL800826,2026-08-12 00:00:00,S502630,C2404,26630.66,Card
COL800827,2026-05-09 00:00:00,S504962,C2191,160332.66,UPI
COL800828,2026-04-04 00:00:00,S503119,C2407,48521.52,Cash
COL800829,2026-05-06 00:00:00,S502253,C2234,78419.72,Cheque
COL800830,2026-01-16 00:00:00,S504018,C2111,71401.07,Cash
COL800831,2026-06-04 00:00:00,S500954,C2284,400841.84,UPI
COL800832,2026-01-18 00:00:00,S501953,C2335,133337.19,Cash
COL800833,2026-03-18 00:00:00,S503147,C2231,34757.53,UPI
COL800834,2026-02-13 00:00:00,S501712,C2124,62265.28,UPI
COL800835,2026-02-19 00:00:00,S502978,C2344,76256.63,Bank Transfer
COL800836,2026-04-02 00:00:00,S500482,C2215,121905.2,Bank Transfer
COL800837,2026-07-21 00:00:00,S501835,C2219,20188.72,Cheque
COL800838,2026-01-14 00:00:00,S501719,C2040,228157.71,Cheque
COL800839,2026-02-21 00:00:00,S501764,C2425,29237.23,Cheque
COL800840,2026-04-03 00:00:00,S501530,C2046,407973.53,UPI
COL800841,2026-05-01 00:00:00,S503849,C2092,697475.32,UPI
COL800842,2026-07-22 00:00:00,S500559,C2408,185931.79,Bank Transfer
COL800843,2026-02-19 00:00:00,S504706,C2297,84412.91,UPI
COL800844,2026-05-03 00:00:00,S503991,C2146,89826.72,Bank Transfer
COL800845,2026-09-05 00:00:00,S503394,C2222,160060.96,Cash
COL800846,2026-08-07 00:00:00,S503126,C2411,707716,Cheque
COL800847,2026-08-24 00:00:00,S503013,C2282,69342.45,Cheque
COL800848,2026-01-17 00:00:00,S503738,C2307,164497.67,Card
COL800849,2026-05-04 00:00:00,S504705,C2189,179776.17,Bank Transfer
COL800850,2026-04-30 00:00:00,S503654,C2247,251490.8,Card
COL800851,2026-05-11 00:00:00,S501101,C2160,11718.21,Cheque
COL800852,2026-07-09 00:00:00,S504607,C2182,84739.14,Card
COL800853,2026-04-05 00:00:00,S503866,C2115,37591.61,Cash
COL800854,2026-05-29 00:00:00,S501116,C2203,307919.63,Card
COL800855,2026-02-02 00:00:00,S504649,C2018,64365.1,Cash
COL800856,2026-01-01 00:00:00,S500372,C2408,172639.04,Cheque
COL800857,2026-07-17 00:00:00,S503494,C2064,196146.28,UPI
COL800858,2026-04-25 00:00:00,S501654,C2346,349450.91,Bank Transfer
COL800859,2026-07-03 00:00:00,S502504,C2335,166644.58,Card
COL800860,2026-01-04 00:00:00,S501362,C2107,90593.59,Cash
COL800861,2026-05-30 00:00:00,S503030,C2372,63880.76,Cheque
COL800862,2026-07-24 00:00:00,S503207,C2083,227684.48,Cheque
COL800863,2026-07-05 00:00:00,S505139,C2157,86343.61,UPI
COL800864,2026-06-21 00:00:00,S503469,C2216,159785.99,Cheque
COL800865,2026-02-26 00:00:00,S504203,C2136,72778.39,Cheque
COL800866,2026-08-10 00:00:00,S500944,C2091,153142.21,UPI
COL800867,2026-06-17 00:00:00,S503923,C2244,327233.38,Cheque
COL800868,2026-09-01 00:00:00,S505018,C2012,133584.07,Cash
COL800869,2026-08-06 00:00:00,S501981,C2293,128916.12,Card
COL800870,2026-02-25 00:00:00,S501119,C2317,203866.97,Card
COL800871,2026-03-04 00:00:00,S502788,C2134,139187.1,Cash
COL800872,2026-04-13 00:00:00,S500253,C2365,287471.26,Card
COL800873,2026-04-27 00:00:00,S504115,C2038,345100.24,Cheque
COL800874,2026-06-16 00:00:00,S500950,C2328,213482.14,Card
COL800875,2026-01-07 00:00:00,S504924,C2277,158078.86,Card
COL800876,2026-05-22 00:00:00,S502765,C2196,228492.56,Cheque
COL800877,2026-05-05 00:00:00,S504759,C2120,11581.13,Card
COL800878,2026-03-31 00:00:00,S501266,C2140,1461.55,Cheque
COL800879,2026-05-26 00:00:00,S503443,C2333,121781.38,UPI
COL800880,2026-02-24 00:00:00,S500254,C2170,1405.02,UPI
COL800881,2026-04-25 00:00:00,S504201,C2294,12169.2,Card
COL800882,2026-07-03 00:00:00,S500814,C2162,77063.36,UPI
COL800883,2026-08-04 00:00:00,S502532,C2277,126091.01,Card
COL800884,2026-07-04 00:00:00,S504396,C2296,17681.23,UPI
COL800885,2026-05-03 00:00:00,S504657,C2025,190440.67,Card
COL800886,2026-04-26 00:00:00,S504167,C2318,9674.88,Bank Transfer
COL800887,2026-07-05 00:00:00,S503071,C2359,98118.58,Cash
COL800888,2026-04-25 00:00:00,S501751,C2415,422602.87,UPI
COL800889,2026-06-02 00:00:00,S500626,C2407,184171.56,Cheque
COL800890,2026-04-24 00:00:00,S504865,C2011,125273.08,Cash
COL800891,2026-04-06 00:00:00,S501971,C2384,179987.9,Card
COL800892,2026-07-17 00:00:00,S502899,C2079,135394.29,Cash
COL800893,2026-03-21 00:00:00,S503219,C2287,60577.1,Cheque
COL800894,2026-01-03 00:00:00,S503641,C2245,12922.22,Cheque
COL800895,2026-05-29 00:00:00,S502902,C2193,110380.1,Card
COL800896,2026-06-09 00:00:00,S502396,C2191,23283.02,UPI
COL800897,2026-05-10 00:00:00,S504584,C2203,9002.8,UPI
COL800898,2026-04-21 00:00:00,S501082,C2296,21082.43,Bank Transfer
COL800899,2026-01-20 00:00:00,S500454,C2044,118677.17,Cheque
COL800900,2026-07-22 00:00:00,S501924,C2273,289188.15,Bank Transfer
COL800901,2026-04-25 00:00:00,S502102,C2043,290933.74,Cheque
COL800902,2026-05-26 00:00:00,S504434,C2036,297425.27,Bank Transfer
COL800903,2026-07-01 00:00:00,S503451,C2276,151936.6,UPI
COL800904,2026-03-16 00:00:00,S500470,C2055,160545.42,Cheque
COL800905,2026-08-15 00:00:00,S500060,C2251,183172.21,UPI
COL800906,2026-02-05 00:00:00,S503215,C2302,5805.91,Cash
COL800907,2026-04-12 00:00:00,S504027,C2302,213771.66,UPI
COL800908,2026-03-17 00:00:00,S500679,C2156,56645.38,Cheque
COL800909,2026-03-02 00:00:00,S503944,C2309,141782.48,Cash
COL800910,2026-03-01 00:00:00,S502117,C2007,18444.81,Bank Transfer
COL800911,2026-08-11 00:00:00,S505035,C2162,13751.35,Card
COL800912,2026-04-27 00:00:00,S503096,C2053,135999.15,Cheque
COL800913,2026-02-05 00:00:00,S503153,C2035,19032.85,Card
COL800914,2026-08-10 00:00:00,S501938,C2036,67295.49,Card
COL800915,2026-06-21 00:00:00,S501750,C2073,216959.44,Cash
COL800916,2026-03-09 00:00:00,S501615,C2326,194072.63,Bank Transfer
COL800917,2026-07-13 00:00:00,S501157,C2121,94453.9,UPI
COL800918,2026-02-13 00:00:00,S500066,C2207,69660.66,Cash
COL800919,2026-03-18 00:00:00,S501488,C2306,10810.79,Bank Transfer
COL800920,2026-03-31 00:00:00,S503405,C2443,208794.51,UPI
COL800921,2026-01-29 00:00:00,S505108,C2019,249432.65,UPI
COL800922,2026-06-25 00:00:00,S504896,C2450,261272.98,Bank Transfer
COL800923,2026-06-13 00:00:00,S502002,C2342,415940.3,UPI
COL800924,2026-08-08 00:00:00,S502548,C2173,307783.46,Cheque
COL800925,2026-05-16 00:00:00,S500145,C2202,19529.16,Cheque
COL800926,2026-05-13 00:00:00,S501658,C2209,177205.94,Cash
COL800927,2026-04-06 00:00:00,S504228,C2038,201589.9,UPI
COL800928,2026-08-10 00:00:00,S504510,C2312,12286.62,UPI
COL800929,2026-07-25 00:00:00,S501800,C2275,304055.06,Bank Transfer
COL800930,2026-06-24 00:00:00,S504030,C2339,18969.33,Cheque
COL800931,2026-05-06 00:00:00,S502148,C2412,40128.58,Card
COL800932,2026-06-20 00:00:00,S500866,C2401,43606.52,Cash
COL800933,2026-05-18 00:00:00,S504810,C2010,161829.74,Cheque
COL800934,2026-01-10 00:00:00,S500588,C2008,81943.02,Bank Transfer
COL800935,2026-09-05 00:00:00,S500900,C2165,123478.57,Cash
COL800936,2026-05-14 00:00:00,S500403,C2252,54129.88,Card
COL800937,2026-01-16 00:00:00,S501175,C2447,86815.02,Cash
COL800938,2026-07-07 00:00:00,S503868,C2258,279009.3,Cheque
COL800939,2026-01-26 00:00:00,S502303,C2276,166201.88,Card
COL800940,2026-01-21 00:00:00,S502053,C2051,31856.3,Bank Transfer
COL800941,2026-04-10 00:00:00,S500405,C2256,47573.03,Cash
COL800942,2026-07-05 00:00:00,S502955,C2103,417788.81,Cheque
COL800943,2026-06-18 00:00:00,S500641,C2234,78457.06,Bank Transfer
COL800944,2026-04-16 00:00:00,S503313,C2214,23627.62,Card
COL800945,2026-01-30 00:00:00,S500767,C2410,34208.62,Cash
COL800946,2026-05-13 00:00:00,S503243,C2204,73044.54,UPI
COL800947,2026-05-18 00:00:00,S504237,C2186,20435.41,Cheque
COL800948,2026-08-28 00:00:00,S504531,C2437,40186.11,Cheque
COL800949,2026-04-05 00:00:00,S503055,C2441,30083.86,UPI
COL800950,2026-05-19 00:00:00,S504586,C2298,296896.74,Bank Transfer
COL800951,2026-08-18 00:00:00,S501921,C2132,53467.91,Cheque
COL800952,2026-07-10 00:00:00,S500740,C2129,132746.44,Bank Transfer
COL800953,2026-05-15 00:00:00,S500660,C2197,286664.28,Card
COL800954,2026-07-06 00:00:00,S505095,C2158,317830.91,UPI
COL800955,2026-05-20 00:00:00,S503726,C2271,314824.25,Bank Transfer
COL800956,2026-03-05 00:00:00,S500224,C2343,70161.3,Card
COL800957,2026-05-03 00:00:00,S502886,C2272,71823.23,Cash
COL800958,2026-08-25 00:00:00,S501745,C2136,113028.76,Cheque
COL800959,2026-04-23 00:00:00,S504812,C2252,135107.03,UPI
COL800960,2026-02-10 00:00:00,S500064,C2390,74971.26,Cash
COL800961,2026-07-07 00:00:00,S504471,C2189,190884.33,Cash
COL800962,2026-07-19 00:00:00,S502892,C2442,207808.78,Cash
COL800963,2026-01-28 00:00:00,S500015,C2013,115914.06,Bank Transfer
COL800964,2026-05-03 00:00:00,S500469,C2243,227398.84,Cheque
COL800965,2026-03-21 00:00:00,S502020,C2112,327428.87,UPI
COL800966,2026-07-10 00:00:00,S501912,C2069,307116.28,Cheque
COL800967,2026-09-02 00:00:00,S503307,C2072,339731.99,Cheque
COL800968,2026-01-03 00:00:00,S501901,C2128,2732.32,Cheque
COL800969,2026-04-11 00:00:00,S504996,C2113,60725.85,Card
COL800970,2026-02-01 00:00:00,S500464,C2135,145411.59,Card
COL800971,2026-01-21 00:00:00,S503290,C2152,601891.74,Card
COL800972,2026-05-01 00:00:00,S501034,C2026,60372.99,Card
COL800973,2026-02-24 00:00:00,S503503,C2207,275934.13,Cheque
COL800974,2026-08-25 00:00:00,S505067,C2125,546383.51,Cheque
COL800975,2026-01-18 00:00:00,S505064,C2071,67124.77,UPI
COL800976,2026-02-22 00:00:00,S501664,C2430,157378.65,UPI
COL800977,2026-04-22 00:00:00,S500897,C2441,366851.3,UPI
COL800978,2026-05-01 00:00:00,S504174,C2290,170875.14,UPI
COL800979,2026-04-20 00:00:00,S504746,C2083,76884.04,UPI
COL800980,2026-03-16 00:00:00,S500880,C2353,135460.97,Card
COL800981,2026-03-02 00:00:00,S501037,C2029,264956.47,Cheque
COL800982,2026-06-27 00:00:00,S502017,C2207,35646.91,UPI
COL800983,2026-01-08 00:00:00,S501252,C2386,195341.33,Bank Transfer
COL800984,2026-01-12 00:00:00,S504589,C2084,32726.84,UPI
COL800985,2026-06-28 00:00:00,S500418,C2186,382366.93,UPI
COL800986,2026-09-01 00:00:00,S505151,C2023,6971.46,Cheque
COL800987,2026-07-13 00:00:00,S500004,C2413,234631.62,Card
COL800988,2026-02-10 00:00:00,S501954,C2441,328782.14,Cash
COL800989,2026-05-30 00:00:00,S505143,C2330,90638.82,Cheque
COL800990,2026-05-07 00:00:00,S501407,C2306,17992.85,Card
COL800991,2026-05-17 00:00:00,S500531,C2424,12237.68,Bank Transfer
COL800992,2026-03-19 00:00:00,S500425,C2208,40311.53,Cash
COL800993,2026-07-26 00:00:00,S502999,C2061,24413.46,Card
COL800994,2026-05-19 00:00:00,S503142,C2202,69770.08,Card
COL800995,2026-05-21 00:00:00,S500258,C2072,152185.83,Cheque
COL800996,2026-07-03 00:00:00,S503058,C2227,60313.23,Card
COL800997,2026-06-05 00:00:00,S504045,C2171,47921.67,UPI
COL800998,2026-03-30 00:00:00,S503446,C2183,218839.93,Card
COL800999,2026-03-05 00:00:00,S501255,C2251,413691.9,Cash
COL801000,2026-08-17 00:00:00,S502291,C2329,106607.77,Card
COL801001,2026-03-05 00:00:00,S502527,C2282,14798.43,Bank Transfer
COL801002,2026-03-11 00:00:00,S504291,C2167,27745.77,UPI
COL801003,2026-02-24 00:00:00,S500571,C2236,111446.02,Cash
COL801004,2026-02-06 00:00:00,S504210,C2046,25919.73,Cash
COL801005,2026-06-10 00:00:00,S502522,C2337,52718.58,Cheque
COL801006,2026-01-25 00:00:00,S501314,C2306,124907.62,Cheque
COL801007,2026-04-24 00:00:00,S503990,C2342,395397.47,UPI
COL801008,2026-01-23 00:00:00,S502711,C2252,24211.51,Cash
COL801009,2026-07-07 00:00:00,S502805,C2398,110055.78,Bank Transfer
COL801010,2026-07-03 00:00:00,S502540,C2416,22877.43,Card
COL801011,2026-07-10 00:00:00,S500263,C2218,253589.64,Card
COL801012,2026-05-16 00:00:00,S503225,C2245,193792.1,Card
COL801013,2026-01-17 00:00:00,S501068,C2211,88599.15,Cheque
COL801014,2026-04-05 00:00:00,S500471,C2141,405496.82,Cash
COL801015,2026-03-31 00:00:00,S501699,C2162,20834.62,Cash
COL801016,2026-09-04 00:00:00,S501521,C2119,29830.89,Bank Transfer
COL801017,2026-07-04 00:00:00,S502202,C2209,113841.66,Cheque
COL801018,2026-03-16 00:00:00,S504870,C2235,315848.33,Bank Transfer
COL801019,2026-03-03 00:00:00,S502317,C2405,124316,Cash
COL801020,2026-08-10 00:00:00,S504617,C2240,234004.58,Card
COL801021,2026-01-11 00:00:00,S501845,C2195,123892.8,Cheque
COL801022,2026-07-14 00:00:00,S502904,C2106,258357.76,Cheque
COL801023,2026-06-17 00:00:00,S503950,C2359,10921.86,Cheque
COL801024,2026-06-17 00:00:00,S504744,C2341,50283.07,Card
COL801025,2026-05-01 00:00:00,S504558,C2249,172666,Cheque
COL801026,2026-02-25 00:00:00,S501786,C2074,277458.98,UPI
COL801027,2026-02-22 00:00:00,S500184,C2253,72398.04,Cheque
COL801028,2026-03-26 00:00:00,S504337,C2041,38838.65,Card
COL801029,2026-08-15 00:00:00,S501558,C2432,39369.44,Cheque
COL801030,2026-01-28 00:00:00,S504689,C2241,260158.71,UPI
COL801031,2026-03-27 00:00:00,S503159,C2280,145479.99,UPI
COL801032,2026-06-19 00:00:00,S500014,C2165,196635.37,Cheque
COL801033,2026-04-25 00:00:00,S501318,C2264,87987.52,Cash
COL801034,2026-02-15 00:00:00,S501663,C2407,96779.64,Cash
COL801035,2026-01-18 00:00:00,S500303,C2024,13230.29,Bank Transfer
COL801036,2026-01-23 00:00:00,S503021,C2076,156924.49,UPI
COL801037,2026-06-03 00:00:00,S504403,C2241,158993.62,Cash
COL801038,2026-04-09 00:00:00,S503857,C2387,38186.22,Bank Transfer
COL801039,2026-01-29 00:00:00,S501593,C2116,28005.02,Cash
COL801040,2026-02-21 00:00:00,S503782,C2408,345318.82,Cheque
COL801041,2026-04-20 00:00:00,S504770,C2246,124479.19,UPI
COL801042,2026-07-22 00:00:00,S502610,C2426,5864.5,Cash
COL801043,2026-04-16 00:00:00,S504211,C2236,390595.58,Cheque
COL801044,2026-09-05 00:00:00,S503639,C2085,449155.34,Bank Transfer
COL801045,2026-02-15 00:00:00,S502794,C2113,285032.11,Cheque
COL801046,2026-01-01 00:00:00,S503915,C2043,363290.09,Bank Transfer
COL801047,2026-07-10 00:00:00,S501667,C2174,31672.37,Cash
COL801048,2026-05-24 00:00:00,S504525,C2244,290289.7,Card
COL801049,2026-01-25 00:00:00,S502670,C2052,332566.04,Cheque
COL801050,2026-03-03 00:00:00,S501917,C2334,125991.39,Card
COL801051,2026-08-18 00:00:00,S504682,C2436,119663.56,UPI
COL801052,2026-03-23 00:00:00,S503007,C2180,248128.8,Card
COL801053,2026-03-21 00:00:00,S500268,C2219,124896.64,UPI
COL801054,2026-07-30 00:00:00,S504680,C2213,334268.61,Cash
COL801055,2026-05-24 00:00:00,S500007,C2080,313404.27,Cash
COL801056,2026-07-16 00:00:00,S501044,C2419,519382.3,Cheque
COL801057,2026-04-01 00:00:00,S500500,C2018,46352.69,Card
COL801058,2026-08-24 00:00:00,S501700,C2042,230753.4,UPI
COL801059,2026-07-17 00:00:00,S504776,C2241,393180.81,UPI
COL801060,2026-05-01 00:00:00,S503913,C2124,94120.38,Card
COL801061,2026-06-11 00:00:00,S502653,C2431,218558.88,Cash
COL801062,2026-07-27 00:00:00,S500048,C2058,374943.96,Cash
COL801063,2026-02-22 00:00:00,S500867,C2438,14628.94,UPI
COL801064,2026-05-31 00:00:00,S502318,C2168,59558.32,Cheque
COL801065,2026-06-20 00:00:00,S504555,C2130,564071.53,Cash
COL801066,2026-02-13 00:00:00,S500560,C2125,102796.56,Bank Transfer
COL801067,2026-02-01 00:00:00,S502133,C2359,329899.44,UPI
COL801068,2026-08-23 00:00:00,S502949,C2119,107048.1,Card
COL801069,2026-01-23 00:00:00,S500702,C2102,131652.8,Card
COL801070,2026-05-28 00:00:00,S501979,C2068,36190.01,UPI
COL801071,2026-01-19 00:00:00,S500036,C2401,107608.39,UPI
COL801072,2026-08-09 00:00:00,S501281,C2337,165239.04,Cash
COL801073,2026-07-19 00:00:00,S500050,C2034,235813.97,UPI
COL801074,2026-01-29 00:00:00,S500009,C2390,54357.89,UPI
COL801075,2026-05-26 00:00:00,S501811,C2112,109402.64,Bank Transfer
COL801076,2026-03-10 00:00:00,S503732,C2250,364028.9,Card
COL801077,2026-05-20 00:00:00,S502236,C2168,224022.24,Cash
COL801078,2026-01-10 00:00:00,S504334,C2342,363377.81,Cheque
COL801079,2026-04-21 00:00:00,S501792,C2206,228468.37,Cash
COL801080,2026-02-06 00:00:00,S500745,C2072,224365.92,Card
COL801081,2026-03-22 00:00:00,S500162,C2144,92141.97,Cheque
COL801082,2026-04-06 00:00:00,S500026,C2266,332376.34,UPI
COL801083,2026-02-24 00:00:00,S502607,C2233,203183.66,Bank Transfer
COL801084,2026-05-12 00:00:00,S500877,C2300,111213.87,Bank Transfer
COL801085,2026-08-11 00:00:00,S500632,C2349,110307.67,Card
COL801086,2026-05-08 00:00:00,S501426,C2397,222600.78,Card
COL801087,2026-03-04 00:00:00,S501330,C2343,322526.42,Bank Transfer
COL801088,2026-08-06 00:00:00,S503086,C2396,85429.14,Cheque
COL801089,2026-01-12 00:00:00,S504668,C2399,446049.64,Cheque
COL801090,2026-05-26 00:00:00,S501732,C2389,381293.2,Cash
COL801091,2026-01-08 00:00:00,S501320,C2008,52902.73,UPI
COL801092,2026-02-01 00:00:00,S501741,C2218,71494.36,Cheque
COL801093,2026-07-31 00:00:00,S504537,C2273,5716.75,UPI
COL801094,2026-02-18 00:00:00,S500443,C2239,579508.65,Card
COL801095,2026-04-14 00:00:00,S504488,C2354,253010.87,Cheque
COL801096,2026-07-10 00:00:00,S501769,C2260,327230.51,Cheque
COL801097,2026-07-24 00:00:00,S502301,C2296,34530.67,Cheque
COL801098,2026-07-06 00:00:00,S501744,C2432,363370.62,Cash
COL801099,2026-03-28 00:00:00,S502737,C2255,13617.64,Card
COL801100,2026-07-14 00:00:00,S503531,C2405,136838.98,Bank Transfer
COL801101,2026-04-09 00:00:00,S504267,C2432,46026.1,Cash
COL801102,2026-06-16 00:00:00,S502672,C2395,341303.91,Cash
COL801103,2026-02-19 00:00:00,S500124,C2059,106030.72,Cheque
COL801104,2026-08-01 00:00:00,S501931,C2357,89666.6,Cash
COL801105,2026-07-18 00:00:00,S504223,C2045,84554.66,Bank Transfer
COL801106,2026-09-03 00:00:00,S500663,C2220,193545.97,Cash
COL801107,2026-06-03 00:00:00,S502577,C2376,101140.06,Cash
COL801108,2026-05-31 00:00:00,S500752,C2253,163217.8,Cheque
COL801109,2026-04-06 00:00:00,S502723,C2236,131294.54,Card
COL801110,2026-03-04 00:00:00,S503474,C2374,518709.25,Bank Transfer
COL801111,2026-07-13 00:00:00,S505185,C2056,230416.4,Cheque
COL801112,2026-06-16 00:00:00,S500905,C2222,58419.75,Cash
COL801113,2026-03-07 00:00:00,S502109,C2049,82520.23,Bank Transfer
COL801114,2026-04-13 00:00:00,S502298,C2199,9879.13,UPI
COL801115,2026-02-15 00:00:00,S503943,C2350,62606.78,Cash
COL801116,2026-05-23 00:00:00,S502288,C2023,93314.12,Card
COL801117,2026-01-16 00:00:00,S502159,C2309,73550.01,Cash
COL801118,2026-04-30 00:00:00,S504469,C2193,58945,Card
COL801119,2026-03-31 00:00:00,S501562,C2255,106387.82,UPI
COL801120,2026-03-13 00:00:00,S501360,C2379,12559.85,Cheque
COL801121,2026-01-16 00:00:00,S503369,C2049,109505.05,Cheque
COL801122,2026-03-26 00:00:00,S501816,C2168,183904.87,Cheque
COL801123,2026-02-08 00:00:00,S501581,C2243,7402.27,Bank Transfer
COL801124,2026-05-19 00:00:00,S504490,C2407,33179.96,Card
COL801125,2026-08-04 00:00:00,S501167,C2265,469710.08,Cash
COL801126,2026-02-05 00:00:00,S501679,C2060,37182.99,Bank Transfer
COL801127,2026-01-18 00:00:00,S502050,C2181,36833.76,Bank Transfer
COL801128,2026-05-31 00:00:00,S500597,C2433,360828.34,Cash
COL801129,2026-03-18 00:00:00,S500148,C2356,42687.08,UPI
COL801130,2026-02-18 00:00:00,S504904,C2183,18519.01,Cheque
COL801131,2026-08-24 00:00:00,S501073,C2103,363542.05,UPI
COL801132,2026-08-30 00:00:00,S504060,C2051,186397.45,UPI
COL801133,2026-06-19 00:00:00,S502111,C2155,221731.99,Cheque
COL801134,2026-04-13 00:00:00,S503000,C2396,150705.49,UPI
COL801135,2026-08-24 00:00:00,S500786,C2111,136503.48,Bank Transfer
COL801136,2026-02-13 00:00:00,S503295,C2126,171157.57,Cash
COL801137,2026-04-19 00:00:00,S501831,C2011,86081.54,Bank Transfer
COL801138,2026-05-09 00:00:00,S501324,C2236,148132.06,Bank Transfer
COL801139,2026-01-07 00:00:00,S502089,C2106,95560.44,Card
COL801140,2026-02-17 00:00:00,S502564,C2419,66751.63,Cheque
COL801141,2026-04-22 00:00:00,S502790,C2404,133145.82,Cheque
COL801142,2026-08-01 00:00:00,S500472,C2440,58527.08,Bank Transfer
COL801143,2026-05-24 00:00:00,S501461,C2051,471569.22,Cheque
COL801144,2026-02-17 00:00:00,S500553,C2262,14632.22,Card
COL801145,2026-07-25 00:00:00,S502680,C2152,23184,Cash
COL801146,2026-06-20 00:00:00,S505103,C2265,138449.88,UPI
COL801147,2026-02-20 00:00:00,S500075,C2352,218342.46,Cheque
COL801148,2026-04-17 00:00:00,S504456,C2410,62951.88,Bank Transfer
COL801149,2026-03-07 00:00:00,S505153,C2441,49147.59,Cheque
COL801150,2026-01-31 00:00:00,S503366,C2074,123688.22,Bank Transfer
COL801151,2026-02-08 00:00:00,S502211,C2438,47214.41,UPI
COL801152,2026-01-09 00:00:00,S501534,C2399,418583.72,Cheque
COL801153,2026-02-10 00:00:00,S501936,C2010,203550.34,UPI
COL801154,2026-03-04 00:00:00,S503535,C2242,573867.73,Bank Transfer
COL801155,2026-01-14 00:00:00,S504507,C2362,60677.38,Card
COL801156,2026-02-27 00:00:00,S503300,C2389,144126.69,Card
COL801157,2026-07-21 00:00:00,S503955,C2228,371689.1,Cash
COL801158,2026-08-28 00:00:00,S500065,C2180,344654.13,Bank Transfer
COL801159,2026-03-29 00:00:00,S503398,C2121,14198.41,Bank Transfer
COL801160,2026-08-30 00:00:00,S500519,C2164,136899.17,Bank Transfer
COL801161,2026-04-07 00:00:00,S501854,C2155,38773.19,Card
COL801162,2026-09-05 00:00:00,S503997,C2345,234403.9,Card
COL801163,2026-04-08 00:00:00,S501546,C2265,239698.03,Card
COL801164,2026-07-31 00:00:00,S504502,C2165,391372.26,Cheque
COL801165,2026-07-11 00:00:00,S502946,C2130,31697.5,Cheque
COL801166,2026-06-05 00:00:00,S504543,C2104,19090.64,Card
COL801167,2026-05-12 00:00:00,S503064,C2041,326016.36,UPI
COL801168,2026-06-11 00:00:00,S500564,C2178,304689.59,Cheque
COL801169,2026-05-12 00:00:00,S503543,C2155,320852.17,Cheque
COL801170,2026-09-04 00:00:00,S502699,C2281,66313.55,Cheque
COL801171,2026-03-11 00:00:00,S505198,C2312,52269,Cheque
COL801172,2026-07-05 00:00:00,S501446,C2145,180567.48,Cash
COL801173,2026-03-27 00:00:00,S503524,C2047,232990.42,Cheque
COL801174,2026-01-04 00:00:00,S500429,C2438,90434.57,UPI
COL801175,2026-02-19 00:00:00,S502242,C2444,250935.09,Cash
COL801176,2026-01-05 00:00:00,S502830,C2340,324719,Cheque
COL801177,2026-03-16 00:00:00,S502626,C2108,685543.86,Bank Transfer
COL801178,2026-02-14 00:00:00,S500097,C2293,252825.27,Cash
COL801179,2026-06-12 00:00:00,S502302,C2356,75204.5,Cheque
COL801180,2026-07-30 00:00:00,S503906,C2443,28016.32,UPI
COL801181,2026-09-01 00:00:00,S500839,C2210,48036.21,Card
COL801182,2026-07-22 00:00:00,S502657,C2410,81230.29,Cheque
COL801183,2026-07-22 00:00:00,S504786,C2298,128226.61,Bank Transfer
COL801184,2026-04-27 00:00:00,S504690,C2115,30304.08,UPI
COL801185,2026-01-27 00:00:00,S504757,C2051,42321.32,Cash
COL801186,2026-05-10 00:00:00,S504088,C2208,46701.75,UPI
COL801187,2026-07-01 00:00:00,S501028,C2428,101773.15,Cheque
COL801188,2026-08-27 00:00:00,S504850,C2240,154500.17,Bank Transfer
COL801189,2026-04-28 00:00:00,S502592,C2280,40225.03,UPI
COL801190,2026-07-19 00:00:00,S505021,C2220,489656.13,UPI
COL801191,2026-08-14 00:00:00,S504209,C2220,107808.85,Card
COL801192,2026-04-14 00:00:00,S504779,C2275,196270.23,Card
COL801193,2026-09-05 00:00:00,S500180,C2092,356729.88,Cheque
COL801194,2026-07-31 00:00:00,S500218,C2141,79491.41,Cash
COL801195,2026-08-03 00:00:00,S504050,C2376,13854.33,Cash
COL801196,2026-07-26 00:00:00,S503617,C2065,430294.21,Bank Transfer
COL801197,2026-06-25 00:00:00,S503298,C2418,297955.01,Cheque
COL801198,2026-07-24 00:00:00,S504986,C2029,415296.16,Cash
COL801199,2026-09-04 00:00:00,S504590,C2059,224410.52,UPI
COL801200,2026-08-11 00:00:00,S501389,C2392,125174.56,Cheque
COL801201,2026-02-18 00:00:00,S503203,C2159,281020.28,UPI
COL801202,2026-04-20 00:00:00,S502175,C2094,20722.48,Bank Transfer
COL801203,2026-03-19 00:00:00,S503292,C2290,335256.29,Cheque
COL801204,2026-01-01 00:00:00,S504113,C2134,235243.34,Bank Transfer
COL801205,2026-04-30 00:00:00,S504057,C2154,61930.18,Card
COL801206,2026-08-07 00:00:00,S500170,C2061,437783.33,Bank Transfer
COL801207,2026-06-10 00:00:00,S501578,C2005,52998.45,Card
COL801208,2026-02-04 00:00:00,S504718,C2036,213718.52,Cheque
COL801209,2026-07-01 00:00:00,S503488,C2383,29116.36,UPI
COL801210,2026-02-25 00:00:00,S503865,C2154,10039.24,UPI
COL801211,2026-05-23 00:00:00,S503564,C2436,243444.43,UPI
COL801212,2026-07-16 00:00:00,S504654,C2080,125956.87,Bank Transfer
COL801213,2026-08-17 00:00:00,S500535,C2257,72215.2,Cheque
COL801214,2026-01-04 00:00:00,S503608,C2227,88123.12,Cheque
COL801215,2026-04-20 00:00:00,S503122,C2308,45786.02,Card
COL801216,2026-03-25 00:00:00,S501867,C2159,305261.54,Cheque
COL801217,2026-07-11 00:00:00,S502105,C2210,122935.39,UPI
COL801218,2026-08-19 00:00:00,S502850,C2132,324201.67,Cheque
COL801219,2026-01-22 00:00:00,S504519,C2169,283604.07,Card
COL801220,2026-01-24 00:00:00,S501234,C2196,17874.2,Cheque
COL801221,2026-06-24 00:00:00,S503545,C2023,249573.61,Cheque
COL801222,2026-03-16 00:00:00,S500092,C2054,81125.95,UPI
COL801223,2026-04-20 00:00:00,S504454,C2178,125261.16,Cheque
COL801224,2026-05-14 00:00:00,S500448,C2045,26482.83,Bank Transfer
COL801225,2026-06-04 00:00:00,S503228,C2094,443479.78,Card
COL801226,2026-05-18 00:00:00,S503043,C2108,400909.38,Card
COL801227,2026-06-16 00:00:00,S500993,C2047,28951.36,Card
COL801228,2026-07-21 00:00:00,S503886,C2247,146243.05,Cheque
COL801229,2026-04-20 00:00:00,S503527,C2095,231906.51,Bank Transfer
COL801230,2026-03-31 00:00:00,S500033,C2413,189293.64,Card
COL801231,2026-02-06 00:00:00,S504335,C2338,488569.02,Cash
COL801232,2026-02-23 00:00:00,S502958,C2037,61374.79,UPI
COL801233,2026-08-13 00:00:00,S504934,C2155,21221.27,Cash
COL801234,2026-02-20 00:00:00,S504795,C2360,39045.61,Cash
COL801235,2026-03-01 00:00:00,S501941,C2044,92371.3,Card
COL801236,2026-03-13 00:00:00,S505121,C2271,21387.39,Cash
COL801237,2026-05-08 00:00:00,S503768,C2122,22108.47,Cash
COL801238,2026-02-20 00:00:00,S504259,C2098,105087.51,Bank Transfer
COL801239,2026-03-03 00:00:00,S500608,C2053,37591.16,UPI
COL801240,2026-02-18 00:00:00,S504707,C2014,215501.16,Cheque
COL801241,2026-06-28 00:00:00,S502903,C2005,81877.87,Card
COL801242,2026-01-28 00:00:00,S502057,C2383,157921.46,Card
COL801243,2026-08-28 00:00:00,S500718,C2282,123468.83,Cash
COL801244,2026-06-13 00:00:00,S505148,C2379,343009.45,Cheque
COL801245,2026-08-20 00:00:00,S501378,C2271,650046.61,Cheque
COL801246,2026-06-02 00:00:00,S503171,C2175,195801.99,Cheque
COL801247,2026-06-13 00:00:00,S500687,C2049,12163.52,Card
COL801248,2026-03-18 00:00:00,S501106,C2214,93207.72,Card
COL801249,2026-07-07 00:00:00,S502736,C2126,11598.94,Bank Transfer
COL801250,2026-01-07 00:00:00,S502297,C2238,26626.16,Card
COL801251,2026-03-06 00:00:00,S501485,C2020,91229.19,Card
COL801252,2026-07-20 00:00:00,S501796,C2370,132400.24,Bank Transfer
COL801253,2026-05-03 00:00:00,S502215,C2006,110078.57,Card
COL801254,2026-08-08 00:00:00,S501850,C2276,69874.81,Cash
COL801255,2026-02-05 00:00:00,S505089,C2404,97197.04,Cash
COL801256,2026-08-26 00:00:00,S502134,C2249,69031.73,Bank Transfer
COL801257,2026-08-10 00:00:00,S502323,C2366,79337.72,Bank Transfer
COL801258,2026-03-14 00:00:00,S502913,C2320,105715.45,Cash
COL801259,2026-01-30 00:00:00,S504921,C2420,14693.49,Cheque
COL801260,2026-08-15 00:00:00,S502959,C2008,159268.54,Card
COL801261,2026-02-16 00:00:00,S502413,C2005,363589.51,UPI
COL801262,2026-04-01 00:00:00,S504623,C2031,14882.4,UPI
COL801263,2026-01-29 00:00:00,S503946,C2038,46627.38,Bank Transfer
COL801264,2026-01-05 00:00:00,S500585,C2037,80868.01,UPI
COL801265,2026-03-06 00:00:00,S503034,C2056,283905.56,Cheque
COL801266,2026-08-23 00:00:00,S504890,C2194,382850.93,UPI
COL801267,2026-04-25 00:00:00,S502327,C2366,31016.55,Cash
COL801268,2026-07-16 00:00:00,S501260,C2048,176808.37,Bank Transfer
COL801269,2026-03-04 00:00:00,S500421,C2379,45408.35,UPI
COL801270,2026-09-03 00:00:00,S504129,C2341,153333.7,Card
COL801271,2026-04-03 00:00:00,S501102,C2240,412200.59,Bank Transfer
COL801272,2026-07-03 00:00:00,S504559,C2240,104152.06,Cheque
COL801273,2026-01-17 00:00:00,S502617,C2339,237166.39,Cash
COL801274,2026-05-07 00:00:00,S500219,C2314,253348.27,UPI
COL801275,2026-02-20 00:00:00,S504156,C2255,51096.4,Cash
COL801276,2026-04-23 00:00:00,S502503,C2389,137771.37,Cheque
COL801277,2026-02-06 00:00:00,S504671,C2373,7222.41,UPI
COL801278,2026-03-29 00:00:00,S500073,C2256,220054.32,Bank Transfer
COL801279,2026-04-26 00:00:00,S502492,C2141,194520.87,Bank Transfer
COL801280,2026-05-05 00:00:00,S500167,C2139,334546.89,Card
COL801281,2026-08-07 00:00:00,S501375,C2433,163434.59,Cheque
COL801282,2026-05-17 00:00:00,S502890,C2435,149830.73,UPI
COL801283,2026-09-03 00:00:00,S502514,C2344,23482.62,Cash
COL801284,2026-02-07 00:00:00,S503114,C2212,46176.42,Cash
COL801285,2026-02-22 00:00:00,S504422,C2103,54159.5,UPI
COL801286,2026-05-21 00:00:00,S505093,C2265,380562.03,Cheque
COL801287,2026-03-31 00:00:00,S504889,C2228,183763.27,Cheque
COL801288,2026-02-22 00:00:00,S504019,C2232,54953.53,Cash
COL801289,2026-07-22 00:00:00,S501609,C2326,73177.3,UPI
COL801290,2026-04-29 00:00:00,S502372,C2058,287873.99,UPI
COL801291,2026-08-04 00:00:00,S504665,C2270,287659.58,Cash
COL801292,2026-04-29 00:00:00,S504745,C2387,31510.94,UPI
COL801293,2026-08-13 00:00:00,S500725,C2328,95147.41,UPI
COL801294,2026-02-18 00:00:00,S504135,C2180,163936.97,Bank Transfer
COL801295,2026-05-02 00:00:00,S504541,C2437,269587.29,Bank Transfer
COL801296,2026-03-11 00:00:00,S502066,C2187,332425.32,Card
COL801297,2026-06-12 00:00:00,S505015,C2109,103613.75,Card
COL801298,2026-01-16 00:00:00,S504946,C2105,138849.01,Cheque
COL801299,2026-01-13 00:00:00,S502692,C2357,253157.47,Bank Transfer
COL801300,2026-08-24 00:00:00,S503720,C2401,103212.81,Bank Transfer
COL801301,2026-05-01 00:00:00,S504173,C2430,66942.21,Bank Transfer
COL801302,2026-05-19 00:00:00,S503237,C2290,96905.27,Bank Transfer
COL801303,2026-03-28 00:00:00,S501652,C2368,671047.84,Cheque
COL801304,2026-05-10 00:00:00,S501313,C2384,373012.7,Cash
COL801305,2026-04-04 00:00:00,S502173,C2258,32758.46,Cheque
COL801306,2026-01-19 00:00:00,S504430,C2412,23398.91,Cash
COL801307,2026-04-14 00:00:00,S500754,C2060,250372.7,Card
COL801308,2026-02-14 00:00:00,S503345,C2142,134868.96,Bank Transfer
COL801309,2026-06-23 00:00:00,S503196,C2036,318186.39,Cash
COL801310,2026-02-16 00:00:00,S501465,C2042,142507.51,Cheque
COL801311,2026-06-26 00:00:00,S502640,C2013,44003.1,Cash
COL801312,2026-03-20 00:00:00,S500668,C2002,124891.7,UPI
COL801313,2026-09-02 00:00:00,S504633,C2395,109698.44,Card
COL801314,2026-02-11 00:00:00,S504199,C2142,67537.81,Card
COL801315,2026-06-10 00:00:00,S501353,C2133,51202.29,Bank Transfer
COL801316,2026-04-18 00:00:00,S504483,C2289,38869.5,Bank Transfer
COL801317,2026-06-18 00:00:00,S501063,C2210,120708.99,Cheque
COL801318,2026-04-29 00:00:00,S500156,C2237,194385.31,Cash
COL801319,2026-07-16 00:00:00,S502855,C2202,272802.86,UPI
COL801320,2026-03-27 00:00:00,S503566,C2049,361343.72,Card
COL801321,2026-08-07 00:00:00,S500330,C2042,27439.39,Cash
COL801322,2026-04-21 00:00:00,S502767,C2204,55200.72,UPI
COL801323,2026-08-15 00:00:00,S502272,C2304,642366.41,Cash
COL801324,2026-01-19 00:00:00,S501000,C2372,220417.2,Bank Transfer
COL801325,2026-02-08 00:00:00,S500621,C2292,56872.15,Card
COL801326,2026-05-15 00:00:00,S501993,C2319,113066.22,UPI
COL801327,2026-02-08 00:00:00,S503378,C2313,234560.27,Bank Transfer
COL801328,2026-04-08 00:00:00,S500613,C2408,47604.01,Cheque
COL801329,2026-02-03 00:00:00,S502908,C2238,110210.19,Cheque
COL801330,2026-08-07 00:00:00,S504022,C2327,180447.11,Bank Transfer
COL801331,2026-06-21 00:00:00,S501024,C2073,342176.62,UPI
COL801332,2026-07-16 00:00:00,S502403,C2296,360535.48,UPI
COL801333,2026-03-09 00:00:00,S501692,C2229,80018.47,Card
COL801334,2026-07-10 00:00:00,S503910,C2351,230454.01,Bank Transfer
COL801335,2026-07-18 00:00:00,S504783,C2216,31321.85,Cheque
COL801336,2026-02-17 00:00:00,S502204,C2429,196565.63,Bank Transfer
COL801337,2026-01-03 00:00:00,S504118,C2085,185217,Cash
COL801338,2026-08-01 00:00:00,S502258,C2324,281048.01,UPI
COL801339,2026-06-11 00:00:00,S502869,C2106,159808.25,Cash
COL801340,2026-04-23 00:00:00,S501403,C2078,156459.68,Cheque
COL801341,2026-05-17 00:00:00,S501301,C2134,52549.4,UPI
COL801342,2026-03-02 00:00:00,S505014,C2211,90724.49,Cheque
COL801343,2026-05-28 00:00:00,S504452,C2230,193559.44,Cheque
COL801344,2026-06-17 00:00:00,S504252,C2429,518153.92,Cheque
COL801345,2026-05-05 00:00:00,S501502,C2194,4497.24,Card
COL801346,2026-01-12 00:00:00,S502995,C2063,61345.32,Cheque
COL801347,2026-04-13 00:00:00,S500194,C2301,2200.99,Cheque
COL801348,2026-08-26 00:00:00,S501233,C2320,221598.79,Cash
COL801349,2026-01-28 00:00:00,S504916,C2308,177388.9,Cash
COL801350,2026-06-25 00:00:00,S502207,C2340,164589.62,Cash
COL801351,2026-08-13 00:00:00,S502386,C2304,68821.71,UPI
COL801352,2026-07-21 00:00:00,S503927,C2036,49577.95,Card
COL801353,2026-03-16 00:00:00,S500870,C2260,51278.5,UPI
COL801354,2026-05-15 00:00:00,S503103,C2249,55408.99,Card
COL801355,2026-03-23 00:00:00,S500934,C2012,42800.16,Card
COL801356,2026-03-24 00:00:00,S503599,C2108,64981.83,Bank Transfer
COL801357,2026-05-22 00:00:00,S501642,C2222,248110.66,Bank Transfer
COL801358,2026-07-28 00:00:00,S500548,C2438,284884.65,Bank Transfer
COL801359,2026-08-03 00:00:00,S504574,C2333,81880.3,Card
COL801360,2026-05-27 00:00:00,S503146,C2015,100180.85,Card
COL801361,2026-02-23 00:00:00,S500091,C2318,338815.97,UPI
COL801362,2026-07-07 00:00:00,S502352,C2446,82457.7,Card
COL801363,2026-08-25 00:00:00,S503970,C2427,428865.39,Cheque
COL801364,2026-09-04 00:00:00,S502021,C2417,482737.6,Cheque
COL801365,2026-03-08 00:00:00,S505160,C2400,76878.04,Card
COL801366,2026-06-11 00:00:00,S502015,C2142,131878.07,Cheque
COL801367,2026-03-30 00:00:00,S501888,C2083,96342.55,Card
COL801368,2026-06-18 00:00:00,S501552,C2427,160692.38,Bank Transfer
COL801369,2026-06-08 00:00:00,S501683,C2069,56956.79,Card
COL801370,2026-06-16 00:00:00,S501304,C2316,400663.5,Bank Transfer
COL801371,2026-03-19 00:00:00,S500878,C2170,69859.21,Cash
COL801372,2026-08-17 00:00:00,S505029,C2170,261106.3,Cheque
COL801373,2026-06-29 00:00:00,S502525,C2062,29044.57,Cash
COL801374,2026-06-24 00:00:00,S502224,C2303,377416.09,Cheque
COL801375,2026-01-20 00:00:00,S503495,C2008,351438.58,Cash
COL801376,2026-04-06 00:00:00,S501393,C2201,53869,Card
COL801377,2026-08-13 00:00:00,S502878,C2362,435254.42,Cash
COL801378,2026-06-29 00:00:00,S505074,C2053,132089.67,Cheque
COL801379,2026-04-05 00:00:00,S501688,C2387,166711.75,UPI
COL801380,2026-03-12 00:00:00,S500706,C2045,15478.23,Cheque
COL801381,2026-07-09 00:00:00,S500203,C2257,309236.9,UPI
COL801382,2026-05-13 00:00:00,S502806,C2103,204711.21,Card
COL801383,2026-07-04 00:00:00,S501206,C2203,32309.87,Cheque
COL801384,2026-05-12 00:00:00,S501327,C2313,34058.15,Cash
COL801385,2026-05-19 00:00:00,S503418,C2382,208397.17,Card
COL801386,2026-01-19 00:00:00,S500043,C2239,81208.78,Cheque
COL801387,2026-04-12 00:00:00,S503836,C2291,79402.14,Card
COL801388,2026-07-31 00:00:00,S505047,C2018,43995.64,UPI
COL801389,2026-01-27 00:00:00,S500430,C2011,38648.88,Card
COL801390,2026-01-29 00:00:00,S502760,C2130,160566.81,Cash
COL801391,2026-01-18 00:00:00,S504314,C2244,248328.59,Cheque
COL801392,2026-06-14 00:00:00,S504700,C2386,577128.33,UPI
COL801393,2026-07-08 00:00:00,S504139,C2444,397239.32,Card
COL801394,2026-09-01 00:00:00,S503987,C2430,182841.1,Bank Transfer
COL801395,2026-06-24 00:00:00,S503288,C2229,217210.49,UPI
COL801396,2026-09-02 00:00:00,S501022,C2346,281029.19,UPI
COL801397,2026-03-30 00:00:00,S500437,C2206,150098.95,Cash
COL801398,2026-01-20 00:00:00,S504827,C2370,259023.4,Cash
COL801399,2026-03-11 00:00:00,S505196,C2218,150332.82,Card
COL801400,2026-04-10 00:00:00,S504513,C2339,98713.04,Bank Transfer
COL801401,2026-06-26 00:00:00,S500895,C2086,49269.45,UPI
COL801402,2026-05-23 00:00:00,S500003,C2205,103709.82,Card
COL801403,2026-01-18 00:00:00,S501728,C2065,266862.28,Bank Transfer
COL801404,2026-02-07 00:00:00,S501197,C2419,99889.59,Card
COL801405,2026-04-30 00:00:00,S500529,C2372,5938.15,UPI
COL801406,2026-03-30 00:00:00,S502864,C2210,34036.35,Card
COL801407,2026-03-25 00:00:00,S502887,C2403,19898.51,Cash
COL801408,2026-05-30 00:00:00,S502032,C2117,17116.65,Cash
COL801409,2026-08-31 00:00:00,S501391,C2173,17907.08,Cheque
COL801410,2026-07-23 00:00:00,S500584,C2119,61932.66,Bank Transfer
COL801411,2026-08-21 00:00:00,S501897,C2259,93524.89,UPI
COL801412,2026-04-14 00:00:00,S503829,C2294,290176.79,Bank Transfer
COL801413,2026-07-07 00:00:00,S503396,C2015,105665.16,Cash
COL801414,2026-04-21 00:00:00,S503241,C2397,372874.7,UPI
COL801415,2026-08-13 00:00:00,S503798,C2422,130781.85,Cheque
COL801416,2026-08-09 00:00:00,S500751,C2174,42312.74,Cash
COL801417,2026-07-13 00:00:00,S502689,C2186,188808.18,Cash
COL801418,2026-01-26 00:00:00,S501410,C2419,66580.54,Bank Transfer
COL801419,2026-03-05 00:00:00,S502992,C2031,409011.29,Card
COL801420,2026-08-12 00:00:00,S504860,C2370,30634.39,Bank Transfer
COL801421,2026-02-27 00:00:00,S504053,C2170,303144.36,Cash
COL801422,2026-05-11 00:00:00,S501370,C2247,223831.92,Bank Transfer
COL801423,2026-01-30 00:00:00,S503935,C2091,160073.95,Card
COL801424,2026-01-19 00:00:00,S502028,C2389,137001.6,Cheque
COL801425,2026-01-10 00:00:00,S502322,C2240,21663.8,UPI
COL801426,2026-03-30 00:00:00,S502043,C2131,76974.27,Cash
COL801427,2026-06-23 00:00:00,S500825,C2035,30387.97,Bank Transfer
COL801428,2026-05-27 00:00:00,S502027,C2229,106061.45,Cash
COL801429,2026-05-07 00:00:00,S500264,C2107,33903.14,UPI
COL801430,2026-07-05 00:00:00,S500133,C2167,23990.48,Bank Transfer
COL801431,2026-05-04 00:00:00,S500274,C2368,238142.76,Cheque
COL801432,2026-04-17 00:00:00,S501070,C2232,59593.51,UPI
COL801433,2026-03-26 00:00:00,S500917,C2403,295750.68,Card
COL801434,2026-01-06 00:00:00,S504966,C2010,119105.03,Card
COL801435,2026-02-20 00:00:00,S505068,C2278,465151.29,Cash
COL801436,2026-05-22 00:00:00,S502200,C2185,113032.33,Card
COL801437,2026-02-27 00:00:00,S504914,C2250,29091.95,Bank Transfer
COL801438,2026-05-16 00:00:00,S501195,C2343,217490.12,Card
COL801439,2026-01-02 00:00:00,S500130,C2211,544258.47,Cheque
COL801440,2026-09-03 00:00:00,S503266,C2321,142942.63,Bank Transfer
COL801441,2026-01-18 00:00:00,S502085,C2066,43659.57,Cash
COL801442,2026-08-02 00:00:00,S504879,C2092,46386.92,Cash
COL801443,2026-07-04 00:00:00,S502502,C2425,44913.28,Card
COL801444,2026-08-10 00:00:00,S504994,C2132,43741.85,Card
COL801445,2026-08-16 00:00:00,S500151,C2211,204110,Cash
COL801446,2026-04-02 00:00:00,S504438,C2017,246760.49,Bank Transfer
COL801447,2026-06-12 00:00:00,S504676,C2239,415275.73,UPI
COL801448,2026-07-13 00:00:00,S502929,C2128,161056.06,Cash
COL801449,2026-02-25 00:00:00,S501655,C2248,16891.54,Cheque
COL801450,2026-08-16 00:00:00,S502745,C2245,202371.18,Bank Transfer
COL801451,2026-07-29 00:00:00,S501844,C2176,220424.16,UPI
COL801452,2026-02-12 00:00:00,S502490,C2376,350357.55,UPI
COL801453,2026-03-14 00:00:00,S502698,C2356,246682.05,Bank Transfer
COL801454,2026-08-08 00:00:00,S501781,C2318,148631.9,Cash
COL801455,2026-03-13 00:00:00,S502974,C2281,194015.89,UPI
COL801456,2026-04-27 00:00:00,S502927,C2081,69448.93,Cheque
COL801457,2026-01-08 00:00:00,S502768,C2318,382012.56,Bank Transfer
COL801458,2026-01-05 00:00:00,S502433,C2289,298825.44,Card
COL801459,2026-01-13 00:00:00,S501672,C2183,292917.18,Cash
COL801460,2026-01-07 00:00:00,S502735,C2387,93159.6,Bank Transfer
COL801461,2026-01-21 00:00:00,S503015,C2361,81921.35,Cheque
COL801462,2026-08-09 00:00:00,S503891,C2402,87690.41,UPI
COL801463,2026-02-06 00:00:00,S504936,C2409,113656.92,Cash
COL801464,2026-06-22 00:00:00,S501207,C2315,267455.86,Cash
COL801465,2026-06-29 00:00:00,S500547,C2095,177237.73,Bank Transfer
COL801466,2026-06-25 00:00:00,S502019,C2303,157042.76,Bank Transfer
COL801467,2026-03-03 00:00:00,S500771,C2111,119418.67,Cheque
COL801468,2026-07-25 00:00:00,S501158,C2032,44443.91,Card
COL801469,2026-04-11 00:00:00,S500337,C2243,40148.27,Bank Transfer
COL801470,2026-04-29 00:00:00,S501235,C2418,18392.87,Bank Transfer
COL801471,2026-06-28 00:00:00,S501247,C2087,33596.79,Bank Transfer
COL801472,2026-05-12 00:00:00,S503316,C2066,151879.83,Cheque
COL801473,2026-04-30 00:00:00,S502439,C2271,41134.6,UPI
COL801474,2026-03-27 00:00:00,S502744,C2217,112499.35,Card
COL801475,2026-07-03 00:00:00,S501275,C2134,46149.56,Cheque
COL801476,2026-03-16 00:00:00,S500157,C2353,14435.28,Bank Transfer
COL801477,2026-02-03 00:00:00,S500237,C2421,63899.45,UPI
COL801478,2026-02-14 00:00:00,S502825,C2027,506367.44,Bank Transfer
COL801479,2026-05-24 00:00:00,S501830,C2268,354526.44,Cheque
COL801480,2026-05-17 00:00:00,S500281,C2108,124903.78,Cash
COL801481,2026-07-27 00:00:00,S501009,C2046,76153.45,Bank Transfer
COL801482,2026-08-19 00:00:00,S500693,C2105,52144.45,UPI
COL801483,2026-01-16 00:00:00,S503667,C2236,54580.74,Card
COL801484,2026-04-05 00:00:00,S500174,C2396,17179.12,Cash
COL801485,2026-06-08 00:00:00,S503620,C2391,37114.47,Bank Transfer
COL801486,2026-05-21 00:00:00,S502283,C2265,192877.86,Bank Transfer
COL801487,2026-05-08 00:00:00,S503186,C2014,62112.92,UPI
COL801488,2026-01-05 00:00:00,S504838,C2195,228721.29,Cash
COL801489,2026-05-03 00:00:00,S504052,C2392,56147.65,Cash
COL801490,2026-05-07 00:00:00,S500694,C2105,249624.82,Cash
COL801491,2026-06-24 00:00:00,S501661,C2133,329513.41,Bank Transfer
COL801492,2026-06-16 00:00:00,S501036,C2365,63074.71,Cash
COL801493,2026-01-18 00:00:00,S500344,C2177,114091.01,Bank Transfer
COL801494,2026-05-28 00:00:00,S503863,C2157,6563.54,Bank Transfer
COL801495,2026-09-04 00:00:00,S504010,C2357,227648.48,Cash
COL801496,2026-05-10 00:00:00,S502104,C2110,197075.91,Cheque
COL801497,2026-02-09 00:00:00,S504098,C2335,229542.91,Card
COL801498,2026-06-07 00:00:00,S504540,C2213,26418.99,Card
COL801499,2026-01-10 00:00:00,S502115,C2199,142722.89,Cheque
COL801500,2026-03-05 00:00:00,S500697,C2175,404982.19,Cash
COL801501,2026-02-11 00:00:00,S502641,C2003,146946.42,Bank Transfer
COL801502,2026-07-22 00:00:00,S503492,C2385,120136.09,UPI
COL801503,2026-06-30 00:00:00,S503184,C2380,109709.76,Cheque
COL801504,2026-04-03 00:00:00,S500225,C2387,30640,Card
COL801505,2026-06-30 00:00:00,S503433,C2260,219019.27,Card
COL801506,2026-02-09 00:00:00,S504160,C2393,203738.85,Bank Transfer
COL801507,2026-05-24 00:00:00,S502815,C2314,209288.03,Card
COL801508,2026-06-25 00:00:00,S501123,C2384,281278.74,Card
COL801509,2026-05-05 00:00:00,S500138,C2327,107587.99,Bank Transfer
COL801510,2026-03-02 00:00:00,S500407,C2208,42657.12,Cash
COL801511,2026-08-08 00:00:00,S505017,C2172,276294.03,Card
COL801512,2026-07-28 00:00:00,S503812,C2270,45729.22,Cash
COL801513,2026-06-15 00:00:00,S504051,C2186,56367.78,UPI
COL801514,2026-04-24 00:00:00,S502165,C2020,198251.21,Cash
COL801515,2026-08-29 00:00:00,S505161,C2109,99505.8,Bank Transfer
COL801516,2026-02-13 00:00:00,S504626,C2108,214985.36,Bank Transfer
COL801517,2026-05-23 00:00:00,S500606,C2398,74906.64,Bank Transfer
COL801518,2026-04-05 00:00:00,S500526,C2378,24253.42,Card
COL801519,2026-03-02 00:00:00,S504395,C2423,368087.15,Cheque
COL801520,2026-01-07 00:00:00,S502993,C2372,136990.5,Card
COL801521,2026-05-04 00:00:00,S502191,C2156,182811.69,Cash
COL801522,2026-08-26 00:00:00,S502209,C2252,332268.52,UPI
COL801523,2026-01-30 00:00:00,S504039,C2432,85264.09,UPI
COL801524,2026-06-13 00:00:00,S504325,C2321,187713.35,UPI
COL801525,2026-04-23 00:00:00,S503826,C2374,74070.03,UPI
COL801526,2026-03-31 00:00:00,S500183,C2037,126519.74,Cheque
COL801527,2026-05-19 00:00:00,S500506,C2232,53654.56,UPI
COL801528,2026-05-03 00:00:00,S502455,C2227,78758.43,Card
COL801529,2026-07-17 00:00:00,S504410,C2429,286969.61,UPI
COL801530,2026-04-16 00:00:00,S505039,C2364,1774.03,Bank Transfer
COL801531,2026-06-06 00:00:00,S504371,C2205,189456.94,Cash
COL801532,2026-04-02 00:00:00,S504132,C2360,25064.82,Card
COL801533,2026-07-26 00:00:00,S500190,C2054,212566.01,Cheque
COL801534,2026-04-03 00:00:00,S502599,C2023,248229.12,Card
COL801535,2026-05-14 00:00:00,S501592,C2111,168895.97,Bank Transfer
COL801536,2026-04-22 00:00:00,S504065,C2003,163356.12,UPI
COL801537,2026-07-23 00:00:00,S502520,C2193,140502.86,UPI
COL801538,2026-02-20 00:00:00,S501974,C2396,242444.07,Cheque
COL801539,2026-03-21 00:00:00,S502179,C2327,250561.58,Cash
COL801540,2026-04-20 00:00:00,S504909,C2022,36334.05,UPI
COL801541,2026-02-07 00:00:00,S504886,C2042,266820.21,Cheque
COL801542,2026-07-20 00:00:00,S504206,C2302,399041.63,UPI
COL801543,2026-01-22 00:00:00,S502310,C2433,130929.62,Card
COL801544,2026-08-13 00:00:00,S500846,C2311,60108.48,Cheque
COL801545,2026-03-31 00:00:00,S504005,C2425,145420.86,Cheque
COL801546,2026-07-01 00:00:00,S503653,C2203,247414.74,Cheque
COL801547,2026-06-17 00:00:00,S502846,C2334,108246.83,UPI
COL801548,2026-05-15 00:00:00,S500323,C2286,8893.99,Cheque
COL801549,2026-04-20 00:00:00,S502387,C2067,281709.37,Card
COL801550,2026-08-12 00:00:00,S501632,C2062,59518.11,Cash
COL801551,2026-06-17 00:00:00,S505043,C2335,173166.78,Cash
COL801552,2026-04-17 00:00:00,S503586,C2131,55192.15,Bank Transfer
COL801553,2026-05-04 00:00:00,S503072,C2128,162017.38,Card
COL801554,2026-01-24 00:00:00,S500177,C2020,372255.51,Card
COL801555,2026-02-10 00:00:00,S500058,C2234,293552.51,Cheque
COL801556,2026-02-20 00:00:00,S501150,C2100,11086.26,Bank Transfer
COL801557,2026-06-16 00:00:00,S502823,C2420,23298.99,Card
COL801558,2026-04-12 00:00:00,S503081,C2039,105920.65,Card
COL801559,2026-04-24 00:00:00,S503609,C2390,339522.73,Card
COL801560,2026-08-17 00:00:00,S501985,C2001,62600.76,UPI
COL801561,2026-07-30 00:00:00,S500692,C2290,65799.64,Card
COL801562,2026-06-20 00:00:00,S502406,C2065,73276.62,UPI
COL801563,2026-03-10 00:00:00,S501051,C2273,238935.15,Card
COL801564,2026-08-10 00:00:00,S500552,C2187,118589.54,Cash
COL801565,2026-07-06 00:00:00,S501427,C2180,121213.04,UPI
COL801566,2026-06-02 00:00:00,S504606,C2318,216424.86,UPI
COL801567,2026-04-04 00:00:00,S502756,C2332,117905.87,Cheque
COL801568,2026-04-30 00:00:00,S500054,C2271,107771.88,Card
COL801569,2026-01-25 00:00:00,S503563,C2253,102010.85,Bank Transfer
COL801570,2026-07-20 00:00:00,S502889,C2116,87498.07,Bank Transfer
COL801571,2026-08-07 00:00:00,S500143,C2203,16749.39,Bank Transfer
COL801572,2026-06-01 00:00:00,S500622,C2038,485276.58,Bank Transfer
COL801573,2026-07-09 00:00:00,S503144,C2059,417281.11,Cash
COL801574,2026-04-14 00:00:00,S500635,C2049,34397.26,Bank Transfer
COL801575,2026-02-12 00:00:00,S502915,C2336,49348.73,Cheque
COL801576,2026-02-28 00:00:00,S504628,C2422,99884.1,Bank Transfer
COL801577,2026-02-23 00:00:00,S501481,C2246,42107.57,Cheque
COL801578,2026-08-18 00:00:00,S500910,C2364,490729.65,UPI
COL801579,2026-03-20 00:00:00,S500150,C2330,150189.72,Card
COL801580,2026-08-18 00:00:00,S501873,C2014,162927.46,Bank Transfer
COL801581,2026-06-03 00:00:00,S504930,C2296,65031.97,Cheque
COL801582,2026-02-23 00:00:00,S501290,C2089,239339.02,Cheque
COL801583,2026-07-08 00:00:00,S502885,C2246,14737.99,Card
COL801584,2026-08-10 00:00:00,S500707,C2443,528963.38,UPI
COL801585,2026-03-16 00:00:00,S502531,C2380,49964.61,Bank Transfer
COL801586,2026-04-03 00:00:00,S503194,C2183,115362.6,Cheque
COL801587,2026-07-26 00:00:00,S505062,C2145,439174.27,Bank Transfer
COL801588,2026-06-21 00:00:00,S501021,C2144,74187.72,Cash
COL801589,2026-05-17 00:00:00,S505146,C2432,167392.82,Cheque
COL801590,2026-02-11 00:00:00,S503491,C2079,214127.97,UPI
COL801591,2026-06-06 00:00:00,S503041,C2078,83772.22,Card
COL801592,2026-03-20 00:00:00,S501418,C2272,88477.16,Cheque
COL801593,2026-03-22 00:00:00,S501474,C2112,118804.42,Cash
COL801594,2026-07-27 00:00:00,S501439,C2315,241500.02,Card
COL801595,2026-02-27 00:00:00,S502924,C2316,18136.49,UPI
COL801596,2026-03-27 00:00:00,S502753,C2205,64533.15,Bank Transfer
COL801597,2026-08-20 00:00:00,S501785,C2174,13560.15,Bank Transfer
COL801598,2026-07-10 00:00:00,S501922,C2048,58835.59,Cheque
COL801599,2026-06-26 00:00:00,S500510,C2278,148999.34,Card
COL801600,2026-04-17 00:00:00,S504032,C2310,151804.22,Cash
COL801601,2026-05-19 00:00:00,S505147,C2336,106456.09,Cash
COL801602,2026-04-12 00:00:00,S502933,C2220,93621.74,UPI
COL801603,2026-08-05 00:00:00,S502457,C2062,19833.43,Card
COL801604,2026-02-23 00:00:00,S500108,C2420,47252.07,Card
COL801605,2026-01-30 00:00:00,S500364,C2371,80382.27,Bank Transfer
COL801606,2026-07-13 00:00:00,S503428,C2184,52018.31,UPI
COL801607,2026-03-06 00:00:00,S504344,C2418,485569.24,UPI
COL801608,2026-09-01 00:00:00,S505055,C2382,501099.74,UPI
COL801609,2026-08-18 00:00:00,S503711,C2134,198152.15,Card
COL801610,2026-02-27 00:00:00,S500365,C2265,71140.74,Bank Transfer
COL801611,2026-07-04 00:00:00,S504485,C2137,145234.38,UPI
COL801612,2026-02-06 00:00:00,S500667,C2255,47173.78,Bank Transfer
COL801613,2026-09-04 00:00:00,S501756,C2440,151917.99,UPI
COL801614,2026-04-28 00:00:00,S502732,C2171,234844.25,Card
COL801615,2026-07-01 00:00:00,S505003,C2193,122691.26,Bank Transfer
COL801616,2026-03-14 00:00:00,S502049,C2057,146248.66,Cheque
COL801617,2026-03-10 00:00:00,S503519,C2374,212450.08,UPI
COL801618,2026-08-30 00:00:00,S505186,C2331,428222.34,Card
COL801619,2026-06-01 00:00:00,S500513,C2029,499875.78,Bank Transfer
COL801620,2026-03-04 00:00:00,S502827,C2257,189316.33,Cash
COL801621,2026-08-07 00:00:00,S503949,C2043,179558.02,Card
COL801622,2026-04-04 00:00:00,S502059,C2257,176212.98,Card
COL801623,2026-06-28 00:00:00,S500501,C2272,483831.22,Cash
COL801624,2026-01-15 00:00:00,S500434,C2424,119437.31,Cash
COL801625,2026-06-24 00:00:00,S501760,C2120,62163.45,Cheque
COL801626,2026-07-20 00:00:00,S501312,C2294,103796.1,Cheque
COL801627,2026-06-23 00:00:00,S504284,C2372,14681.92,Cheque
COL801628,2026-08-17 00:00:00,S504739,C2208,446926.56,Card
COL801629,2026-01-30 00:00:00,S500789,C2280,89045.19,Card
COL801630,2026-04-23 00:00:00,S502498,C2381,284858.6,Card
COL801631,2026-03-20 00:00:00,S502542,C2275,183052.1,Cheque
COL801632,2026-05-28 00:00:00,S501563,C2353,225668.46,Bank Transfer
COL801633,2026-02-26 00:00:00,S503056,C2186,10509.59,Card
COL801634,2026-06-26 00:00:00,S501443,C2102,123361.72,Card
COL801635,2026-02-25 00:00:00,S503981,C2312,152830,Card
COL801636,2026-02-25 00:00:00,S500328,C2158,326571.81,Cheque
COL801637,2026-06-02 00:00:00,S502183,C2032,359060.57,UPI
COL801638,2026-01-09 00:00:00,S502034,C2386,176277.86,Cheque
COL801639,2026-08-25 00:00:00,S503460,C2196,86632.8,UPI
COL801640,2026-01-22 00:00:00,S503860,C2099,14683.36,Cheque
COL801641,2026-03-18 00:00:00,S502836,C2030,251605.1,Bank Transfer
COL801642,2026-06-14 00:00:00,S501354,C2448,394968.96,Bank Transfer
COL801643,2026-05-04 00:00:00,S502874,C2153,243312.67,Card
COL801644,2026-01-28 00:00:00,S504568,C2262,148916.46,Cheque
COL801645,2026-05-22 00:00:00,S500169,C2204,220430.64,UPI
COL801646,2026-06-07 00:00:00,S501064,C2001,105448.71,UPI
COL801647,2026-06-16 00:00:00,S504697,C2135,242780.05,Bank Transfer
COL801648,2026-07-04 00:00:00,S501623,C2268,99551.83,Card
COL801649,2026-05-13 00:00:00,S502367,C2002,17639.3,UPI
COL801650,2026-01-12 00:00:00,S500155,C2137,27119.96,Cheque
COL801651,2026-06-12 00:00:00,S500937,C2433,82308.53,Card
COL801652,2026-06-18 00:00:00,S501926,C2420,124564.51,Cheque
COL801653,2026-03-04 00:00:00,S502521,C2418,320707.01,Cheque
COL801654,2026-06-19 00:00:00,S504933,C2287,41811.93,Bank Transfer
COL801655,2026-05-05 00:00:00,S503789,C2281,137728.48,Cheque
COL801656,2026-07-12 00:00:00,S501557,C2290,39627.87,Cash
COL801657,2026-08-26 00:00:00,S504686,C2129,56577.73,Card
COL801658,2026-07-12 00:00:00,S500079,C2069,231928.13,Cash
COL801659,2026-04-16 00:00:00,S500339,C2077,416720.45,Cheque
COL801660,2026-06-20 00:00:00,S501203,C2331,262302.44,Cheque
COL801661,2026-07-07 00:00:00,S502832,C2322,198257.77,Bank Transfer
COL801662,2026-05-28 00:00:00,S502281,C2051,225893.52,Bank Transfer
COL801663,2026-04-08 00:00:00,S500202,C2005,37793.29,Bank Transfer
COL801664,2026-04-29 00:00:00,S503721,C2028,91543.04,Bank Transfer
COL801665,2026-08-14 00:00:00,S501852,C2352,114236.35,UPI
COL801666,2026-07-10 00:00:00,S503699,C2217,330169.68,Bank Transfer
COL801667,2026-04-29 00:00:00,S501966,C2072,130732.69,Cheque
COL801668,2026-06-01 00:00:00,S501743,C2307,157856.64,Cheque
COL801669,2026-08-08 00:00:00,S505168,C2021,141249.95,Card
COL801670,2026-07-22 00:00:00,S500153,C2095,84060.53,Cash
COL801671,2026-07-19 00:00:00,S504799,C2331,361938.52,UPI
COL801672,2026-06-12 00:00:00,S504082,C2060,149809.91,UPI
COL801673,2026-02-10 00:00:00,S502734,C2255,71616.58,Card
COL801674,2026-05-02 00:00:00,S503795,C2343,210640.39,Card
COL801675,2026-01-16 00:00:00,S502390,C2375,470215.19,Bank Transfer
COL801676,2026-05-02 00:00:00,S503904,C2044,178909.22,Card
COL801677,2026-03-21 00:00:00,S504597,C2064,173739.13,UPI
COL801678,2026-04-16 00:00:00,S503448,C2172,48719.87,Cash
COL801679,2026-01-06 00:00:00,S501071,C2262,290867,Cash
COL801680,2026-01-20 00:00:00,S502365,C2044,474435.51,UPI
COL801681,2026-07-03 00:00:00,S501868,C2444,32429.5,Bank Transfer
COL801682,2026-09-01 00:00:00,S503106,C2410,100139.9,Cash
COL801683,2026-09-01 00:00:00,S502700,C2395,187459.57,Cash
COL801684,2026-07-22 00:00:00,S505158,C2313,470751.34,Bank Transfer
COL801685,2026-05-16 00:00:00,S504854,C2045,269805.44,Cash
COL801686,2026-07-31 00:00:00,S502332,C2434,286563.32,Cheque
COL801687,2026-08-12 00:00:00,S504286,C2018,50975.32,UPI
COL801688,2026-04-07 00:00:00,S502957,C2142,37393.14,Cash
COL801689,2026-01-06 00:00:00,S503258,C2212,73564.3,Cash
COL801690,2026-08-08 00:00:00,S500090,C2397,295364.54,Bank Transfer
COL801691,2026-01-08 00:00:00,S504820,C2030,260841.07,Cash
COL801692,2026-07-09 00:00:00,S501884,C2115,84736.14,Bank Transfer
COL801693,2026-01-14 00:00:00,S501317,C2040,452500.69,UPI
COL801694,2026-05-11 00:00:00,S500181,C2088,458216.55,Cheque
COL801695,2026-05-10 00:00:00,S504761,C2225,210201.05,Card
COL801696,2026-01-22 00:00:00,S500241,C2437,253287.34,UPI
COL801697,2026-08-13 00:00:00,S501617,C2121,321261.78,Cash
COL801698,2026-08-23 00:00:00,S501636,C2136,117507.02,Cheque
COL801699,2026-03-26 00:00:00,S503947,C2221,194085.54,Card
COL801700,2026-07-17 00:00:00,S503930,C2028,128375.46,Card
COL801701,2026-08-20 00:00:00,S501002,C2235,102031.89,Cash
COL801702,2026-07-18 00:00:00,S501586,C2146,155949.98,Card
COL801703,2026-05-14 00:00:00,S501804,C2010,28437.79,Card
COL801704,2026-06-27 00:00:00,S502146,C2091,64321.42,UPI
COL801705,2026-02-13 00:00:00,S503134,C2117,81706.94,UPI
COL801706,2026-01-08 00:00:00,S502337,C2300,145681.82,Card
COL801707,2026-01-24 00:00:00,S502471,C2408,58192.81,Bank Transfer
COL801708,2026-01-27 00:00:00,S502006,C2082,322352.11,Cash
COL801709,2026-06-30 00:00:00,S502426,C2159,76602.65,Bank Transfer
COL801710,2026-02-20 00:00:00,S503961,C2157,354917.01,Bank Transfer
COL801711,2026-06-05 00:00:00,S504321,C2169,53409.99,Card
COL801712,2026-07-06 00:00:00,S505156,C2152,98961.92,Cash
COL801713,2026-09-05 00:00:00,S501035,C2053,188095.45,Bank Transfer
COL801714,2026-03-10 00:00:00,S503090,C2280,517732.05,UPI
COL801715,2026-07-30 00:00:00,S502153,C2433,415138.49,UPI
COL801716,2026-07-20 00:00:00,S504644,C2117,311817.47,Cash
COL801717,2026-01-25 00:00:00,S503556,C2244,157726.09,Bank Transfer
COL801718,2026-02-13 00:00:00,S504352,C2357,16807.84,Cheque
COL801719,2026-06-24 00:00:00,S501806,C2397,13536.12,Cheque
COL801720,2026-04-29 00:00:00,S502634,C2397,75885.8,Cash
COL801721,2026-04-19 00:00:00,S504037,C2275,226126.83,Cash
COL801722,2026-04-30 00:00:00,S504959,C2337,38790.61,Cheque
COL801723,2026-01-13 00:00:00,S501156,C2254,240234.14,Bank Transfer
COL801724,2026-06-30 00:00:00,S501565,C2141,25424.43,Bank Transfer
COL801725,2026-02-22 00:00:00,S501928,C2336,425089.95,Card
COL801726,2026-02-06 00:00:00,S504625,C2243,63572.37,Cash
COL801727,2026-07-10 00:00:00,S500835,C2029,55010.91,Bank Transfer
COL801728,2026-07-13 00:00:00,S501153,C2019,495392.72,Cheque
COL801729,2026-04-25 00:00:00,S501748,C2003,170259.68,Cheque
COL801730,2026-02-09 00:00:00,S501329,C2022,136614.93,UPI
COL801731,2026-03-19 00:00:00,S501742,C2399,258000.19,Bank Transfer
COL801732,2026-07-08 00:00:00,S504748,C2044,35598.96,Card
COL801733,2026-04-05 00:00:00,S504441,C2048,135318.6,Card
COL801734,2026-05-14 00:00:00,S502080,C2024,201257.94,Cash
COL801735,2026-01-25 00:00:00,S502758,C2242,109814.96,UPI
COL801736,2026-04-13 00:00:00,S500807,C2044,112831.13,Cheque
COL801737,2026-02-15 00:00:00,S504651,C2020,87352.87,Cheque
COL801738,2026-06-08 00:00:00,S504639,C2439,155311.95,Cash
COL801739,2026-04-12 00:00:00,S503877,C2015,93936.17,Card
COL801740,2026-07-27 00:00:00,S503232,C2231,546742,Card
COL801741,2026-07-10 00:00:00,S500762,C2060,256296.37,Cheque
COL801742,2026-04-01 00:00:00,S500811,C2044,150866.77,Cash
COL801743,2026-04-04 00:00:00,S504147,C2166,268037.92,Bank Transfer
COL801744,2026-03-09 00:00:00,S502189,C2059,205376.86,UPI
COL801745,2026-02-08 00:00:00,S503233,C2008,16576.78,Card
COL801746,2026-03-21 00:00:00,S502658,C2003,46124.07,Card
COL801747,2026-06-13 00:00:00,S503517,C2273,38219.47,Card
COL801748,2026-05-15 00:00:00,S502534,C2431,55368.87,Bank Transfer
COL801749,2026-03-26 00:00:00,S502160,C2343,380850.26,Bank Transfer
COL801750,2026-03-07 00:00:00,S502150,C2081,216137.72,UPI
COL801751,2026-02-24 00:00:00,S501215,C2109,123048.63,Card
COL801752,2026-03-13 00:00:00,S504359,C2024,31283.41,Cheque
COL801753,2026-02-11 00:00:00,S501347,C2166,148594.81,Card
COL801754,2026-06-04 00:00:00,S502411,C2382,6735.63,UPI
COL801755,2026-05-10 00:00:00,S501456,C2110,136134.74,UPI
COL801756,2026-03-11 00:00:00,S501186,C2046,123979.92,Cheque
COL801757,2026-05-12 00:00:00,S504709,C2232,153727.2,Bank Transfer
COL801758,2026-01-21 00:00:00,S503901,C2224,30102.02,Cheque
COL801759,2026-01-01 00:00:00,S503197,C2370,160551.95,UPI
COL801760,2026-06-15 00:00:00,S502719,C2268,297453.17,Cheque
COL801761,2026-03-01 00:00:00,S500651,C2057,106377.28,Card
COL801762,2026-03-17 00:00:00,S504572,C2272,43894.47,UPI
COL801763,2026-04-01 00:00:00,S501054,C2250,404281.08,Bank Transfer
COL801764,2026-05-22 00:00:00,S501626,C2023,165735.83,Bank Transfer
COL801765,2026-07-26 00:00:00,S501817,C2438,244413.67,Cheque
COL801766,2026-03-29 00:00:00,S503238,C2251,134749.28,Cheque
COL801767,2026-03-23 00:00:00,S500307,C2134,39334.64,Cheque
COL801768,2026-01-17 00:00:00,S504171,C2356,61668.92,Card
COL801769,2026-03-14 00:00:00,S504813,C2050,123372.59,Bank Transfer
COL801770,2026-06-24 00:00:00,S503735,C2078,352214.28,UPI
COL801771,2026-07-29 00:00:00,S500300,C2345,44778.56,UPI
COL801772,2026-02-25 00:00:00,S501182,C2282,28903.01,Bank Transfer
COL801773,2026-05-07 00:00:00,S503349,C2081,20863.58,Cheque
COL801774,2026-02-22 00:00:00,S503331,C2162,324589.93,Cash
COL801775,2026-05-08 00:00:00,S501673,C2242,13327.6,Cheque
COL801776,2026-05-26 00:00:00,S500052,C2365,8030.92,Bank Transfer
COL801777,2026-07-16 00:00:00,S502645,C2385,33184.38,Card
COL801778,2026-02-17 00:00:00,S500112,C2304,126889.81,Cheque
COL801779,2026-05-17 00:00:00,S503326,C2342,206337.27,UPI
COL801780,2026-02-23 00:00:00,S502664,C2257,81674.1,Card
COL801781,2026-06-12 00:00:00,S504227,C2373,56091.92,Bank Transfer
COL801782,2026-08-24 00:00:00,S501670,C2171,213160.63,Cash
COL801783,2026-09-05 00:00:00,S501193,C2381,172301.38,Cheque
COL801784,2026-06-23 00:00:00,S500527,C2076,316612.68,Card
COL801785,2026-01-01 00:00:00,S501065,C2058,220373.55,Card
COL801786,2026-02-10 00:00:00,S504044,C2157,372719.69,UPI
COL801787,2026-03-14 00:00:00,S501092,C2078,39602.08,Cheque
COL801788,2026-06-09 00:00:00,S502485,C2286,169345.24,Cash
COL801789,2026-07-31 00:00:00,S502023,C2347,208913.12,Card
COL801790,2026-03-18 00:00:00,S501510,C2356,124834.27,UPI
COL801791,2026-02-09 00:00:00,S500502,C2012,85097.95,Cheque
COL801792,2026-05-19 00:00:00,S500533,C2382,83725.78,Cheque
COL801793,2026-07-09 00:00:00,S501675,C2285,200445.17,Cash
COL801794,2026-06-23 00:00:00,S504611,C2261,434933.77,UPI
COL801795,2026-02-17 00:00:00,S503374,C2098,126846.85,Cash
COL801796,2026-02-12 00:00:00,S500906,C2363,42869.37,Card
COL801797,2026-06-28 00:00:00,S500412,C2142,69844.05,Bank Transfer
COL801798,2026-07-08 00:00:00,S500537,C2162,638727.88,Bank Transfer
COL801799,2026-09-03 00:00:00,S504294,C2208,193300.14,Cash
COL801800,2026-02-11 00:00:00,S504990,C2047,162954.4,Cash
COL801801,2026-06-03 00:00:00,S502507,C2051,204121.42,Bank Transfer
COL801802,2026-04-14 00:00:00,S502518,C2107,179696.84,Card
COL801803,2026-01-11 00:00:00,S502738,C2072,12490.97,Cash
COL801804,2026-01-25 00:00:00,S500332,C2283,9444.3,Card
COL801805,2026-02-09 00:00:00,S502824,C2373,47470.78,Card
COL801806,2026-01-25 00:00:00,S500888,C2236,95848.54,UPI
COL801807,2026-03-25 00:00:00,S500185,C2252,114752.34,Card
COL801808,2026-04-16 00:00:00,S501545,C2303,40629.74,Cheque
COL801809,2026-08-29 00:00:00,S502363,C2077,194695.59,Bank Transfer
COL801810,2026-04-29 00:00:00,S500721,C2282,97202.36,Bank Transfer
COL801811,2026-07-22 00:00:00,S501740,C2421,115228.81,Cash
COL801812,2026-04-18 00:00:00,S502856,C2135,36409.82,Cash
COL801813,2026-03-15 00:00:00,S504234,C2179,79852.13,UPI
COL801814,2026-06-29 00:00:00,S502170,C2048,48373.09,UPI
COL801815,2026-04-23 00:00:00,S504604,C2321,85660.76,Cheque
COL801816,2026-05-11 00:00:00,S503073,C2210,44404.56,Cash
COL801817,2026-02-08 00:00:00,S500121,C2056,46565.78,Bank Transfer
COL801818,2026-04-01 00:00:00,S502785,C2267,324544.41,Cheque
COL801819,2026-06-12 00:00:00,S504695,C2080,193237.38,Cash
COL801820,2026-08-29 00:00:00,S503181,C2042,84596.62,Cheque
COL801821,2026-09-04 00:00:00,S503038,C2158,53672.81,Card
COL801822,2026-06-17 00:00:00,S504858,C2009,291505.67,Card
COL801823,2026-08-11 00:00:00,S503026,C2023,201745.21,Cheque
COL801824,2026-08-01 00:00:00,S504557,C2224,38293.58,Cash
COL801825,2026-01-22 00:00:00,S504090,C2184,106446.47,Card
COL801826,2026-07-09 00:00:00,S501402,C2380,63641.16,Card
COL801827,2026-01-19 00:00:00,S500298,C2157,55650.08,Cheque
COL801828,2026-01-14 00:00:00,S503574,C2062,117639.74,Card
COL801829,2026-08-17 00:00:00,S500277,C2108,47430.96,Bank Transfer
COL801830,2026-08-31 00:00:00,S501333,C2439,433012.93,Card
COL801831,2026-04-19 00:00:00,S504392,C2447,13966.02,Cheque
COL801832,2026-06-27 00:00:00,S501007,C2077,40569.06,Card
COL801833,2026-07-09 00:00:00,S504417,C2258,95751.12,Card
COL801834,2026-08-03 00:00:00,S501406,C2096,80633.29,UPI
COL801835,2026-08-06 00:00:00,S500279,C2327,148571.98,Cheque
COL801836,2026-02-12 00:00:00,S500503,C2404,12461.61,Cheque
COL801837,2026-02-24 00:00:00,S503756,C2245,115863.27,UPI
COL801838,2026-08-24 00:00:00,S504301,C2374,353787.26,UPI
COL801839,2026-06-17 00:00:00,S500209,C2208,81275.39,Bank Transfer
COL801840,2026-01-12 00:00:00,S504861,C2331,431142.01,Card
COL801841,2026-07-12 00:00:00,S500290,C2081,283177.39,Cash
COL801842,2026-08-30 00:00:00,S504678,C2398,48080.43,Cash
COL801843,2026-06-11 00:00:00,S503325,C2132,497968.18,UPI
COL801844,2026-04-18 00:00:00,S503033,C2084,116582.79,Cheque
COL801845,2026-03-24 00:00:00,S502434,C2410,311859.97,Cheque
COL801846,2026-01-23 00:00:00,S502309,C2254,233937.63,Bank Transfer
COL801847,2026-07-18 00:00:00,S503127,C2134,358535.14,Cash
COL801848,2026-05-15 00:00:00,S500375,C2325,107027.3,Cheque
COL801849,2026-07-12 00:00:00,S503555,C2112,146036.47,Bank Transfer
COL801850,2026-05-26 00:00:00,S502826,C2288,273840.06,Bank Transfer
COL801851,2026-05-16 00:00:00,S504571,C2189,82989.66,UPI
COL801852,2026-03-30 00:00:00,S500089,C2322,32420.81,Cash
COL801853,2026-02-11 00:00:00,S503932,C2023,24903.36,Bank Transfer
COL801854,2026-04-03 00:00:00,S505140,C2067,1213.58,Bank Transfer
COL801855,2026-08-03 00:00:00,S505189,C2190,37724.24,Bank Transfer
COL801856,2026-04-03 00:00:00,S503953,C2005,409129.19,Cash
COL801857,2026-01-01 00:00:00,S504864,C2195,91309.39,UPI
COL801858,2026-03-20 00:00:00,S501573,C2303,94738.3,Card
COL801859,2026-05-23 00:00:00,S504775,C2361,93555,Cheque
COL801860,2026-06-05 00:00:00,S500966,C2015,74990.96,Cash
COL801861,2026-06-13 00:00:00,S504677,C2263,39220.72,Cash
COL801862,2026-04-16 00:00:00,S503722,C2220,275470.08,Cash
COL801863,2026-08-20 00:00:00,S504548,C2380,200818.21,Card
COL801864,2026-08-12 00:00:00,S500805,C2149,272407.39,Cheque
COL801865,2026-02-15 00:00:00,S502469,C2068,39166.56,Cheque
COL801866,2026-07-24 00:00:00,S505041,C2321,188046.05,Bank Transfer
COL801867,2026-01-21 00:00:00,S504204,C2277,76616.81,Bank Transfer
COL801868,2026-06-26 00:00:00,S503110,C2340,291494.84,UPI
COL801869,2026-06-16 00:00:00,S503415,C2383,10925.94,Cash
COL801870,2026-02-07 00:00:00,S501942,C2056,338315.37,UPI
COL801871,2026-01-09 00:00:00,S500570,C2069,119448.87,Cash
COL801872,2026-01-20 00:00:00,S504614,C2437,70338.82,Cheque
COL801873,2026-03-25 00:00:00,S503322,C2310,12856.04,UPI
COL801874,2026-01-08 00:00:00,S501310,C2390,20569.43,Cheque
COL801875,2026-01-14 00:00:00,S502243,C2253,40745.95,Bank Transfer
COL801876,2026-03-03 00:00:00,S504504,C2190,98473.71,Cheque
COL801877,2026-07-31 00:00:00,S505115,C2204,178304.27,Card
COL801878,2026-06-12 00:00:00,S504247,C2356,128547.43,UPI
COL801879,2026-02-24 00:00:00,S501382,C2349,28743.39,Cash
COL801880,2026-02-14 00:00:00,S501005,C2257,13271.02,Cheque
COL801881,2026-05-29 00:00:00,S500029,C2263,104172.44,UPI
COL801882,2026-08-21 00:00:00,S501142,C2116,203678.23,Cash
COL801883,2026-02-22 00:00:00,S502580,C2029,213200.38,UPI
COL801884,2026-08-21 00:00:00,S503170,C2416,172874.9,UPI
COL801885,2026-07-01 00:00:00,S503936,C2390,357355.74,Card
COL801886,2026-03-27 00:00:00,S500499,C2300,375363.9,Cheque
COL801887,2026-06-20 00:00:00,S503697,C2077,308781.72,Card
COL801888,2026-01-06 00:00:00,S502724,C2448,351881.52,Bank Transfer
COL801889,2026-07-02 00:00:00,S500956,C2377,6516.92,UPI
COL801890,2026-02-13 00:00:00,S500129,C2108,329963.14,Cheque
COL801891,2026-04-01 00:00:00,S501908,C2014,149195,Bank Transfer
COL801892,2026-07-15 00:00:00,S502571,C2172,19909.05,Bank Transfer
COL801893,2026-01-04 00:00:00,S501641,C2253,123647.78,Card
COL801894,2026-05-01 00:00:00,S501634,C2403,202681.62,Bank Transfer
COL801895,2026-03-04 00:00:00,S503796,C2158,406714.19,Cash
COL801896,2026-04-02 00:00:00,S503174,C2448,207609.33,Cash
COL801897,2026-09-04 00:00:00,S501999,C2308,162189.36,Cash
COL801898,2026-08-07 00:00:00,S504508,C2352,233468.06,Bank Transfer
COL801899,2026-07-05 00:00:00,S502112,C2137,221741.59,UPI
COL801900,2026-07-01 00:00:00,S503320,C2165,60291.34,Cheque
COL801901,2026-03-22 00:00:00,S500580,C2325,147804.49,Cash
COL801902,2026-08-19 00:00:00,S504798,C2445,34939.2,Cash
COL801903,2026-02-07 00:00:00,S500397,C2035,299390.2,Cash
COL801904,2026-07-07 00:00:00,S504847,C2341,57562.31,Card
COL801905,2026-02-21 00:00:00,S502960,C2231,57491.65,Card
COL801906,2026-06-06 00:00:00,S501416,C2343,274390.19,Cash
COL801907,2026-06-17 00:00:00,S503846,C2400,15796.99,Cash
COL801908,2026-07-18 00:00:00,S501029,C2447,88089.94,Card
COL801909,2026-01-08 00:00:00,S503050,C2205,445064.29,Cheque
COL801910,2026-04-15 00:00:00,S503937,C2419,80686.46,UPI
COL801911,2026-08-13 00:00:00,S504897,C2127,84767.59,Cheque
COL801912,2026-08-12 00:00:00,S504829,C2023,57979.7,UPI
COL801913,2026-06-12 00:00:00,S502106,C2237,25886.18,Bank Transfer
COL801914,2026-07-29 00:00:00,S502400,C2086,93235.07,Bank Transfer
COL801915,2026-04-25 00:00:00,S500059,C2059,103269.36,Cheque
COL801916,2026-05-03 00:00:00,S504097,C2073,44006.64,Card
COL801917,2026-08-23 00:00:00,S501346,C2263,39412,Cash
COL801918,2026-01-16 00:00:00,S_DUP_001,C2180,374388.19,Bank Transfer
COL801919,2026-01-18 00:00:00,S501776,C2126,115166.85,Card
COL801920,2026-07-06 00:00:00,S500572,C2048,34535.59,Card
COL801921,2026-08-18 00:00:00,S501505,C2265,248637.87,UPI
COL801922,2026-08-05 00:00:00,S500672,C2198,166140.04,Bank Transfer
COL801923,2026-02-03 00:00:00,S500321,C2221,119653.02,Cheque
COL801924,2026-05-12 00:00:00,S503234,C2444,8780.76,Card
COL801925,2026-07-16 00:00:00,S503375,C2328,115976.24,Cheque
COL801926,2026-09-02 00:00:00,S500749,C2029,50147.1,Cheque
COL801927,2026-05-07 00:00:00,S501083,C2034,49402.07,Bank Transfer
COL801928,2026-07-25 00:00:00,S504307,C2431,329994.56,Cheque
COL801929,2026-07-12 00:00:00,S501539,C2016,254226.99,Cheque
COL801930,2026-03-02 00:00:00,S500487,C2270,287057.07,Cash
COL801931,2026-08-02 00:00:00,S503111,C2362,27966.08,Cheque
COL801932,2026-02-15 00:00:00,S504177,C2223,61059,Cash
COL801933,2026-05-29 00:00:00,S503413,C2312,233138.22,Bank Transfer
COL801934,2026-03-18 00:00:00,S500673,C2299,279689.95,Cheque
COL801935,2026-09-03 00:00:00,S504310,C2016,277704.54,Card
COL801936,2026-08-28 00:00:00,S501566,C2343,53654.34,Cheque
COL801937,2026-08-16 00:00:00,S503902,C2225,261769.12,Cash
COL801938,2026-08-09 00:00:00,S504131,C2294,225664.4,Card
COL801939,2026-05-03 00:00:00,S503602,C2213,569464.41,Bank Transfer
COL801940,2026-06-15 00:00:00,S504130,C2060,56195.83,UPI
COL801941,2026-03-14 00:00:00,S502938,C2140,94734.08,UPI
COL801942,2026-08-13 00:00:00,S503409,C2027,112446.61,Cash
COL801943,2026-03-27 00:00:00,S502346,C2209,158566.46,Bank Transfer
COL801944,2026-03-22 00:00:00,S500119,C2128,293956.43,Bank Transfer
COL801945,2026-07-07 00:00:00,S502381,C2075,350231.67,Cheque
COL801946,2026-08-03 00:00:00,S501618,C2109,306502.5,UPI
COL801947,2026-06-13 00:00:00,S501291,C2095,32572.11,Cheque
COL801948,2026-05-14 00:00:00,S502633,C2279,133007.85,Bank Transfer
COL801949,2026-08-28 00:00:00,S501860,C2342,39261.62,Cash
COL801950,2026-06-16 00:00:00,S502142,C2176,193625.3,Cash
COL801951,2026-06-06 00:00:00,S502676,C2046,446049.08,Card
COL801952,2026-06-04 00:00:00,S500914,C2117,99468.01,Cash
COL801953,2026-03-10 00:00:00,S500890,C2332,190326.26,UPI
COL801954,2026-05-17 00:00:00,S502421,C2341,145733.23,Card
COL801955,2026-06-01 00:00:00,S502506,C2388,51086.41,UPI
COL801956,2026-07-10 00:00:00,S503521,C2039,293146.37,Cheque
COL801957,2026-05-27 00:00:00,S501180,C2251,104500.37,Cheque
COL801958,2026-04-07 00:00:00,S505104,C2246,59533.3,Cash
COL801959,2026-05-03 00:00:00,S502350,C2029,52237.99,Card
COL801960,2026-06-07 00:00:00,S504653,C2137,189397.95,UPI
COL801961,2026-07-05 00:00:00,S504163,C2311,40582.83,UPI
COL801962,2026-06-17 00:00:00,S500995,C2021,262554.61,Bank Transfer
COL801963,2026-09-01 00:00:00,S501405,C2172,97688.78,Cash
COL801964,2026-04-29 00:00:00,S500720,C2415,161398.3,Cheque
COL801965,2026-07-15 00:00:00,S500295,C2235,50326.59,Bank Transfer
COL801966,2026-09-04 00:00:00,S504515,C2300,15425.77,Cheque
COL801967,2026-02-01 00:00:00,S504205,C2312,219802.48,Cheque
COL801968,2026-04-23 00:00:00,S503737,C2338,68164.86,UPI
COL801969,2026-03-06 00:00:00,S500476,C2314,139308.72,Cheque
COL801970,2026-06-11 00:00:00,S504200,C2251,105886.37,Card
COL801971,2026-03-26 00:00:00,S502674,C2142,112990.68,Cheque
COL801972,2026-06-08 00:00:00,S500088,C2280,234942.66,Card
COL801973,2026-02-28 00:00:00,S501937,C2233,283628.41,Cheque
COL801974,2026-07-25 00:00:00,S501555,C2320,94541.83,Bank Transfer
COL801975,2026-01-26 00:00:00,S504575,C2300,74653.65,UPI
COL801976,2026-05-30 00:00:00,S500723,C2030,67737.93,Bank Transfer
COL801977,2026-06-11 00:00:00,S500929,C2364,40032.18,UPI
COL801978,2026-08-13 00:00:00,S504460,C2206,170096.56,Bank Transfer
COL801979,2026-05-01 00:00:00,S500118,C2008,106396.32,Cash
COL801980,2026-01-13 00:00:00,S500444,C2207,88403.06,Cheque
COL801981,2026-08-12 00:00:00,S504883,C2129,409262.03,Cheque
COL801982,2026-02-24 00:00:00,S504675,C2265,193854.17,Cash
COL801983,2026-05-16 00:00:00,S500336,C2072,214624.12,Cash
COL801984,2026-07-09 00:00:00,S505011,C2063,411715.81,Card
COL801985,2026-05-30 00:00:00,S503249,C2258,191066.06,Bank Transfer
COL801986,2026-08-21 00:00:00,S504824,C2333,39531.64,Cheque
COL801987,2026-02-25 00:00:00,S500717,C2387,58478.28,Card
COL801988,2026-03-25 00:00:00,S502567,C2017,85951.64,Cheque
COL801989,2026-05-29 00:00:00,S503108,C2047,50235.32,Cash
COL801990,2026-04-08 00:00:00,S500232,C2382,47090.32,Card
COL801991,2026-06-26 00:00:00,S503809,C2078,47020.16,Card
COL801992,2026-04-04 00:00:00,S501437,C2017,370304.87,Card
COL801993,2026-05-14 00:00:00,S503452,C2078,456443.41,Bank Transfer
COL801994,2026-02-04 00:00:00,S501721,C2188,575179.19,Card
COL801995,2026-06-04 00:00:00,S504021,C2352,23465.48,Cheque
COL801996,2026-07-31 00:00:00,S500458,C2136,180157.66,Bank Transfer
COL801997,2026-05-06 00:00:00,S502894,C2016,89072.8,Cheque
COL801998,2026-04-23 00:00:00,S503259,C2286,338379.9,Card
COL801999,2026-08-18 00:00:00,S502088,C2416,22866.79,Card
COL802000,2026-06-17 00:00:00,S502316,C2118,516342.3,Cheque
COL802001,2026-01-14 00:00:00,S503684,C2116,521385.49,UPI
COL802002,2026-03-15 00:00:00,S502098,C2204,86691.2,Card
COL802003,2026-02-21 00:00:00,S503933,C2207,58408.61,Card
COL802004,2026-04-16 00:00:00,S500473,C2056,301327.06,Bank Transfer
COL802005,2026-07-26 00:00:00,S500607,C2324,11341.76,Cheque
COL802006,2026-02-09 00:00:00,S500208,C2275,46002.84,Card
COL802007,2026-02-12 00:00:00,S503628,C2262,95666.59,Cheque
COL802008,2026-04-22 00:00:00,S501220,C2446,213794.43,Bank Transfer
COL802009,2026-07-05 00:00:00,S503427,C2448,103602.78,Cheque
COL802010,2026-01-03 00:00:00,S503818,C2055,434751.96,Cheque
COL802011,2026-05-23 00:00:00,S504728,C2017,122207.26,Bank Transfer
COL802012,2026-06-22 00:00:00,S500095,C2387,169891.65,Card
COL802013,2026-04-05 00:00:00,S501202,C2389,449751.3,Cheque
COL802014,2026-05-19 00:00:00,S504447,C2162,114557.08,UPI
COL802015,2026-08-26 00:00:00,S501154,C2170,86790.9,Card
COL802016,2026-06-16 00:00:00,S501357,C2252,93982.46,Bank Transfer
COL802017,2026-01-19 00:00:00,S500369,C2358,28220.99,Cash
COL802018,2026-07-26 00:00:00,S503092,C2269,199176.86,UPI
COL802019,2026-08-18 00:00:00,S503208,C2044,257914.07,Card
COL802020,2026-05-28 00:00:00,S502941,C2047,153248.47,Bank Transfer
COL802021,2026-08-02 00:00:00,S500652,C2120,174866.5,UPI
COL802022,2026-07-18 00:00:00,S500234,C2072,157437.53,Card
COL802023,2026-02-25 00:00:00,S501178,C2233,16557.04,Cash
COL802024,2026-03-19 00:00:00,S503841,C2394,43354.27,Card
COL802025,2026-04-28 00:00:00,S502916,C2051,69534.36,Cash
COL802026,2026-05-12 00:00:00,S500774,C2417,46186.27,Cash
COL802027,2026-01-09 00:00:00,S503742,C2346,347629.28,Cheque
COL802028,2026-08-19 00:00:00,S501528,C2407,7215.81,Bank Transfer
COL802029,2026-06-02 00:00:00,S503671,C2250,71465.82,Cheque
COL802030,2026-06-24 00:00:00,S503831,C2263,68253.8,Cash
COL802031,2026-08-15 00:00:00,S503255,C2107,100553.95,Bank Transfer
COL802032,2026-08-17 00:00:00,S503546,C2115,569673.22,Bank Transfer
COL802033,2026-02-18 00:00:00,S504482,C2127,285955.81,Bank Transfer
COL802034,2026-06-04 00:00:00,S505176,C2073,180661.69,UPI
COL802035,2026-01-28 00:00:00,S502149,C2191,65946.69,Card
COL802036,2026-08-04 00:00:00,S503312,C2272,161825.78,Cash
COL802037,2026-08-13 00:00:00,S501185,C2374,276451.97,Bank Transfer
COL802038,2026-08-13 00:00:00,S500098,C2387,162881.86,UPI
COL802039,2026-07-09 00:00:00,S503318,C2147,124105.24,UPI
COL802040,2026-01-16 00:00:00,S502001,C2091,237150.61,Cash
COL802041,2026-03-28 00:00:00,S501076,C2110,105469.58,Cheque
COL802042,2026-06-23 00:00:00,S501605,C2099,47314.5,UPI
COL802043,2026-07-22 00:00:00,S500005,C2416,164984.81,Cash
COL802044,2026-06-23 00:00:00,S502424,C2212,70462.41,UPI
COL802045,2026-06-17 00:00:00,S504645,C2192,114760.29,Cash
COL802046,2026-03-24 00:00:00,S503138,C2430,201243.01,Bank Transfer
COL802047,2026-02-03 00:00:00,S500056,C2227,248320.81,Cheque
COL802048,2026-08-03 00:00:00,S501669,C2097,71787.66,UPI
COL802049,2026-05-18 00:00:00,S503739,C2428,191092.76,UPI
COL802050,2026-08-17 00:00:00,S504859,C2087,38931.23,UPI
COL802051,2026-08-27 00:00:00,S503191,C2189,37203.98,Card
COL802052,2026-01-01 00:00:00,S503083,C2045,222509.45,Card
COL802053,2026-03-07 00:00:00,S501858,C2370,281596.31,Bank Transfer
COL802054,2026-04-25 00:00:00,S500359,C2390,93614.79,UPI
COL802055,2026-08-02 00:00:00,S503740,C2351,129930.02,Cheque
COL802056,2026-05-25 00:00:00,S504592,C2406,299560.66,Card
COL802057,2026-02-16 00:00:00,S503898,C2249,391623.62,Cash
COL802058,2026-01-24 00:00:00,S502714,C2026,113328.54,Cash
COL802059,2026-06-27 00:00:00,S502293,C2163,27868.29,Cash
COL802060,2026-08-01 00:00:00,S504763,C2141,217546.74,Bank Transfer
COL802061,2026-04-14 00:00:00,S503498,C2450,140259.79,UPI
COL802062,2026-01-29 00:00:00,S503604,C2072,351688.88,UPI
COL802063,2026-09-02 00:00:00,S501753,C2118,188369.86,Card
COL802064,2026-07-25 00:00:00,S504579,C2418,143485.94,Cash
COL802065,2026-03-13 00:00:00,S500773,C2278,469880.39,Bank Transfer
COL802066,2026-08-10 00:00:00,S503562,C2239,151301.25,Cheque
COL802067,2026-03-27 00:00:00,S503630,C2159,224021.49,UPI
COL802068,2026-08-03 00:00:00,S502704,C2285,273253.75,UPI
COL802069,2026-04-14 00:00:00,S504235,C2357,252756.56,Bank Transfer
COL802070,2026-08-31 00:00:00,S502011,C2070,185099.78,Card
COL802071,2026-05-21 00:00:00,S503814,C2066,21001.17,Bank Transfer
COL802072,2026-07-11 00:00:00,S503501,C2198,55375.05,Card
COL802073,2026-06-05 00:00:00,S502270,C2022,167239.17,UPI
COL802074,2026-08-10 00:00:00,S500125,C2058,384830.99,Card
COL802075,2026-05-13 00:00:00,S500278,C2072,99465.63,Card
COL802076,2026-03-15 00:00:00,S501306,C2141,420679.67,Card
COL802077,2026-08-19 00:00:00,S504086,C2055,315036.73,Card
COL802078,2026-05-17 00:00:00,S503593,C2002,49468.66,Cash
COL802079,2026-05-22 00:00:00,S503424,C2320,460224.53,Cash
COL802080,2026-04-12 00:00:00,S501041,C2279,26284.79,Cash
COL802081,2026-05-18 00:00:00,S501913,C2391,59926.45,Cash
COL802082,2026-06-10 00:00:00,S504369,C2258,111750.89,Bank Transfer
COL802083,2026-03-16 00:00:00,S502333,C2065,69650.15,Cheque
COL802084,2026-02-09 00:00:00,S503160,C2340,225033.44,Card
COL802085,2026-05-14 00:00:00,S504445,C2359,369181.21,Bank Transfer
COL802086,2026-01-17 00:00:00,S502822,C2105,257312.66,Cash
COL802087,2026-06-13 00:00:00,S502427,C2268,68654.62,Card
COL802088,2026-03-11 00:00:00,S504667,C2405,190959.88,Cheque
COL802089,2026-03-02 00:00:00,S503636,C2297,24041.92,Card
COL802090,2026-04-21 00:00:00,S504715,C2113,262414.14,UPI
COL802091,2026-07-21 00:00:00,S504212,C2048,116102.07,UPI
COL802092,2026-06-26 00:00:00,S500257,C2260,77231.92,Bank Transfer
COL802093,2026-08-22 00:00:00,S500736,C2047,172026.92,Cheque
COL802094,2026-07-16 00:00:00,S502722,C2063,152755.55,Bank Transfer
COL802095,2026-03-24 00:00:00,S501147,C2025,378683.68,Card
COL802096,2026-07-18 00:00:00,S500376,C2437,229877.33,Cheque
COL802097,2026-01-24 00:00:00,S500228,C2058,119064.67,Bank Transfer
COL802098,2026-02-20 00:00:00,S501032,C2052,468979.75,Card
COL802099,2026-06-19 00:00:00,S502262,C2030,15023.16,Cash
COL802100,2026-05-27 00:00:00,S501489,C2246,166577.49,Card
COL802101,2026-03-03 00:00:00,S502841,C2249,153928.26,Bank Transfer
COL802102,2026-07-22 00:00:00,S502060,C2346,81746.63,Cheque
COL802103,2026-03-08 00:00:00,S503410,C2002,205345.99,Cheque
COL802104,2026-01-30 00:00:00,S500262,C2057,53583.87,Cash
COL802105,2026-04-17 00:00:00,S500140,C2182,92946.2,Bank Transfer
COL802106,2026-06-15 00:00:00,S504453,C2370,132646.98,Cash
COL802107,2026-05-14 00:00:00,S502743,C2223,147355.5,UPI
COL802108,2026-04-21 00:00:00,S502077,C2294,144140.64,Card
COL802109,2026-08-15 00:00:00,S501980,C2128,450944.46,UPI
COL802110,2026-05-30 00:00:00,S501256,C2388,112957.29,UPI
COL802111,2026-05-01 00:00:00,S501218,C2289,219668.19,Cash
COL802112,2026-01-11 00:00:00,S504119,C2320,211181.75,Cash
COL802113,2026-03-13 00:00:00,S503549,C2299,209624.98,Card
COL802114,2026-04-01 00:00:00,S504168,C2087,99057.13,Cash
COL802115,2026-01-29 00:00:00,S503505,C2437,74992.93,Cash
COL802116,2026-04-29 00:00:00,S501428,C2058,49494,Cash
COL802117,2026-04-29 00:00:00,S502266,C2325,14259.93,Cash
COL802118,2026-01-08 00:00:00,S502412,C2066,128257.15,Cash
COL802119,2026-08-03 00:00:00,S503538,C2341,181565.11,UPI
COL802120,2026-08-09 00:00:00,S504683,C2328,60230.69,UPI
COL802121,2026-03-21 00:00:00,S505165,C2367,59455.22,Card
COL802122,2026-06-12 00:00:00,S501526,C2352,228505.8,Cheque
COL802123,2026-03-13 00:00:00,S502467,C2088,89975.3,Card
COL802124,2026-07-19 00:00:00,S501470,C2248,105533.53,Bank Transfer
COL802125,2026-06-22 00:00:00,S500857,C2147,167131.39,Card
COL802126,2026-02-02 00:00:00,S501802,C2438,210219.08,Card
COL802127,2026-08-22 00:00:00,S504766,C2158,50712.9,Cash
COL802128,2026-01-05 00:00:00,S501856,C2236,49625.2,Cash
COL802129,2026-07-09 00:00:00,S501935,C2048,330134.84,Cash
COL802130,2026-06-14 00:00:00,S502239,C2016,26055.43,Cheque
COL802131,2026-05-25 00:00:00,S501519,C2054,510064.07,Cash
COL802132,2026-01-22 00:00:00,S502227,C2160,127645.89,Bank Transfer
COL802133,2026-03-19 00:00:00,S503552,C2372,266954.41,UPI
COL802134,2026-08-18 00:00:00,S501286,C2013,361339.54,Bank Transfer
COL802135,2026-06-09 00:00:00,S500316,C2398,279774.73,Cheque
COL802136,2026-01-14 00:00:00,S503534,C2228,55477.79,Cash
COL802137,2026-08-24 00:00:00,S501902,C2211,118539.96,Card
COL802138,2026-05-28 00:00:00,S503416,C2239,25206.21,UPI
COL802139,2026-05-30 00:00:00,S503327,C2243,179721.61,Cheque
COL802140,2026-01-30 00:00:00,S501417,C2412,133428.88,Bank Transfer
COL802141,2026-07-01 00:00:00,S504732,C2429,320803.31,Cash
COL802142,2026-06-10 00:00:00,S500406,C2363,200493.65,Cheque
COL802143,2026-01-05 00:00:00,S502447,C2272,222429.67,Cheque
COL802144,2026-01-18 00:00:00,S500665,C2041,123368.88,Card
COL802145,2026-03-04 00:00:00,S502184,C2305,381536.85,Card
COL802146,2026-06-23 00:00:00,S500691,C2407,10520.08,Card
COL802147,2026-05-15 00:00:00,S500567,C2327,227837.71,Bank Transfer
COL802148,2026-06-06 00:00:00,S504399,C2059,330479.09,Card
COL802149,2026-02-26 00:00:00,S504332,C2378,44165.74,Cheque
COL802150,2026-06-24 00:00:00,S502551,C2101,239119.72,Cheque
COL802151,2026-01-09 00:00:00,S500144,C2029,325761.84,Cheque
COL802152,2026-08-27 00:00:00,S502936,C2154,23103.47,UPI
COL802153,2026-07-06 00:00:00,S502931,C2243,208017.53,UPI
COL802154,2026-04-22 00:00:00,S501315,C2254,28119.62,Bank Transfer
COL802155,2026-04-15 00:00:00,S500955,C2130,363686.99,Card
COL802156,2026-05-03 00:00:00,S503328,C2439,157016.74,Cheque
COL802157,2026-03-12 00:00:00,S504151,C2113,58929.89,Card
COL802158,2026-07-18 00:00:00,S503825,C2102,43568.33,Cheque
COL802159,2026-04-23 00:00:00,S500766,C2316,266010.77,UPI
COL802160,2026-06-20 00:00:00,S502568,C2296,79003.02,Cheque
COL802161,2026-02-28 00:00:00,S504231,C2231,212059.75,Bank Transfer
COL802162,2026-01-06 00:00:00,S502232,C2180,112561.5,Cash
COL802163,2026-04-20 00:00:00,S503724,C2102,69586.44,Cheque
COL802164,2026-04-21 00:00:00,S502195,C2389,443622.11,Bank Transfer
COL802165,2026-02-22 00:00:00,S503644,C2354,582218.2,UPI
COL802166,2026-03-05 00:00:00,S501933,C2318,86629.95,UPI
COL802167,2026-08-20 00:00:00,S501053,C2358,193545,Cash
COL802168,2026-09-05 00:00:00,S500810,C2108,42584.07,Card
COL802169,2026-08-07 00:00:00,S501309,C2226,159069.08,Card
COL802170,2026-01-04 00:00:00,S503995,C2109,23068.11,Cheque
COL802171,2026-01-01 00:00:00,S501532,C2099,135893.85,UPI
COL802172,2026-03-11 00:00:00,S500270,C2218,144906.31,Bank Transfer
COL802173,2026-01-31 00:00:00,S503969,C2026,50698.97,Cash
COL802174,2026-03-06 00:00:00,S503504,C2435,14312.13,Card
COL802175,2026-04-27 00:00:00,S501013,C2213,122381.33,Cheque
COL802176,2026-07-16 00:00:00,S500227,C2089,119781.23,Cheque
COL802177,2026-01-19 00:00:00,S501978,C2107,453606.32,UPI
COL802178,2026-07-16 00:00:00,S503029,C2310,273878.61,Bank Transfer
COL802179,2026-04-28 00:00:00,S501110,C2104,37776.19,Bank Transfer
COL802180,2026-03-10 00:00:00,S501915,C2016,96527.53,Card
COL802181,2026-06-26 00:00:00,S502114,C2321,57699.62,Cheque
COL802182,2026-01-31 00:00:00,S501108,C2368,37321.06,UPI
COL802183,2026-07-07 00:00:00,S500354,C2364,50066.05,Bank Transfer
COL802184,2026-08-24 00:00:00,S501134,C2448,77045.78,Cheque
COL802185,2026-07-18 00:00:00,S503221,C2120,50700.44,Bank Transfer
COL802186,2026-03-20 00:00:00,S504561,C2389,69331.63,Cash
COL802187,2026-08-31 00:00:00,S500149,C2176,41460.78,Bank Transfer
COL802188,2026-02-24 00:00:00,S500461,C2449,306352.45,Bank Transfer
COL802189,2026-09-02 00:00:00,S502808,C2245,34209.19,Cheque
COL802190,2026-07-24 00:00:00,S502489,C2394,136547.24,Bank Transfer
COL802191,2026-07-23 00:00:00,S501364,C2437,596111.56,Bank Transfer
COL802192,2026-05-07 00:00:00,S503703,C2023,75680.81,Cash
COL802193,2026-07-30 00:00:00,S504935,C2186,152516.1,Bank Transfer
COL802194,2026-03-18 00:00:00,S501983,C2096,98983.94,Bank Transfer
COL802195,2026-04-01 00:00:00,S500909,C2226,314448.84,Cheque
COL802196,2026-06-15 00:00:00,S500886,C2090,158516.79,UPI
COL802197,2026-06-10 00:00:00,S504327,C2221,559397.83,Cash
COL802198,2026-01-06 00:00:00,S504655,C2154,152340.96,Bank Transfer
COL802199,2026-05-21 00:00:00,S500111,C2154,43587.55,UPI
COL802200,2026-07-24 00:00:00,S501853,C2380,130105.28,Cheque
COL802201,2026-07-24 00:00:00,S502681,C2061,11409.86,Cash
COL802202,2026-01-20 00:00:00,S501492,C2397,395221.5,Cheque
COL802203,2026-04-10 00:00:00,S504664,C2275,69351.5,UPI
COL802204,2026-06-14 00:00:00,S501196,C2402,400495.22,Cash
COL802205,2026-02-14 00:00:00,S504179,C2178,75344.38,Bank Transfer
COL802206,2026-07-20 00:00:00,S504712,C2413,509944.85,UPI
COL802207,2026-03-22 00:00:00,S503336,C2225,70469.25,Cheque
COL802208,2026-08-15 00:00:00,S501483,C2265,124808.09,Cash
COL802209,2026-02-28 00:00:00,S501302,C2279,28148.62,UPI
COL802210,2026-02-21 00:00:00,S501894,C2221,47791.59,UPI
COL802211,2026-05-26 00:00:00,S501441,C2215,267613.36,Cheque
COL802212,2026-01-25 00:00:00,S505188,C2426,47707.87,Cheque
COL802213,2026-05-03 00:00:00,S501886,C2212,278824.03,Bank Transfer
COL802214,2026-07-26 00:00:00,S503268,C2174,206007.55,Bank Transfer
COL802215,2026-08-03 00:00:00,S503168,C2176,153186.01,UPI
COL802216,2026-05-09 00:00:00,S502632,C2095,263627.93,Cheque
COL802217,2026-02-10 00:00:00,S503027,C2250,371557,UPI
COL802218,2026-04-12 00:00:00,S500480,C2144,49699.16,Card
COL802219,2026-01-18 00:00:00,S505111,C2104,167175.02,Cheque
COL802220,2026-05-09 00:00:00,S502394,C2210,195372.59,Card
COL802221,2026-09-03 00:00:00,S500215,C2379,148354.12,Card
COL802222,2026-06-16 00:00:00,S500267,C2173,535816.36,Cheque
COL802223,2026-07-21 00:00:00,S500142,C2334,284258.57,Bank Transfer
COL802224,2026-06-08 00:00:00,S504771,C2344,156741.19,UPI
COL802225,2026-04-12 00:00:00,S501091,C2078,285187.8,Cash
COL802226,2026-03-12 00:00:00,S501125,C2332,3342.95,Cash
COL802227,2026-06-15 00:00:00,S504260,C2043,363343.72,Cheque
COL802228,2026-01-08 00:00:00,S503321,C2378,78485.6,Bank Transfer
COL802229,2026-06-11 00:00:00,S501198,C2333,68943.03,Bank Transfer
COL802230,2026-03-14 00:00:00,S501715,C2201,318107.45,Bank Transfer
COL802231,2026-03-30 00:00:00,S501049,C2261,374839.13,Cash
COL802232,2026-01-27 00:00:00,S501680,C2202,287765.09,Card
COL802233,2026-06-18 00:00:00,S501514,C2138,88482.24,Cash
COL802234,2026-01-07 00:00:00,S503819,C2379,67170.99,Bank Transfer
COL802235,2026-02-01 00:00:00,S501039,C2303,54308.03,Cash
COL802236,2026-03-14 00:00:00,S500410,C2224,122690.38,Cash
COL802237,2026-07-28 00:00:00,S501377,C2221,361758.36,UPI
COL802238,2026-04-09 00:00:00,S504892,C2333,215247.72,Cheque
COL802239,2026-04-22 00:00:00,S500055,C2449,227410.94,Card
COL802240,2026-05-24 00:00:00,S500743,C2147,73388.37,UPI
COL802241,2026-05-10 00:00:00,S500918,C2033,27512.38,Cheque
COL802242,2026-06-20 00:00:00,S502428,C2149,188223.62,Bank Transfer
COL802243,2026-01-31 00:00:00,S500843,C2266,551853.87,UPI
COL802244,2026-03-21 00:00:00,S504956,C2211,87858.03,Cheque
COL802245,2026-06-24 00:00:00,S501415,C2132,103328.49,UPI
COL802246,2026-02-02 00:00:00,S504309,C2101,464189.56,Cash
COL802247,2026-08-01 00:00:00,S502244,C2060,97985.71,Cash
COL802248,2026-05-25 00:00:00,S505152,C2140,57082.84,UPI
COL802249,2026-04-09 00:00:00,S500714,C2401,250651.93,UPI
COL802250,2026-02-23 00:00:00,S502336,C2357,251648.45,Card
COL802251,2026-02-23 00:00:00,S502151,C2415,53787.35,Bank Transfer
COL802252,2026-06-28 00:00:00,S504338,C2332,102740.07,Cash
COL802253,2026-06-29 00:00:00,S502835,C2265,158006.14,UPI
COL802254,2026-05-15 00:00:00,S503192,C2360,86481.17,Cheque
COL802255,2026-07-01 00:00:00,S504501,C2017,189008.61,Bank Transfer
COL802256,2026-08-09 00:00:00,S504585,C2409,453224.95,Cheque
COL802257,2026-05-19 00:00:00,S504747,C2109,54247.8,Bank Transfer
COL802258,2026-07-09 00:00:00,S500574,C2057,119754.81,Cheque
COL802259,2026-01-30 00:00:00,S502152,C2138,366338.45,Cash
COL802260,2026-03-23 00:00:00,S501466,C2219,271272.94,UPI
COL802261,2026-02-26 00:00:00,S500885,C2342,51578.57,UPI
COL802262,2026-06-23 00:00:00,S502072,C2298,179117.91,Card
COL802263,2026-07-27 00:00:00,S502402,C2332,121825.37,UPI
COL802264,2026-03-11 00:00:00,S502030,C2352,167874.05,Cash
COL802265,2026-03-07 00:00:00,S504866,C2306,35994.89,Bank Transfer
COL802266,2026-07-02 00:00:00,S500353,C2281,37042.67,Bank Transfer
COL802267,2026-08-23 00:00:00,S502952,C2262,296183.34,UPI
COL802268,2026-04-17 00:00:00,S500989,C2191,64370.26,Cheque
COL802269,2026-07-05 00:00:00,S501895,C2015,172668.09,UPI
COL802270,2026-01-10 00:00:00,S505119,C2143,108419.26,Bank Transfer
COL802271,2026-05-12 00:00:00,S503245,C2406,139032.24,Card
COL802272,2026-08-29 00:00:00,S503001,C2334,113079.36,Bank Transfer
COL802273,2026-03-15 00:00:00,S500884,C2074,459597.29,Cheque
COL802274,2026-03-14 00:00:00,S500875,C2290,347127.45,Cheque
COL802275,2026-03-03 00:00:00,S503966,C2408,113745.6,Card
COL802276,2026-04-19 00:00:00,S504908,C2337,280505.39,Cheque
COL802277,2026-06-20 00:00:00,S502909,C2269,44987.71,UPI
COL802278,2026-02-11 00:00:00,S503729,C2280,114207.1,UPI
COL802279,2026-01-24 00:00:00,S504982,C2266,6706.74,Bank Transfer
COL802280,2026-01-05 00:00:00,S503514,C2115,341642.52,Cash
COL802281,2026-04-09 00:00:00,S500428,C2255,421827.99,UPI
COL802282,2026-07-15 00:00:00,S501709,C2261,128290.79,UPI
COL802283,2026-04-09 00:00:00,S503799,C2314,723339.02,Card
COL802284,2026-08-22 00:00:00,S502529,C2280,37993.4,UPI
COL802285,2026-04-30 00:00:00,S500109,C2417,190742.6,Bank Transfer
COL802286,2026-03-18 00:00:00,S502533,C2094,54995.02,Card
COL802287,2026-04-11 00:00:00,S504828,C2035,9125.8,UPI
COL802288,2026-04-06 00:00:00,S502831,C2301,239500.71,Bank Transfer
COL802289,2026-06-22 00:00:00,S500589,C2004,62867.18,Card
COL802290,2026-07-06 00:00:00,S501225,C2376,255205.56,Cash
COL802291,2026-04-30 00:00:00,S502558,C2259,318066.8,Bank Transfer
COL802292,2026-03-06 00:00:00,S500892,C2348,39949.31,UPI
COL802293,2026-07-10 00:00:00,S501109,C2216,38071.2,Card
COL802294,2026-05-01 00:00:00,S500078,C2059,145877.12,Cash
COL802295,2026-07-22 00:00:00,S501791,C2112,285649.77,Bank Transfer
COL802296,2026-03-31 00:00:00,S501885,C2090,190005.17,Cash
COL802297,2026-07-14 00:00:00,S502604,C2330,210053.5,Bank Transfer
COL802298,2026-06-26 00:00:00,S500486,C2182,67165.73,UPI
COL802299,2026-04-25 00:00:00,S504634,C2281,113599.2,Bank Transfer
COL802300,2026-03-18 00:00:00,S504110,C2028,76189.19,UPI
COL802301,2026-02-01 00:00:00,S501350,C2226,206680.13,Bank Transfer
COL802302,2026-04-22 00:00:00,S501752,C2361,84318.65,Card
COL802303,2026-06-27 00:00:00,S501155,C2274,129986.62,Bank Transfer
COL802304,2026-08-03 00:00:00,S502461,C2297,130507.74,Bank Transfer
COL802305,2026-07-05 00:00:00,S500891,C2227,253993.12,Cheque
COL802306,2026-02-21 00:00:00,S504084,C2216,109738.62,Cheque
COL802307,2026-01-23 00:00:00,S502663,C2235,62153.53,Bank Transfer
COL802308,2026-08-31 00:00:00,S500442,C2212,36970.73,Cheque
COL802309,2026-01-30 00:00:00,S500998,C2159,94158.21,UPI
COL802310,2026-03-11 00:00:00,S501690,C2446,303287.28,Cheque
COL802311,2026-09-04 00:00:00,S502366,C2156,31770.33,Bank Transfer
COL802312,2026-03-12 00:00:00,S500329,C2098,534573.8,Cash
COL802313,2026-04-21 00:00:00,S502147,C2259,285341.9,Cash
COL802314,2026-06-07 00:00:00,S500492,C2383,117313.25,Bank Transfer
COL802315,2026-02-06 00:00:00,S504521,C2249,159706.71,Bank Transfer
COL802316,2026-02-17 00:00:00,S503164,C2423,425481.24,Cash
COL802317,2026-06-09 00:00:00,S501969,C2190,194848.14,Card
COL802318,2026-03-11 00:00:00,S502639,C2380,162550.5,Cheque
COL802319,2026-02-04 00:00:00,S504881,C2331,221846.8,Card
COL802320,2026-08-12 00:00:00,S502954,C2382,364774.07,UPI
COL802321,2026-07-23 00:00:00,S501525,C2402,9785.63,Cash
COL802322,2026-03-09 00:00:00,S502383,C2078,107264.91,Cash
COL802323,2026-06-09 00:00:00,S500705,C2159,161885.74,Card
COL802324,2026-02-28 00:00:00,S501340,C2084,12950.16,UPI
COL802325,2026-04-28 00:00:00,S501392,C2363,118461.45,Card
COL802326,2026-06-12 00:00:00,S500301,C2249,174308.66,UPI
COL802327,2026-04-22 00:00:00,S500849,C2135,161569.31,Bank Transfer
COL802328,2026-05-24 00:00:00,S502157,C2405,142673.51,Bank Transfer
COL802329,2026-04-29 00:00:00,S502718,C2356,124428.42,Cash
COL802330,2026-04-25 00:00:00,S501442,C2161,627176.93,Bank Transfer
COL802331,2026-07-26 00:00:00,S502460,C2323,62664.98,Card
COL802332,2026-04-15 00:00:00,S500488,C2187,354311.42,UPI
COL802333,2026-06-29 00:00:00,S504772,C2432,213456.3,Cash
COL802334,2026-03-07 00:00:00,S501990,C2181,62067.42,Bank Transfer
COL802335,2026-01-06 00:00:00,S502943,C2422,230998.98,Cash
COL802336,2026-01-14 00:00:00,S503355,C2296,10904.12,Cash
COL802337,2026-08-21 00:00:00,S505120,C2023,160080.07,UPI
COL802338,2026-06-06 00:00:00,S503633,C2421,67079.44,Card
COL802339,2026-04-16 00:00:00,S502983,C2102,84464.01,Card
COL802340,2026-06-03 00:00:00,S502544,C2176,21501.62,Cheque
COL802341,2026-01-18 00:00:00,S504214,C2084,66956.41,Card
COL802342,2026-08-27 00:00:00,S505122,C2307,303901.95,Bank Transfer
COL802343,2026-01-04 00:00:00,S504789,C2260,28613.95,Cheque
COL802344,2026-08-17 00:00:00,S503008,C2272,115477.31,Cheque
COL802345,2026-02-26 00:00:00,S500604,C2092,91838.89,Cheque
COL802346,2026-04-29 00:00:00,S500341,C2371,131845.91,Cheque
COL802347,2026-02-22 00:00:00,S503647,C2386,58546.54,Card
COL802348,2026-04-12 00:00:00,S500685,C2100,166681.83,Cheque
COL802349,2026-01-25 00:00:00,S500863,C2395,141588.79,Bank Transfer
COL802350,2026-06-24 00:00:00,S504232,C2262,55820.42,Bank Transfer
COL802351,2026-06-29 00:00:00,S504983,C2149,41216.21,Cash
COL802352,2026-08-09 00:00:00,S502965,C2348,59294.74,Bank Transfer
COL802353,2026-06-11 00:00:00,S502233,C2377,394391.62,Cash
COL802354,2026-05-24 00:00:00,S502353,C2116,154276.84,Bank Transfer
COL802355,2026-08-17 00:00:00,S504487,C2389,217909.43,Cheque
COL802356,2026-04-04 00:00:00,S503356,C2039,119687.19,UPI
COL802357,2026-08-03 00:00:00,S503623,C2413,90256.11,Cheque
COL802358,2026-05-07 00:00:00,S504648,C2004,128789.64,Card
COL802359,2026-05-04 00:00:00,S505066,C2230,462928.32,Cash
COL802360,2026-02-05 00:00:00,S503466,C2294,2965.29,UPI
COL802361,2026-06-05 00:00:00,S504544,C2192,450727.31,Bank Transfer
COL802362,2026-07-12 00:00:00,S504716,C2374,6781.5,Cheque
COL802363,2026-03-13 00:00:00,S502750,C2182,159406.72,Cash
COL802364,2026-02-22 00:00:00,S500286,C2116,538768.54,Cash
COL802365,2026-06-19 00:00:00,S504876,C2224,337331.3,Bank Transfer
COL802366,2026-03-20 00:00:00,S500445,C2318,280058.21,Cash
COL802367,2026-04-08 00:00:00,S501681,C2250,464654.01,Bank Transfer
COL802368,2026-05-27 00:00:00,S504616,C2160,280074.27,Bank Transfer
COL802369,2026-02-13 00:00:00,S504735,C2080,32168.9,Cheque
COL802370,2026-01-30 00:00:00,S504274,C2393,378485.58,Cash
COL802371,2026-03-15 00:00:00,S502690,C2397,184454.54,Card
COL802372,2026-06-21 00:00:00,S501668,C2412,243173.61,Card
COL802373,2026-04-27 00:00:00,S503270,C2351,48160.55,Cheque
COL802374,2026-06-04 00:00:00,S504064,C2357,58313.24,Cheque
COL802375,2026-03-25 00:00:00,S500862,C2043,183449.2,Bank Transfer
COL802376,2026-08-05 00:00:00,S501657,C2404,11030.27,Card
COL802377,2026-03-14 00:00:00,S501869,C2125,216514.21,Cash
COL802378,2026-08-20 00:00:00,S501401,C2012,50960.67,Card
COL802379,2026-02-03 00:00:00,S504937,C2069,108270.74,Cheque
COL802380,2026-05-07 00:00:00,S501294,C2025,46201.54,Cheque
COL802381,2026-03-26 00:00:00,S501088,C2080,98888.74,Bank Transfer
COL802382,2026-06-01 00:00:00,S502113,C2167,180970.86,Cash
COL802383,2026-02-25 00:00:00,S500269,C2247,122730.2,Cheque
COL802384,2026-01-07 00:00:00,S504145,C2421,235655.4,Cash
COL802385,2026-07-15 00:00:00,S503294,C2109,58431.85,Card
COL802386,2026-02-20 00:00:00,S502382,C2329,359063.05,Bank Transfer
COL802387,2026-05-16 00:00:00,S503093,C2404,522046.23,Card
COL802388,2026-07-03 00:00:00,S500006,C2216,204455.54,Cheque
COL802389,2026-07-24 00:00:00,S503468,C2052,15046.98,Cheque
COL802390,2026-02-27 00:00:00,S503589,C2264,39119.24,Cash
COL802391,2026-03-26 00:00:00,S502495,C2196,69625.37,Cheque
COL802392,2026-08-15 00:00:00,S504095,C2063,73389.25,Cash
COL802393,2026-03-10 00:00:00,S502355,C2428,218267.25,UPI
COL802394,2026-09-01 00:00:00,S500489,C2245,99008.77,Cheque
COL802395,2026-01-08 00:00:00,S501948,C2397,46215.53,Card
COL802396,2026-07-13 00:00:00,S504094,C2177,253660.09,Card
COL802397,2026-06-01 00:00:00,S501438,C2020,121900.56,Cash
COL802398,2026-06-19 00:00:00,S501424,C2273,567338.32,UPI
COL802399,2026-02-23 00:00:00,S501846,C2426,88781.54,Cheque
COL802400,2026-05-24 00:00:00,S500053,C2035,101539.79,Bank Transfer
COL802401,2026-05-12 00:00:00,S501795,C2110,196948.62,Bank Transfer
COL802402,2026-02-28 00:00:00,S501847,C2107,228425.25,Card
COL802403,2026-04-04 00:00:00,S503988,C2425,54126.9,Cheque
COL802404,2026-02-15 00:00:00,S500275,C2047,57536.71,Bank Transfer
COL802405,2026-04-04 00:00:00,S502314,C2107,51617.49,Cash
COL802406,2026-04-09 00:00:00,S500299,C2059,39599.8,Cheque
COL802407,2026-08-22 00:00:00,S504517,C2359,11914.27,Card
COL802408,2026-01-13 00:00:00,S501899,C2120,44415.06,UPI
COL802409,2026-02-06 00:00:00,S501547,C2447,108052.61,Cash
COL802410,2026-07-01 00:00:00,S502611,C2429,35486.9,Cash
COL802411,2026-06-26 00:00:00,S503384,C2023,70113.84,Cheque
COL802412,2026-08-29 00:00:00,S505137,C2006,79342.62,UPI
COL802413,2026-03-16 00:00:00,S500426,C2257,176104.41,Cash
COL802414,2026-02-27 00:00:00,S502810,C2356,207691.62,UPI
COL802415,2026-01-19 00:00:00,S502068,C2150,37318.8,Card
COL802416,2026-05-26 00:00:00,S504774,C2033,201640.75,Cash
COL802417,2026-07-07 00:00:00,S502263,C2115,238213.26,Bank Transfer
COL802418,2026-05-25 00:00:00,S504875,C2412,534119.84,Card
COL802419,2026-05-19 00:00:00,S504659,C2059,32231.13,Card
COL802420,2026-05-23 00:00:00,S501506,C2023,48649.49,Cash
COL802421,2026-07-19 00:00:00,S500935,C2307,402597.16,Bank Transfer
COL802422,2026-04-18 00:00:00,S503559,C2139,397237.93,UPI
COL802423,2026-08-09 00:00:00,S500302,C2192,7278.51,Bank Transfer
COL802424,2026-05-25 00:00:00,S504981,C2335,8419.74,Card
COL802425,2026-03-31 00:00:00,S502082,C2060,421748.71,Cash
COL802426,2026-04-30 00:00:00,S504631,C2308,162133.95,Bank Transfer
COL802427,2026-01-05 00:00:00,S504187,C2429,75286.11,Bank Transfer
COL802428,2026-07-08 00:00:00,S504440,C2318,203659.57,Card
COL802429,2026-05-12 00:00:00,S504647,C2106,56585.16,UPI
COL802430,2026-02-25 00:00:00,S504474,C2010,38151.64,Bank Transfer
COL802431,2026-08-04 00:00:00,S503305,C2309,249896.71,Bank Transfer
COL802432,2026-07-22 00:00:00,S502583,C2053,89160,Cheque
COL802433,2026-08-10 00:00:00,S503351,C2276,39170.08,Card
COL802434,2026-04-14 00:00:00,S500393,C2196,185699.73,Cheque
COL802435,2026-02-17 00:00:00,S503222,C2246,11080.13,Card
COL802436,2026-02-17 00:00:00,S505081,C2277,146549.79,Card
COL802437,2026-06-12 00:00:00,S505032,C2189,67066.41,Cheque
COL802438,2026-08-24 00:00:00,S503662,C2321,339388.55,UPI
COL802439,2026-09-05 00:00:00,S502847,C2201,37399.91,UPI
COL802440,2026-04-19 00:00:00,S502069,C2264,177733.37,Card
COL802441,2026-06-10 00:00:00,S501379,C2321,43314.11,Cheque
COL802442,2026-04-10 00:00:00,S501628,C2321,478429.07,Bank Transfer
COL802443,2026-01-21 00:00:00,S504449,C2433,190540.41,Card
COL802444,2026-04-12 00:00:00,S502849,C2152,171892.07,Card
COL802445,2026-01-05 00:00:00,S500141,C2122,800350.62,Cash
COL802446,2026-07-11 00:00:00,S504848,C2390,102170.65,UPI
COL802447,2026-07-16 00:00:00,S504191,C2191,554714,Cheque
COL802448,2026-05-29 00:00:00,S502464,C2018,20846.09,Bank Transfer
COL802449,2026-03-30 00:00:00,S501841,C2084,352932.29,Bank Transfer
COL802450,2026-03-15 00:00:00,S502349,C2010,92209.35,Card
COL802451,2026-05-02 00:00:00,S503419,C2184,341840.21,Bank Transfer
COL802452,2026-07-30 00:00:00,S501553,C2342,40523,Bank Transfer
COL802453,2026-06-09 00:00:00,S502201,C2054,91952.33,Card
COL802454,2026-05-26 00:00:00,S503438,C2046,146406.02,UPI
COL802455,2026-02-27 00:00:00,S500851,C2031,205404.45,Cash
COL802456,2026-04-08 00:00:00,S504806,C2115,593452.51,UPI
COL802457,2026-08-28 00:00:00,S502058,C2055,526345.32,UPI
COL802458,2026-03-20 00:00:00,S500566,C2440,191104.31,Cash
COL802459,2026-06-01 00:00:00,S501274,C2270,78020.57,Card
COL802460,2026-01-05 00:00:00,S502370,C2057,148038.05,UPI
COL802461,2026-05-07 00:00:00,S503882,C2341,36336.78,Cheque
COL802462,2026-06-30 00:00:00,S502720,C2075,3573.45,Cheque
COL802463,2026-09-03 00:00:00,S501243,C2361,607149.99,Cash
COL802464,2026-04-06 00:00:00,S504043,C2007,160445.61,Cheque
COL802465,2026-07-20 00:00:00,S503651,C2278,80585.21,Card
COL802466,2026-07-02 00:00:00,S504244,C2220,135455.59,Bank Transfer
COL802467,2026-05-13 00:00:00,S505051,C2261,435526.64,Card
COL802468,2026-07-16 00:00:00,S501397,C2074,94474.26,Cash
COL802469,2026-05-02 00:00:00,S502451,C2431,196037.54,Bank Transfer
COL802470,2026-06-18 00:00:00,S503497,C2025,266692.73,Cheque
COL802471,2026-08-21 00:00:00,S500024,C2034,82786.4,UPI
COL802472,2026-04-08 00:00:00,S502628,C2283,133926.16,Cheque
COL802473,2026-05-15 00:00:00,S502857,C2234,11561.25,Card
COL802474,2026-03-31 00:00:00,S500941,C2188,55386.99,Card
COL802475,2026-05-09 00:00:00,S501095,C2033,311350.47,Cash
COL802476,2026-02-21 00:00:00,S500972,C2420,33618.6,UPI
COL802477,2026-04-08 00:00:00,S504265,C2047,69666.09,UPI
COL802478,2026-01-26 00:00:00,S503509,C2075,199519.06,Bank Transfer
COL802479,2026-05-01 00:00:00,S505129,C2068,78672.46,Bank Transfer
COL802480,2026-08-12 00:00:00,S501189,C2319,48322.46,Card
COL802481,2026-07-10 00:00:00,S503477,C2401,124424.09,Cash
COL802482,2026-01-12 00:00:00,S501849,C2134,311370.4,Card
COL802483,2026-03-11 00:00:00,S503544,C2275,150078.57,UPI
COL802484,2026-03-25 00:00:00,S501336,C2133,303291.18,UPI
COL802485,2026-01-19 00:00:00,S502977,C2289,310424.94,Card
COL802486,2026-07-27 00:00:00,S500261,C2341,24374.23,UPI
COL802487,2026-05-12 00:00:00,S503075,C2444,24306.74,Bank Transfer
COL802488,2026-04-06 00:00:00,S501789,C2292,133631.14,UPI
COL802489,2026-07-29 00:00:00,S504509,C2264,102501.11,Bank Transfer
COL802490,2026-01-05 00:00:00,S500413,C2252,373360.53,Cheque
COL802491,2026-05-01 00:00:00,S504347,C2074,97513.72,Cash
COL802492,2026-05-08 00:00:00,S503601,C2180,13434.25,Cash
COL802493,2026-02-23 00:00:00,S502739,C2038,34697.83,UPI
COL802494,2026-08-30 00:00:00,S501624,C2103,94513.88,Cash
COL802495,2026-07-17 00:00:00,S500921,C2368,103593.91,Cheque
COL802496,2026-07-04 00:00:00,S503133,C2412,11330.13,UPI
COL802497,2026-07-25 00:00:00,S500392,C2385,37393.49,Bank Transfer
COL802498,2026-06-29 00:00:00,S503781,C2141,16312.47,Cheque
COL802499,2026-08-29 00:00:00,S501513,C2264,220075.76,Cheque
COL802500,2026-01-18 00:00:00,S501619,C2316,74182.44,Cash
COL802501,2026-03-05 00:00:00,S503905,C2185,24321.13,Bank Transfer
COL802502,2026-09-02 00:00:00,S501104,C2423,123390.03,Card
COL802503,2026-05-18 00:00:00,S504202,C2098,76619.52,Cheque
COL802504,2026-01-23 00:00:00,S500456,C2430,374449.27,Cash
COL802505,2026-04-30 00:00:00,S500438,C2387,17229.75,Cheque
COL802506,2026-04-25 00:00:00,S504207,C2043,133070.54,Bank Transfer
COL802507,2026-03-23 00:00:00,S500350,C2092,26114.42,Bank Transfer
COL802508,2026-07-15 00:00:00,S501012,C2047,28671.34,UPI
COL802509,2026-06-29 00:00:00,S503357,C2436,150575.94,Card
COL802510,2026-04-06 00:00:00,S505094,C2199,45848.01,Card
COL802511,2026-06-24 00:00:00,S504351,C2252,203956.87,Cash
COL802512,2026-07-17 00:00:00,S501943,C2042,239307.96,Card
COL802513,2026-01-26 00:00:00,S502307,C2006,444740.4,Bank Transfer
COL802514,2026-07-17 00:00:00,S504796,C2117,31052.01,Card
COL802515,2026-04-09 00:00:00,S501840,C2003,100870.45,Cash
COL802516,2026-08-21 00:00:00,S500309,C2213,95148.69,Cheque
COL802517,2026-06-20 00:00:00,S504117,C2203,36885.99,Card
COL802518,2026-07-16 00:00:00,S502248,C2021,89993.17,Card
COL802519,2026-07-10 00:00:00,S504978,C2342,453022,Bank Transfer
COL802520,2026-07-25 00:00:00,S502064,C2329,42745.84,Bank Transfer
COL802521,2026-03-07 00:00:00,S504788,C2116,345942.7,Cheque
COL802522,2026-09-03 00:00:00,S500509,C2218,12445.01,UPI
COL802523,2026-08-31 00:00:00,S505105,C2036,8046.82,Card
COL802524,2026-04-14 00:00:00,S503319,C2429,176739.32,Bank Transfer
COL802525,2026-07-10 00:00:00,S502891,C2018,188561.24,UPI
COL802526,2026-05-21 00:00:00,S503385,C2105,61390.58,Card
COL802527,2026-06-28 00:00:00,S502392,C2172,47717.38,Card
COL802528,2026-01-05 00:00:00,S504567,C2176,22070.83,UPI
COL802529,2026-06-24 00:00:00,S505128,C2063,90900.2,Bank Transfer
COL802530,2026-06-13 00:00:00,S504070,C2173,141530.14,Cheque
COL802531,2026-06-13 00:00:00,S502837,C2084,14509.3,Card
COL802532,2026-06-27 00:00:00,S502642,C2224,181013.97,Cash
COL802533,2026-07-03 00:00:00,S500294,C2403,482952.33,Cash
COL802534,2026-01-19 00:00:00,S502139,C2004,28811.53,Cash
COL802535,2026-01-20 00:00:00,S502515,C2245,226842.49,Cheque
COL802536,2026-05-30 00:00:00,S503128,C2330,249350,Card
COL802537,2026-01-31 00:00:00,S500346,C2415,61106.87,Bank Transfer
COL802538,2026-04-15 00:00:00,S504822,C2031,356314.65,Bank Transfer
COL802539,2026-08-27 00:00:00,S503078,C2030,172984.17,Cheque
COL802540,2026-07-09 00:00:00,S501571,C2227,556655.58,Card
COL802541,2026-02-13 00:00:00,S500576,C2338,114745.04,UPI
COL802542,2026-07-15 00:00:00,S504182,C2227,153054.17,UPI
COL802543,2026-07-14 00:00:00,S504910,C2427,9684.38,Card
COL802544,2026-04-11 00:00:00,S504263,C2334,277584.33,Card
COL802545,2026-03-30 00:00:00,S503776,C2244,92825.22,Bank Transfer
COL802546,2026-02-18 00:00:00,S505052,C2210,217406.15,Cheque
COL802547,2026-08-17 00:00:00,S501951,C2417,465606.13,Cheque
COL802548,2026-02-28 00:00:00,S503408,C2424,93122.76,Bank Transfer
COL802549,2026-05-12 00:00:00,S504196,C2272,210420.52,Cash
COL802550,2026-04-27 00:00:00,S503896,C2307,143418.12,UPI
COL802551,2026-06-16 00:00:00,S501200,C2175,131742.29,Card
COL802552,2026-05-15 00:00:00,S504514,C2198,47456.23,UPI
COL802553,2026-07-18 00:00:00,S502863,C2142,64074.61,UPI
COL802554,2026-06-26 00:00:00,S503565,C2407,77110.7,Cheque
COL802555,2026-03-30 00:00:00,S504066,C2254,10062.29,Bank Transfer
COL802556,2026-01-15 00:00:00,S501498,C2264,253884.63,Cash
COL802557,2026-01-07 00:00:00,S502274,C2444,424783.12,Cash
COL802558,2026-06-24 00:00:00,S500661,C2133,313137.47,Bank Transfer
COL802559,2026-04-26 00:00:00,S504662,C2038,18546.8,UPI
COL802560,2026-07-15 00:00:00,S502473,C2109,94429.62,Bank Transfer
COL802561,2026-04-08 00:00:00,S504500,C2052,187252.56,Bank Transfer
COL802562,2026-04-28 00:00:00,S504427,C2224,174700.81,Card
COL802563,2026-06-22 00:00:00,S500310,C2388,267429.3,Card
COL802564,2026-04-18 00:00:00,S503429,C2425,40011.72,UPI
COL802565,2026-04-16 00:00:00,S500381,C2381,142659.05,Cheque
COL802566,2026-05-27 00:00:00,S503945,C2254,539376.78,Cash
COL802567,2026-02-16 00:00:00,S504001,C2333,93311.05,Card
COL802568,2026-08-29 00:00:00,S500948,C2448,28209.66,UPI
COL802569,2026-02-22 00:00:00,S504357,C2207,37501.71,Bank Transfer
COL802570,2026-08-18 00:00:00,S504591,C2021,389392.61,Card
COL802571,2026-06-04 00:00:00,S501910,C2410,140197.46,Bank Transfer
COL802572,2026-05-13 00:00:00,S504062,C2212,35312.09,Bank Transfer
COL802573,2026-09-02 00:00:00,S500291,C2268,70029.04,Card
COL802574,2026-03-01 00:00:00,S500292,C2128,302558.77,UPI
COL802575,2026-03-18 00:00:00,S503712,C2267,285816.42,Cash
COL802576,2026-03-03 00:00:00,S504998,C2023,274202.36,UPI
COL802577,2026-02-28 00:00:00,S504042,C2435,182091.81,Cheque
COL802578,2026-08-26 00:00:00,S504025,C2050,63040.21,Cheque
COL802579,2026-07-08 00:00:00,S500179,C2164,215923.63,Cash
COL802580,2026-02-25 00:00:00,S502128,C2087,93967.06,Cheque
COL802581,2026-03-19 00:00:00,S502324,C2012,50047.45,Bank Transfer
COL802582,2026-08-10 00:00:00,S502163,C2310,45641.19,Cheque
COL802583,2026-02-16 00:00:00,S501270,C2258,310411.64,Card
COL802584,2026-06-25 00:00:00,S500984,C2054,158218.89,Bank Transfer
COL802585,2026-05-18 00:00:00,S501114,C2330,60393.07,UPI
COL802586,2026-06-09 00:00:00,S503861,C2014,21479.98,Cash
COL802587,2026-07-12 00:00:00,S505063,C2351,90777.95,Card
COL802588,2026-01-24 00:00:00,S501859,C2013,337709.85,Card
COL802589,2026-01-29 00:00:00,S501209,C2234,28666.92,Cash
COL802590,2026-08-23 00:00:00,S505144,C2370,46411.62,Cheque
COL802591,2026-05-15 00:00:00,S501717,C2275,45532.45,Cash
COL802592,2026-04-05 00:00:00,S503031,C2144,57377.1,Cash
COL802593,2026-05-25 00:00:00,S504888,C2418,131576.2,Cheque
COL802594,2026-04-04 00:00:00,S501577,C2118,40330.39,UPI
COL802595,2026-01-25 00:00:00,S503273,C2187,218034.35,Cash
COL802596,2026-08-08 00:00:00,S500837,C2087,116942.21,Cheque
COL802597,2026-02-05 00:00:00,S501604,C2351,97980.88,Card
COL802598,2026-07-08 00:00:00,S504192,C2079,72917.97,Cash
COL802599,2026-03-12 00:00:00,S502953,C2244,80816.78,Cash
COL802600,2026-06-12 00:00:00,S501916,C2439,40030.14,UPI
COL802601,2026-04-30 00:00:00,S500586,C2134,36384.27,UPI
COL802602,2026-07-31 00:00:00,S502385,C2265,264100.82,Card
COL802603,2026-07-25 00:00:00,S502335,C2023,330297.14,UPI
COL802604,2026-08-30 00:00:00,S500168,C2125,358275.69,Card
COL802605,2026-02-19 00:00:00,S504863,C2130,107599.18,Cash
COL802606,2026-07-03 00:00:00,S502092,C2039,48704.04,Cheque
COL802607,2026-08-10 00:00:00,S501486,C2106,168047.63,UPI
COL802608,2026-09-05 00:00:00,S502037,C2427,259007.18,Card
COL802609,2026-05-08 00:00:00,S500931,C2286,325848.42,UPI
COL802610,2026-07-12 00:00:00,S502870,C2165,72990.22,UPI
COL802611,2026-08-18 00:00:00,S502716,C2144,125262.35,Bank Transfer
COL802612,2026-02-10 00:00:00,S504911,C2420,170488.07,Cash
COL802613,2026-01-25 00:00:00,S503992,C2012,39568.74,UPI
COL802614,2026-06-11 00:00:00,S502688,C2104,136116.16,Cheque
COL802615,2026-05-16 00:00:00,S503061,C2354,12079.92,Bank Transfer
COL802616,2026-02-25 00:00:00,S501874,C2347,15071.62,Card
COL802617,2026-03-25 00:00:00,S503960,C2267,62287.85,Card
COL802618,2026-06-07 00:00:00,S504354,C2180,102257.34,Cheque
COL802619,2026-03-09 00:00:00,S504428,C2220,49918.68,Cheque
COL802620,2026-01-21 00:00:00,S501991,C2235,74021.94,Cash
COL802621,2026-04-01 00:00:00,S501828,C2147,85341.88,Cheque
COL802622,2026-01-10 00:00:00,S505012,C2065,62859.3,Card
COL802623,2026-03-28 00:00:00,S502440,C2114,43677.67,Cash
COL802624,2026-02-02 00:00:00,S503011,C2221,10546.54,Cheque
COL802625,2026-07-22 00:00:00,S500022,C2319,304014.84,Cheque
COL802626,2026-04-15 00:00:00,S500819,C2372,189641.3,Card
COL802627,2026-03-24 00:00:00,S502361,C2218,25658.48,Cash
COL802628,2026-07-22 00:00:00,S502833,C2032,170882.62,Bank Transfer
COL802629,2026-01-04 00:00:00,S500936,C2121,146004.42,Bank Transfer
COL802630,2026-01-23 00:00:00,S501635,C2443,413492.98,Cash
COL802631,2026-07-16 00:00:00,S502635,C2337,97828.88,Cheque
COL802632,2026-02-22 00:00:00,S503098,C2182,27232.32,Cheque
COL802633,2026-04-23 00:00:00,S502834,C2045,236478.37,Cash
COL802634,2026-08-30 00:00:00,S504642,C2223,235921,Bank Transfer
COL802635,2026-05-13 00:00:00,S504390,C2092,32814.21,UPI
COL802636,2026-01-18 00:00:00,S503473,C2252,10546.74,Card
COL802637,2026-01-17 00:00:00,S500769,C2275,5981.34,Cash
COL802638,2026-07-05 00:00:00,S501221,C2335,400747.03,UPI
COL802639,2026-07-14 00:00:00,S500239,C2373,61853.92,Card
COL802640,2026-04-17 00:00:00,S503541,C2181,252808.16,UPI
COL802641,2026-04-23 00:00:00,S502259,C2346,168942.56,UPI
COL802642,2026-05-02 00:00:00,S500524,C2327,94620.19,Card
COL802643,2026-07-19 00:00:00,S500823,C2109,33437.01,UPI
COL802644,2026-07-03 00:00:00,S500481,C2008,92801.57,Bank Transfer
COL802645,2026-06-17 00:00:00,S504011,C2073,239506.09,Cash
COL802646,2026-03-28 00:00:00,S502136,C2411,41894.45,Bank Transfer
COL802647,2026-08-03 00:00:00,S501462,C2087,90453.23,Bank Transfer
COL802648,2026-01-02 00:00:00,S501509,C2350,60332.44,Card
COL802649,2026-05-01 00:00:00,S501166,C2145,33765.54,Card
COL802650,2026-04-13 00:00:00,S503275,C2200,445724.89,Card
COL802651,2026-05-29 00:00:00,S503883,C2213,44374.25,UPI
COL802652,2026-06-29 00:00:00,S501139,C2245,92502.25,UPI
COL802653,2026-06-01 00:00:00,S500757,C2441,79217.05,Cash
COL802654,2026-02-22 00:00:00,S503571,C2322,52807.23,UPI
COL802655,2026-06-15 00:00:00,S505069,C2271,251418.9,Cash
COL802656,2026-05-28 00:00:00,S503837,C2161,186365.88,Bank Transfer
COL802657,2026-02-19 00:00:00,S504419,C2347,51712.39,Cash
COL802658,2026-06-16 00:00:00,S502539,C2387,320261.71,Cash
COL802659,2026-03-01 00:00:00,S504467,C2334,158015.92,Card
COL802660,2026-04-24 00:00:00,S502083,C2434,12787.94,UPI
COL802661,2026-08-07 00:00:00,S501820,C2190,187437.11,Cheque
COL802662,2026-04-18 00:00:00,S502067,C2364,161612.09,Cheque
COL802663,2026-02-08 00:00:00,S504429,C2311,118606.83,Card
COL802664,2026-03-12 00:00:00,S500750,C2271,142556.8,Bank Transfer
COL802665,2026-05-08 00:00:00,S504773,C2236,241580.95,Bank Transfer
COL802666,2026-02-02 00:00:00,S501808,C2355,86254.52,Bank Transfer
COL802667,2026-06-06 00:00:00,S500902,C2192,281940.65,Cash
COL802668,2026-03-15 00:00:00,S505040,C2165,20723.75,UPI
COL802669,2026-01-10 00:00:00,S504958,C2092,270411.42,Bank Transfer
COL802670,2026-07-23 00:00:00,S503746,C2213,105682.99,Cheque
COL802671,2026-07-14 00:00:00,S503099,C2034,319657.42,Cash
COL802672,2026-05-11 00:00:00,S500068,C2149,77063.86,Bank Transfer
COL802673,2026-07-24 00:00:00,S500578,C2404,110360.61,Bank Transfer
COL802674,2026-04-19 00:00:00,S503920,C2020,57513.6,UPI
COL802675,2026-06-08 00:00:00,S503578,C2229,153915.85,UPI
COL802676,2026-01-27 00:00:00,S503018,C2009,59994.4,Cash
COL802677,2026-07-17 00:00:00,S504484,C2071,181350.19,Cheque
COL802678,2026-01-27 00:00:00,S500624,C2143,38451.38,Card
COL802679,2026-08-15 00:00:00,S502787,C2183,73986.04,Cheque
COL802680,2026-04-21 00:00:00,S504565,C2099,331454.33,UPI
COL802681,2026-01-09 00:00:00,S502409,C2434,106063.19,UPI
COL802682,2026-09-02 00:00:00,S504835,C2100,218394.5,Card
COL802683,2026-01-06 00:00:00,S501345,C2354,14168.7,Cheque
COL802684,2026-05-14 00:00:00,S500094,C2197,8055.76,Cheque
COL802685,2026-08-20 00:00:00,S502694,C2341,187038.78,Card
COL802686,2026-01-26 00:00:00,S504733,C2078,98090.51,UPI
COL802687,2026-02-12 00:00:00,S504480,C2040,168271.32,Cash
COL802688,2026-01-19 00:00:00,S501774,C2284,119305.18,Cheque
COL802689,2026-01-16 00:00:00,S504980,C2377,6063.52,Bank Transfer
COL802690,2026-04-15 00:00:00,S504560,C2374,142148.8,Cheque
COL802691,2026-01-23 00:00:00,S501773,C2010,327573.58,Cheque
COL802692,2026-07-22 00:00:00,S501191,C2003,433008.26,Cheque
COL802693,2026-07-27 00:00:00,S503453,C2416,24632.66,UPI
COL802694,2026-06-06 00:00:00,S504927,C2061,19097.28,Bank Transfer
COL802695,2026-06-15 00:00:00,S504366,C2017,167439.6,Cheque
COL802696,2026-02-28 00:00:00,S504239,C2201,27011.97,Cash
COL802697,2026-08-29 00:00:00,S502900,C2103,129770.4,Bank Transfer
COL802698,2026-02-17 00:00:00,S502546,C2379,243203.8,Card
COL802699,2026-05-28 00:00:00,S501069,C2428,89879.27,Cash
COL802700,2026-01-21 00:00:00,S502740,C2324,98582.17,Card
COL802701,2026-06-05 00:00:00,S505046,C2353,98629.66,Cheque
COL802702,2026-06-27 00:00:00,S505031,C2319,235579.45,UPI
COL802703,2026-02-02 00:00:00,S501591,C2360,29481.73,Cheque
COL802704,2026-04-24 00:00:00,S504670,C2293,97034.31,Cheque
COL802705,2026-02-09 00:00:00,S502373,C2254,44257.85,Card
COL802706,2026-08-06 00:00:00,S503364,C2097,182694.69,Cheque
COL802707,2026-07-01 00:00:00,S503262,C2294,234394.35,Cash
COL802708,2026-01-10 00:00:00,S505044,C2160,202108.97,UPI
COL802709,2026-06-11 00:00:00,S501241,C2009,191839.81,Card
COL802710,2026-03-14 00:00:00,S501425,C2168,261009,Bank Transfer
COL802711,2026-09-05 00:00:00,S501677,C2402,43601.9,Cheque
COL802712,2026-02-05 00:00:00,S502910,C2321,97718.25,Card
COL802713,2026-03-16 00:00:00,S501666,C2138,318843.59,Cheque
COL802714,2026-07-21 00:00:00,S502360,C2053,85985.98,Cheque
COL802715,2026-08-26 00:00:00,S504251,C2328,116126.62,Card
COL802716,2026-05-15 00:00:00,S500178,C2050,304010.86,Cash
COL802717,2026-04-25 00:00:00,S503840,C2038,153414.81,Bank Transfer
COL802718,2026-08-18 00:00:00,S503838,C2161,63420.94,Cheque
COL802719,2026-01-16 00:00:00,S504726,C2204,19995.39,Cash
COL802720,2026-06-28 00:00:00,S501242,C2191,92783.03,Cheque
COL802721,2026-08-06 00:00:00,S502779,C2140,156083.41,Cheque
COL802722,2026-08-12 00:00:00,S503437,C2084,116058.73,Cash
COL802723,2026-07-08 00:00:00,S503060,C2156,597331.85,Cheque
COL802724,2026-06-08 00:00:00,S503989,C2025,260136.94,Bank Transfer
COL802725,2026-08-31 00:00:00,S504884,C2443,125486.81,Card
COL802726,2026-06-09 00:00:00,S504506,C2353,177269.89,Cash
COL802727,2026-02-14 00:00:00,S503665,C2148,15609.4,UPI
COL802728,2026-07-23 00:00:00,S502677,C2332,155633.88,Cheque
COL802729,2026-01-27 00:00:00,S504621,C2247,136809.15,Card
COL802730,2026-01-22 00:00:00,S504296,C2271,117463.25,Bank Transfer
COL802731,2026-05-23 00:00:00,S503577,C2125,148312.77,Bank Transfer
COL802732,2026-01-08 00:00:00,S504370,C2112,119427.86,UPI
COL802733,2026-07-15 00:00:00,S500812,C2078,466080.09,Bank Transfer
COL802734,2026-04-26 00:00:00,S502238,C2150,45618.54,Card
COL802735,2026-05-16 00:00:00,S502638,C2276,9170.67,UPI
COL802736,2026-03-28 00:00:00,S502928,C2361,172943.23,Cash
COL802737,2026-04-27 00:00:00,S505037,C2041,20892.11,UPI
COL802738,2026-01-16 00:00:00,S504036,C2156,242624.55,Cash
COL802739,2026-06-25 00:00:00,S503672,C2396,345389.06,Bank Transfer
COL802740,2026-06-11 00:00:00,S503851,C2097,270715.58,Card
COL802741,2026-08-02 00:00:00,S500577,C2099,298835.31,Cheque
COL802742,2026-04-23 00:00:00,S502287,C2175,124651.95,UPI
COL802743,2026-08-03 00:00:00,S500532,C2245,47426.66,Bank Transfer
COL802744,2026-02-26 00:00:00,S504703,C2287,315101.47,Card
COL802745,2026-05-13 00:00:00,S500072,C2093,17092.68,Cheque
COL802746,2026-08-17 00:00:00,S504300,C2214,194882.87,UPI
COL802747,2026-02-13 00:00:00,S504407,C2062,229684.68,Card
COL802748,2026-03-12 00:00:00,S503879,C2368,135038.1,Bank Transfer
COL802749,2026-02-06 00:00:00,S501341,C2318,412117.22,UPI
COL802750,2026-08-06 00:00:00,S502219,C2432,311143.64,UPI
COL802751,2026-05-04 00:00:00,S503116,C2378,506414.59,Cash
COL802752,2026-01-28 00:00:00,S504069,C2098,202566.2,Cash
COL802753,2026-03-09 00:00:00,S504266,C2270,217256.34,UPI
COL802754,2026-04-23 00:00:00,S500431,C2437,596540.76,Card
COL802755,2026-08-12 00:00:00,S502811,C2209,362345.57,Bank Transfer
COL802756,2026-06-15 00:00:00,S504862,C2177,285917.49,Cheque
COL802757,2026-02-15 00:00:00,S504762,C2066,151373.41,Cash
COL802758,2026-07-20 00:00:00,S502342,C2255,95606.43,Bank Transfer
COL802759,2026-04-10 00:00:00,S503361,C2283,41165.87,UPI
COL802760,2026-01-26 00:00:00,S504262,C2351,29321.31,Bank Transfer
COL802761,2026-03-16 00:00:00,S500861,C2333,117585.61,Bank Transfer
COL802762,2026-07-31 00:00:00,S501323,C2034,240521.76,Bank Transfer
COL802763,2026-06-30 00:00:00,S501569,C2429,43492.32,UPI
COL802764,2026-07-10 00:00:00,S500287,C2329,75697.21,Cash
COL802765,2026-04-22 00:00:00,S501450,C2269,192310.49,Cheque
COL802766,2026-03-04 00:00:00,S500076,C2288,43915.92,Card
COL802767,2026-04-22 00:00:00,S502040,C2443,265198.76,Cash
COL802768,2026-08-28 00:00:00,S503773,C2193,185135.53,Cheque
COL802769,2026-06-15 00:00:00,S500401,C2090,127493.36,UPI
COL802770,2026-05-23 00:00:00,S503487,C2248,440889.86,Cheque
COL802771,2026-04-09 00:00:00,S504564,C2204,499813.27,UPI
COL802772,2026-01-09 00:00:00,S500631,C2143,37434.94,Cheque
COL802773,2026-08-13 00:00:00,S503587,C2357,40105.36,Cash
COL802774,2026-03-16 00:00:00,S504218,C2071,31512.29,UPI
COL802775,2026-01-22 00:00:00,S502660,C2040,286980.14,Bank Transfer
COL802776,2026-07-17 00:00:00,S500808,C2371,487967,UPI
COL802777,2026-07-03 00:00:00,S500709,C2251,169428.59,UPI
COL802778,2026-02-06 00:00:00,S501603,C2412,160152.2,Cheque
COL802779,2026-02-26 00:00:00,S502939,C2071,11071.78,UPI
COL802780,2026-07-07 00:00:00,S503924,C2324,44829.24,Cheque
COL802781,2026-04-24 00:00:00,S501602,C2070,42179.74,Cash
COL802782,2026-08-01 00:00:00,S502585,C2279,549794.31,UPI
COL802783,2026-05-20 00:00:00,S504777,C2330,50398.92,Bank Transfer
COL802784,2026-05-15 00:00:00,S500047,C2317,131342.43,Bank Transfer
COL802785,2026-07-13 00:00:00,S501212,C2141,197360.35,Cash
COL802786,2026-04-13 00:00:00,S500195,C2359,143838.77,Bank Transfer
COL802787,2026-02-10 00:00:00,S503389,C2289,228889.83,Cheque
COL802788,2026-06-01 00:00:00,S503741,C2013,425917.87,UPI
COL802789,2026-08-06 00:00:00,S504197,C2032,50786.73,Card
COL802790,2026-06-02 00:00:00,S504615,C2070,8728.32,UPI
COL802791,2026-07-09 00:00:00,S501308,C2103,17756.47,UPI
COL802792,2026-07-31 00:00:00,S502549,C2275,183485.49,Card
COL802793,2026-08-20 00:00:00,S502981,C2104,26975.22,Bank Transfer
COL802794,2026-04-15 00:00:00,S500357,C2135,179126.62,Bank Transfer
COL802795,2026-04-16 00:00:00,S500644,C2027,610468.87,UPI
COL802796,2026-02-13 00:00:00,S503306,C2306,130173.54,Bank Transfer
COL802797,2026-05-10 00:00:00,S504363,C2346,222604.19,Cheque
COL802798,2026-06-19 00:00:00,S502240,C2091,545404.13,Cheque
COL802799,2026-08-15 00:00:00,S502250,C2081,83719.61,Card
COL802800,2026-06-10 00:00:00,S501222,C2016,31411.33,UPI
COL802801,2026-05-25 00:00:00,S501413,C2179,13041.78,Cheque
COL802802,2026-05-02 00:00:00,S500726,C2217,129125.36,Cash
COL802803,2026-07-10 00:00:00,S502517,C2375,188714.5,Bank Transfer
COL802804,2026-05-30 00:00:00,S502686,C2230,225074.93,UPI
COL802805,2026-01-01 00:00:00,S501584,C2128,288804.9,Cheque
COL802806,2026-08-17 00:00:00,S503547,C2306,34020.95,Card
COL802807,2026-04-04 00:00:00,S503743,C2396,14360.05,Cheque
COL802808,2026-08-26 00:00:00,S503551,C2104,248649.48,Cash
COL802809,2026-07-17 00:00:00,S501964,C2149,342229.11,Cheque
COL802810,2026-08-21 00:00:00,S503967,C2443,93151.94,UPI
COL802811,2026-07-01 00:00:00,S502930,C2183,44211.67,Card
COL802812,2026-01-14 00:00:00,S503897,C2169,165417.02,Card
COL802813,2026-04-10 00:00:00,S502727,C2390,117859.01,Cash
COL802814,2026-08-13 00:00:00,S500777,C2237,50499.83,UPI
COL802815,2026-04-12 00:00:00,S504562,C2293,33617.6,Cash
COL802816,2026-08-19 00:00:00,S504992,C2050,194260.45,Cash
COL802817,2026-02-22 00:00:00,S501493,C2396,12857.9,Cash
COL802818,2026-01-06 00:00:00,S500002,C2216,29717.13,Cheque
COL802819,2026-03-31 00:00:00,S501877,C2124,117136.5,Bank Transfer
COL802820,2026-03-05 00:00:00,S500788,C2251,46755.72,Cheque
COL802821,2026-03-29 00:00:00,S501876,C2316,231956.37,UPI
COL802822,2026-02-02 00:00:00,S502505,C2306,331110.68,Cash
COL802823,2026-03-13 00:00:00,S502038,C2132,17212.91,Cash
COL802824,2026-02-13 00:00:00,S502776,C2059,52452.45,Bank Transfer
COL802825,2026-04-17 00:00:00,S501768,C2047,25803.5,Card
COL802826,2026-02-03 00:00:00,S500040,C2112,147237.39,Cash
COL802827,2026-06-11 00:00:00,S500562,C2341,284984.22,Cheque
COL802828,2026-06-01 00:00:00,S500062,C2086,22053.08,Cash
COL802829,2026-01-02 00:00:00,S500196,C2106,258166.02,UPI
COL802830,2026-05-16 00:00:00,S503622,C2106,28874.14,Bank Transfer
COL802831,2026-04-27 00:00:00,S504101,C2065,124901.08,Card
COL802832,2026-06-02 00:00:00,S500940,C2152,315850.92,UPI
COL802833,2026-05-01 00:00:00,S503515,C2039,201458.25,Cheque
COL802834,2026-08-10 00:00:00,S503390,C2046,193458.58,UPI
COL802835,2026-02-01 00:00:00,S502221,C2382,253207.86,Cash
COL802836,2026-02-25 00:00:00,S503373,C2023,561623.41,Bank Transfer
COL802837,2026-04-04 00:00:00,S500259,C2017,529213.03,Cash
COL802838,2026-01-07 00:00:00,S503853,C2169,279524.65,Bank Transfer
COL802839,2026-06-25 00:00:00,S504782,C2403,33997.38,Cheque
COL802840,2026-03-29 00:00:00,S504349,C2249,346479.16,UPI
COL802841,2026-07-01 00:00:00,S505178,C2076,249303.39,Bank Transfer
COL802842,2026-07-10 00:00:00,S503214,C2132,8680.32,UPI
COL802843,2026-07-20 00:00:00,S500981,C2448,30596.48,Bank Transfer
COL802844,2026-07-27 00:00:00,S504367,C2245,26125.96,Cash
COL802845,2026-05-10 00:00:00,S503954,C2068,4465.21,Bank Transfer
COL802846,2026-02-04 00:00:00,S502099,C2008,483530.93,Bank Transfer
COL802847,2026-04-08 00:00:00,S501245,C2334,29604.66,Card
COL802848,2026-01-22 00:00:00,S502821,C2404,20457.01,Cheque
COL802849,2026-07-30 00:00:00,S502132,C2214,223985.86,Cash
COL802850,2026-07-11 00:00:00,S501473,C2263,59655.84,Cash
COL802851,2026-02-28 00:00:00,S504972,C2146,62191.7,UPI
COL802852,2026-06-26 00:00:00,S503974,C2400,322282.22,Bank Transfer
COL802853,2026-02-21 00:00:00,S503085,C2337,278216.85,Bank Transfer
COL802854,2026-05-29 00:00:00,S500247,C2359,25736.87,Bank Transfer
COL802855,2026-05-20 00:00:00,S500395,C2300,44615.79,Cash
COL802856,2026-01-11 00:00:00,S503542,C2085,66599.38,Card
COL802857,2026-09-01 00:00:00,S500903,C2335,310986.09,UPI
COL802858,2026-07-01 00:00:00,S504730,C2210,39226.61,Bank Transfer
COL802859,2026-07-30 00:00:00,S504250,C2036,30334.02,Card
COL802860,2026-05-02 00:00:00,S502803,C2210,36908.11,Cheque
COL802861,2026-07-17 00:00:00,S500439,C2228,113144.53,Cash
COL802862,2026-08-22 00:00:00,S505083,C2083,223702.29,Cheque
COL802863,2026-01-14 00:00:00,S500565,C2139,67676.75,Cash
COL802864,2026-02-02 00:00:00,S503996,C2423,94502.65,UPI
COL802865,2026-08-27 00:00:00,S501143,C2141,682194.34,Cheque
COL802866,2026-04-12 00:00:00,S504356,C2308,285802.91,UPI
COL802867,2026-03-18 00:00:00,S502500,C2290,88439.74,UPI
COL802868,2026-09-05 00:00:00,S501875,C2232,82288.98,UPI
COL802869,2026-01-26 00:00:00,S503070,C2161,29127.83,Cheque
COL802870,2026-05-22 00:00:00,S503824,C2325,426203.56,Cheque
COL802871,2026-08-25 00:00:00,S500382,C2014,21758.5,Cheque
COL802872,2026-08-04 00:00:00,S502560,C2205,112079.71,Bank Transfer
COL802873,2026-06-25 00:00:00,S503611,C2301,239273.28,UPI
COL802874,2026-03-06 00:00:00,S503383,C2436,208193.48,Bank Transfer
COL802875,2026-02-15 00:00:00,S501358,C2015,176508.6,Cash
COL802876,2026-05-07 00:00:00,S503744,C2082,88423.81,Cheque
COL802877,2026-08-25 00:00:00,S502526,C2422,413586.08,Card
COL802878,2026-07-02 00:00:00,S502537,C2121,75221.02,Cash
COL802879,2026-04-04 00:00:00,S500836,C2271,323180.5,UPI
COL802880,2026-03-15 00:00:00,S505162,C2376,281888.13,UPI
COL802881,2026-05-08 00:00:00,S503986,C2120,200293.61,Bank Transfer
COL802882,2026-03-15 00:00:00,S504078,C2310,318025.34,Cheque
COL802883,2026-08-08 00:00:00,S505092,C2339,94224.33,Cheque
COL802884,2026-07-15 00:00:00,S503516,C2364,105118.99,Cash
COL802885,2026-07-25 00:00:00,S500223,C2252,316178.9,Cash
COL802886,2026-05-20 00:00:00,S501949,C2174,196587.68,Cash
COL802887,2026-07-01 00:00:00,S504489,C2380,43158.3,Card
COL802888,2026-07-11 00:00:00,S504520,C2149,514833.15,Card
COL802889,2026-04-12 00:00:00,S503317,C2303,231828.09,UPI
COL802890,2026-02-16 00:00:00,S504450,C2431,91598.52,UPI
COL802891,2026-06-14 00:00:00,S501893,C2215,255032.2,UPI
COL802892,2026-07-21 00:00:00,S500057,C2025,44536.02,Cheque
COL802893,2026-06-18 00:00:00,S503216,C2443,269061.76,UPI
COL802894,2026-01-27 00:00:00,S501171,C2392,269132.61,Bank Transfer
COL802895,2026-06-19 00:00:00,S503459,C2308,30200.81,Cash
COL802896,2026-09-05 00:00:00,S501236,C2095,125744.84,Cheque
COL802897,2026-07-23 00:00:00,S501211,C2095,60213.16,Card
COL802898,2026-03-27 00:00:00,S504268,C2311,41598.83,Cash
COL802899,2026-03-09 00:00:00,S503120,C2421,7675.12,UPI
COL802900,2026-06-06 00:00:00,S500912,C2250,380703.46,Card
COL802901,2026-06-13 00:00:00,S503131,C2422,153293.17,Card
COL802902,2026-04-19 00:00:00,S504969,C2067,418175.82,Card
COL802903,2026-02-26 00:00:00,S503480,C2099,62179.51,Cash
COL802904,2026-07-25 00:00:00,S504102,C2069,54779.82,Cheque
COL802905,2026-05-20 00:00:00,S502919,C2174,254757.14,Cash
COL802906,2026-06-22 00:00:00,S504722,C2278,408217.46,Bank Transfer
COL802907,2026-05-28 00:00:00,S504663,C2117,251841.07,UPI
COL802908,2026-02-14 00:00:00,S500465,C2207,35654.47,Cheque
COL802909,2026-01-23 00:00:00,S501085,C2208,71705.05,Cheque
COL802910,2026-07-09 00:00:00,S500791,C2224,138534.44,UPI
COL802911,2026-08-02 00:00:00,S502880,C2079,266112.55,Bank Transfer
COL802912,2026-02-03 00:00:00,S504825,C2148,53736.55,Card
COL802913,2026-01-21 00:00:00,S500205,C2150,407576.19,UPI
COL802914,2026-06-28 00:00:00,S500252,C2245,34550.21,Card
COL802915,2026-05-17 00:00:00,S501160,C2266,41456.06,UPI
COL802916,2026-07-21 00:00:00,S504939,C2261,12967.78,Cash
COL802917,2026-04-23 00:00:00,S502987,C2432,234844.19,Bank Transfer
COL802918,2026-01-10 00:00:00,S501288,C2428,78027.29,Bank Transfer
COL802919,2026-02-21 00:00:00,S504166,C2403,196102.83,UPI
COL802920,2026-02-14 00:00:00,S501046,C2227,528163.05,Bank Transfer
COL802921,2026-06-29 00:00:00,S504894,C2389,59046.92,Card
COL802922,2026-01-30 00:00:00,S504016,C2259,72056.23,Bank Transfer
COL802923,2026-07-11 00:00:00,S501705,C2331,27768.83,Bank Transfer
COL802924,2026-08-13 00:00:00,S500969,C2115,23086.83,Bank Transfer
COL802925,2026-05-10 00:00:00,S503136,C2450,33306.33,Cheque
COL802926,2026-06-26 00:00:00,S500669,C2195,242669.3,UPI
COL802927,2026-04-06 00:00:00,S504378,C2009,233135.96,Cash
COL802928,2026-06-22 00:00:00,S503462,C2018,77168.99,Cash
COL802929,2026-01-17 00:00:00,S500682,C2083,46673.43,Cheque
COL802930,2026-01-28 00:00:00,S500414,C2096,168147.37,Cheque
COL802931,2026-05-06 00:00:00,S500543,C2449,135384.44,Cash
COL802932,2026-02-14 00:00:00,S502839,C2316,21746.33,Card
COL802933,2026-01-17 00:00:00,S503666,C2355,47693.38,Cash
COL802934,2026-08-31 00:00:00,S503367,C2447,28546.15,Cash
COL802935,2026-07-06 00:00:00,S501471,C2166,63247.07,UPI
COL802936,2026-05-22 00:00:00,S501103,C2023,12367.96,Cash
COL802937,2026-04-26 00:00:00,S500116,C2135,343569.92,Cash
COL802938,2026-05-18 00:00:00,S500163,C2019,329413.93,Bank Transfer
COL802939,2026-08-14 00:00:00,S500847,C2322,161170.6,Cheque
COL802940,2026-07-25 00:00:00,S500355,C2179,83477.17,Cash
COL802941,2026-03-22 00:00:00,S504826,C2177,427352.81,Cash
COL802942,2026-08-17 00:00:00,S503959,C2153,467063.01,Card
COL802943,2026-08-02 00:00:00,S501420,C2332,126187.9,Cash
COL802944,2026-01-18 00:00:00,S502391,C2220,42746.54,UPI
COL802945,2026-02-04 00:00:00,S500602,C2042,536716.61,Card
COL802946,2026-06-25 00:00:00,S504988,C2266,14150.65,Cash
COL802947,2026-02-27 00:00:00,S502562,C2424,177219.35,UPI
COL802948,2026-04-25 00:00:00,S504679,C2134,308708.17,Cheque
COL802949,2026-01-18 00:00:00,S501961,C2036,32482.64,Cash
COL802950,2026-06-29 00:00:00,S504099,C2167,36468.51,Cheque
COL802951,2026-06-07 00:00:00,S503674,C2094,242616.34,Cash
COL802952,2026-02-06 00:00:00,S503983,C2350,263005.82,Card
COL802953,2026-02-09 00:00:00,S504442,C2062,250008.84,Card
COL802954,2026-01-06 00:00:00,S500478,C2088,251402.93,UPI
COL802955,2026-03-20 00:00:00,S503478,C2201,221831.08,Bank Transfer
COL802956,2026-06-12 00:00:00,S503343,C2271,34810.12,UPI
COL802957,2026-06-03 00:00:00,S502230,C2181,200697.39,Cash
COL802958,2026-04-15 00:00:00,S503442,C2007,440414.27,Cheque
COL802959,2026-04-01 00:00:00,S502494,C2009,273303.85,Cheque
COL802960,2026-06-07 00:00:00,S503269,C2346,37738.33,Cash
COL802961,2026-03-16 00:00:00,S501173,C2421,226136.6,Bank Transfer
COL802962,2026-04-26 00:00:00,S504885,C2197,367144.77,Bank Transfer
COL802963,2026-06-01 00:00:00,S500087,C2184,232471.31,Bank Transfer
COL802964,2026-05-02 00:00:00,S503816,C2068,362950.33,Cash
COL802965,2026-02-24 00:00:00,S504532,C2381,79297.24,Card
COL802966,2026-07-25 00:00:00,S502123,C2213,313098.73,Card
COL802967,2026-08-03 00:00:00,S502606,C2387,146188.02,Cash
COL802968,2026-01-09 00:00:00,S502289,C2152,24777.5,Card
COL802969,2026-04-16 00:00:00,S504313,C2384,193277.63,Bank Transfer
COL802970,2026-03-03 00:00:00,S503847,C2124,89886.91,Card
COL802971,2026-04-21 00:00:00,S501030,C2362,52828.77,Cash
COL802972,2026-05-26 00:00:00,S503377,C2407,338347.41,Card
COL802973,2026-09-02 00:00:00,S503251,C2256,22369.61,Card
COL802974,2026-02-20 00:00:00,S505126,C2190,382254.98,Card
COL802975,2026-04-13 00:00:00,S502538,C2013,403384.38,Card
COL802976,2026-01-19 00:00:00,S500314,C2348,135522.26,Cash
COL802977,2026-03-10 00:00:00,S502543,C2398,14579.67,UPI
COL802978,2026-04-27 00:00:00,S501060,C2120,94999.44,Card
COL802979,2026-03-23 00:00:00,S502445,C2065,73364.54,UPI
COL802980,2026-05-03 00:00:00,S500833,C2023,19835.6,Cash
COL802981,2026-02-02 00:00:00,S502643,C2175,146585.67,Cheque
COL802982,2026-04-18 00:00:00,S501866,C2146,11670.07,UPI
COL802983,2026-06-15 00:00:00,S500540,C2277,183911.28,Cash
COL802984,2026-01-13 00:00:00,S503999,C2222,15938.77,Cheque
COL802985,2026-06-26 00:00:00,S501188,C2085,67474.5,Card
COL802986,2026-03-14 00:00:00,S500362,C2083,153218.73,Cash
COL802987,2026-03-31 00:00:00,S501799,C2086,101809.25,Bank Transfer
COL802988,2026-06-30 00:00:00,S504402,C2342,198878.45,Cheque
COL802989,2026-05-09 00:00:00,S504362,C2218,401869.29,Bank Transfer
COL802990,2026-01-12 00:00:00,S503226,C2021,179175.26,Card
COL802991,2026-06-01 00:00:00,S500402,C2308,7203.14,Card
COL802992,2026-05-09 00:00:00,S504784,C2079,89058.17,UPI
COL802993,2026-03-09 00:00:00,S502781,C2041,393709.92,Card
COL802994,2026-05-15 00:00:00,S504808,C2236,45295.5,UPI
COL802995,2026-04-26 00:00:00,S502569,C2202,216474.09,Cheque
COL802996,2026-04-02 00:00:00,S504388,C2043,272583.69,Bank Transfer
COL802997,2026-08-17 00:00:00,S503573,C2077,102041.13,Cheque
COL802998,2026-09-04 00:00:00,S501132,C2365,505068.01,Bank Transfer
COL802999,2026-09-01 00:00:00,S503682,C2028,144681.42,Cash
COL803000,2026-07-16 00:00:00,S500305,C2436,95283.84,Cheque
COL803001,2026-02-08 00:00:00,S503678,C2442,336201.26,Cash
COL803002,2026-02-01 00:00:00,S500032,C2165,225970.56,Bank Transfer
COL803003,2026-06-26 00:00:00,S504404,C2368,164610.06,UPI
COL803004,2026-06-08 00:00:00,S502081,C2252,293564.46,Cheque
COL803005,2026-04-18 00:00:00,S505200,C2010,647970.29,Cheque
COL803006,2026-03-20 00:00:00,S502695,C2307,363987.93,UPI
COL803007,2026-01-03 00:00:00,S504957,C2313,78578.52,UPI
COL803008,2026-08-29 00:00:00,S503173,C2256,54226.16,Card
COL803009,2026-04-20 00:00:00,S503169,C2163,446090.76,Card
COL803010,2026-06-24 00:00:00,S503109,C2282,191531.26,Bank Transfer
COL803011,2026-04-21 00:00:00,S502116,C2071,236383.76,Cheque
COL803012,2026-01-15 00:00:00,S500363,C2228,227165.54,UPI
COL803013,2026-02-20 00:00:00,S504830,C2106,544963.66,UPI
COL803014,2026-04-17 00:00:00,S501958,C2067,189163.71,Cash
COL803015,2026-07-29 00:00:00,S503435,C2414,96059.77,Card
COL803016,2026-08-01 00:00:00,S503612,C2428,79887.19,Cash
COL803017,2026-07-21 00:00:00,S505190,C2006,225180.74,UPI
COL803018,2026-01-21 00:00:00,S503972,C2423,300659.14,Cheque
COL803019,2026-08-06 00:00:00,S501099,C2420,19841.53,Cheque
COL803020,2026-02-10 00:00:00,S500319,C2435,534982.13,Cash
COL803021,2026-04-30 00:00:00,S503347,C2206,247172.6,Card
COL803022,2026-01-03 00:00:00,S502321,C2054,252051.28,Bank Transfer
COL803023,2026-05-09 00:00:00,S503339,C2336,39285.59,Cheque
COL803024,2026-05-29 00:00:00,S500699,C2211,30669.87,Bank Transfer
COL803025,2026-07-22 00:00:00,S503635,C2013,82099.37,Card
COL803026,2026-03-21 00:00:00,S501136,C2373,328835.82,Cash
COL803027,2026-04-09 00:00:00,S504646,C2276,136083.29,Card
COL803028,2026-05-29 00:00:00,S503774,C2416,62067.73,UPI
COL803029,2026-04-15 00:00:00,S503076,C2255,140808.65,Card
COL803030,2026-07-22 00:00:00,S500945,C2200,40082.63,Cash
COL803031,2026-04-05 00:00:00,S504931,C2184,52148.97,Cash
COL803032,2026-06-26 00:00:00,S502871,C2215,67473.51,Card
COL803033,2026-03-06 00:00:00,S502137,C2438,53705.61,Cash
COL803034,2026-02-10 00:00:00,S504635,C2291,47760.77,UPI
COL803035,2026-08-12 00:00:00,S503276,C2381,16662.48,Bank Transfer
COL803036,2026-03-08 00:00:00,S501111,C2215,29583.14,Card
COL803037,2026-05-04 00:00:00,S501014,C2059,135361.31,Cash
COL803038,2026-08-12 00:00:00,S501096,C2300,434248.37,Bank Transfer
COL803039,2026-02-11 00:00:00,S502619,C2333,152624.74,UPI
COL803040,2026-03-10 00:00:00,S504710,C2261,57187.22,Card
COL803041,2026-07-04 00:00:00,S501610,C2002,38506.7,Cash
COL803042,2026-06-20 00:00:00,S500455,C2225,113719.43,Bank Transfer
COL803043,2026-04-11 00:00:00,S500801,C2001,144527.97,UPI
COL803044,2026-05-20 00:00:00,S504100,C2225,203359.61,Cheque
COL803045,2026-07-25 00:00:00,S500643,C2196,59317.92,Cash
COL803046,2026-03-05 00:00:00,S500594,C2143,166280.72,UPI
COL803047,2026-04-18 00:00:00,S504299,C2342,272240.74,Bank Transfer
COL803048,2026-02-20 00:00:00,S504423,C2245,196005.62,Card
COL803049,2026-03-14 00:00:00,S503176,C2103,51077.38,Bank Transfer
COL803050,2026-03-01 00:00:00,S504693,C2214,357480.01,Card
COL803051,2026-07-18 00:00:00,S503766,C2433,76158.65,UPI
COL803052,2026-03-21 00:00:00,S503502,C2094,126672.68,UPI
COL803053,2026-06-05 00:00:00,S501040,C2392,203195.91,Bank Transfer
COL803054,2026-05-04 00:00:00,S503926,C2228,68862.9,Bank Transfer
COL803055,2026-07-18 00:00:00,S500522,C2172,30629.84,Card
COL803056,2026-01-14 00:00:00,S505192,C2191,8518.8,Cash
COL803057,2026-06-09 00:00:00,S500096,C2293,78963.52,Bank Transfer
COL803058,2026-01-08 00:00:00,S505087,C2270,164418.78,Cash
COL803059,2026-01-27 00:00:00,S500742,C2314,44210.09,Cash
COL803060,2026-09-02 00:00:00,S502574,C2194,54594.5,Cash
COL803061,2026-02-19 00:00:00,S503642,C2300,168810.59,UPI
COL803062,2026-07-06 00:00:00,S504278,C2092,207870.14,UPI
COL803063,2026-02-26 00:00:00,S502986,C2325,152867.33,Cash
COL803064,2026-01-03 00:00:00,S502213,C2112,130021.52,Cash
COL803065,2026-06-04 00:00:00,S505000,C2053,17118.62,UPI
COL803066,2026-08-10 00:00:00,S500152,C2184,83192.78,Card
COL803067,2026-02-03 00:00:00,S501865,C2405,524375.69,Cheque
COL803068,2026-01-26 00:00:00,S500587,C2026,415134.34,Bank Transfer
COL803069,2026-08-17 00:00:00,S502763,C2044,238016,Cash
COL803070,2026-06-17 00:00:00,S501372,C2150,147512.48,UPI
COL803071,2026-04-25 00:00:00,S500550,C2221,55610.01,Cash
COL803072,2026-03-27 00:00:00,S503430,C2375,134072.99,Cash
COL803073,2026-06-09 00:00:00,S504765,C2189,19289.61,Cash
COL803074,2026-06-18 00:00:00,S501118,C2045,127580.28,Cash
COL803075,2026-05-10 00:00:00,S502948,C2365,34600.18,Card
COL803076,2026-04-21 00:00:00,S500084,C2227,307848.19,Bank Transfer
COL803077,2026-07-19 00:00:00,S500980,C2172,426963.76,Bank Transfer
COL803078,2026-04-16 00:00:00,S503302,C2146,142062.33,UPI
COL803079,2026-05-15 00:00:00,S500724,C2266,206286.37,Card
COL803080,2026-01-19 00:00:00,S503569,C2072,198446.45,Card
COL803081,2026-02-02 00:00:00,S502362,C2348,89832.06,Bank Transfer
COL803082,2026-09-03 00:00:00,S501600,C2162,223982.2,UPI
COL803083,2026-01-02 00:00:00,S501077,C2088,40514.62,Card
COL803084,2026-07-14 00:00:00,S501432,C2369,314576.29,UPI
COL803085,2026-08-08 00:00:00,S503942,C2202,223331.52,Bank Transfer
COL803086,2026-07-25 00:00:00,S503308,C2219,156418.36,Cash
COL803087,2026-01-15 00:00:00,S504114,C2027,147594.37,Card
COL803088,2026-01-21 00:00:00,S504932,C2260,14721.15,UPI
COL803089,2026-03-19 00:00:00,S504539,C2360,10973.01,Cash
COL803090,2026-02-28 00:00:00,S500916,C2362,198574.93,Bank Transfer
COL803091,2026-04-14 00:00:00,S504527,C2449,78855.88,Cheque
COL803092,2026-03-23 00:00:00,S502652,C2397,98148.11,Card
COL803093,2026-04-28 00:00:00,S501475,C2253,456006.27,Card
COL803094,2026-04-23 00:00:00,S500435,C2032,262909.56,UPI
COL803095,2026-02-08 00:00:00,S501168,C2088,360630.09,Bank Transfer
COL803096,2026-01-20 00:00:00,S503166,C2147,148031.01,Bank Transfer
COL803097,2026-01-01 00:00:00,S504383,C2027,193874.63,Card
COL803098,2026-03-14 00:00:00,S501904,C2176,418771.22,Card
COL803099,2026-01-09 00:00:00,S501516,C2183,36372.42,UPI
COL803100,2026-08-23 00:00:00,S504257,C2050,77304.29,UPI
COL803101,2026-02-20 00:00:00,S500800,C2199,210851.92,Cheque
COL803102,2026-06-15 00:00:00,S500887,C2067,48333.18,Cash
COL803103,2026-08-19 00:00:00,S503399,C2078,329924.84,UPI
COL803104,2026-08-09 00:00:00,S504581,C2413,482897.38,Cash
COL803105,2026-01-15 00:00:00,S505084,C2450,34866.41,Card
COL803106,2026-03-25 00:00:00,S504224,C2293,154987.17,Cheque
COL803107,2026-08-18 00:00:00,S504794,C2343,233981.2,Cheque
COL803108,2026-02-10 00:00:00,S504049,C2363,37882.79,Cheque
COL803109,2026-08-10 00:00:00,S503342,C2024,469727.83,Bank Transfer
COL803110,2026-06-24 00:00:00,S504837,C2055,12351.83,Card
COL803111,2026-06-03 00:00:00,S502164,C2441,21755.97,Bank Transfer
COL803112,2026-02-23 00:00:00,S502100,C2282,12726.75,Bank Transfer
COL803113,2026-04-29 00:00:00,S501086,C2301,592745.64,Cheque
COL803114,2026-07-17 00:00:00,S500436,C2028,208677.71,Bank Transfer
COL803115,2026-06-16 00:00:00,S503689,C2348,90009.97,Card
COL803116,2026-01-17 00:00:00,S503677,C2339,255091.77,Card
COL803117,2026-07-17 00:00:00,S504216,C2161,35559.21,Bank Transfer
COL803118,2026-05-08 00:00:00,S500432,C2008,42161.88,Card
COL803119,2026-04-02 00:00:00,S503928,C2045,76880.73,Cash
COL803120,2026-01-09 00:00:00,S501283,C2061,1418.28,Bank Transfer
COL803121,2026-08-07 00:00:00,S504940,C2115,324354.69,Cheque
COL803122,2026-08-15 00:00:00,S500266,C2428,177463.18,Cheque
COL803123,2026-02-15 00:00:00,S501477,C2178,11775.8,Card
COL803124,2026-05-14 00:00:00,S502172,C2003,23741.73,Card
COL803125,2026-07-15 00:00:00,S500122,C2126,376947.01,Cheque
COL803126,2026-01-16 00:00:00,S502229,C2242,43415.95,Cash
COL803127,2026-08-03 00:00:00,S504346,C2123,40413.28,Cheque
COL803128,2026-04-22 00:00:00,S504226,C2300,282729.09,Bank Transfer
COL803129,2026-03-28 00:00:00,S503889,C2201,108069.15,Cheque
COL803130,2026-06-06 00:00:00,S501434,C2207,180555.74,UPI
COL803131,2026-06-18 00:00:00,S502708,C2110,11742.67,Cash
COL803132,2026-07-15 00:00:00,S501703,C2068,86286.53,Cash
COL803133,2026-03-03 00:00:00,S503004,C2411,9945.84,Cheque
COL803134,2026-04-14 00:00:00,S504355,C2188,68542.22,UPI
COL803135,2026-04-30 00:00:00,S504696,C2263,6108.03,Bank Transfer
COL803136,2026-06-17 00:00:00,S503912,C2023,119648.46,Cheque
COL803137,2026-07-09 00:00:00,S502923,C2076,92291.34,Bank Transfer
COL803138,2026-06-01 00:00:00,S503047,C2370,262073.04,UPI
COL803139,2026-05-14 00:00:00,S503957,C2173,61195.18,Cheque
COL803140,2026-02-09 00:00:00,S501932,C2240,48323.74,Cheque
COL803141,2026-07-17 00:00:00,S504550,C2193,3883.88,Bank Transfer
COL803142,2026-02-27 00:00:00,S503895,C2074,72138.79,Cheque
COL803143,2026-05-22 00:00:00,S501614,C2065,121233.22,UPI
COL803144,2026-03-19 00:00:00,S503583,C2079,94271.98,Cheque
COL803145,2026-08-30 00:00:00,S504002,C2310,354997.43,Card
COL803146,2026-06-22 00:00:00,S500568,C2170,410516.18,UPI
COL803147,2026-04-21 00:00:00,S503053,C2353,445790.7,Cash
COL803148,2026-04-09 00:00:00,S504161,C2246,43140.6,Bank Transfer
COL803149,2026-01-06 00:00:00,S503200,C2411,386739.6,UPI
COL803150,2026-01-23 00:00:00,S502792,C2355,86474.06,Cash
COL803151,2026-03-03 00:00:00,S503455,C2178,65307.21,Cash
COL803152,2026-07-31 00:00:00,S505141,C2387,74344.12,UPI
COL803153,2026-01-17 00:00:00,S503765,C2336,60857.93,Cash
COL803154,2026-03-25 00:00:00,S505159,C2352,92635.11,Cash
COL803155,2026-04-22 00:00:00,S501765,C2333,11209.36,Card
COL803156,2026-07-17 00:00:00,S504576,C2426,9258.9,Cheque
COL803157,2026-04-14 00:00:00,S500747,C2410,9156.23,Card
COL803158,2026-05-05 00:00:00,S500971,C2308,347234.69,Cheque
COL803159,2026-01-28 00:00:00,S503900,C2152,112218.91,Cash
COL803160,2026-05-21 00:00:00,S501685,C2021,59911.1,Cheque
COL803161,2026-06-06 00:00:00,S500569,C2039,221604.19,Card
COL803162,2026-06-22 00:00:00,S503354,C2208,327767.4,Bank Transfer
COL803163,2026-01-20 00:00:00,S504652,C2122,101375.44,Bank Transfer
COL803164,2026-07-05 00:00:00,S500610,C2034,155284.61,Cheque
COL803165,2026-07-28 00:00:00,S500331,C2139,112197.33,Bank Transfer
COL803166,2026-04-27 00:00:00,S501296,C2166,27175.1,UPI
COL803167,2026-09-04 00:00:00,S505086,C2226,3594.73,Bank Transfer
COL803168,2026-02-23 00:00:00,S505191,C2006,13299.24,Cheque
COL803169,2026-08-15 00:00:00,S501556,C2152,98730.3,Cash
COL803170,2026-04-19 00:00:00,S501107,C2070,75362.14,Card
COL803171,2026-08-19 00:00:00,S504857,C2366,14280.07,Bank Transfer
COL803172,2026-03-05 00:00:00,S502650,C2014,258613.33,Cheque
COL803173,2026-02-21 00:00:00,S501807,C2384,245655.98,Card
COL803174,2026-08-17 00:00:00,S503350,C2274,211994.75,UPI
COL803175,2026-02-12 00:00:00,S502678,C2238,491415.46,Cash
COL803176,2026-03-28 00:00:00,S501720,C2273,16624.19,Card
COL803177,2026-01-18 00:00:00,S505199,C2352,138898.82,Card
COL803178,2026-08-16 00:00:00,S502418,C2106,273339.25,Cheque
COL803179,2026-03-25 00:00:00,S503539,C2043,38161.62,UPI
COL803180,2026-02-23 00:00:00,S502693,C2006,47046.85,Bank Transfer
COL803181,2026-03-01 00:00:00,S500317,C2071,348364.89,UPI
COL803182,2026-05-03 00:00:00,S504503,C2013,136545.53,Cash
COL803183,2026-03-12 00:00:00,S502932,C2185,52587.59,Bank Transfer
COL803184,2026-08-16 00:00:00,S501998,C2027,10004.34,UPI
COL803185,2026-08-22 00:00:00,S504817,C2016,449346.96,Cash
COL803186,2026-05-09 00:00:00,S504466,C2082,132770.67,Card
COL803187,2026-04-23 00:00:00,S500850,C2055,98260.6,Card
COL803188,2026-02-06 00:00:00,S504869,C2399,54258.49,Card
COL803189,2026-02-18 00:00:00,S504836,C2445,256936.2,Card
COL803190,2026-02-04 00:00:00,S502717,C2060,202904.41,Bank Transfer
COL803191,2026-04-15 00:00:00,S503522,C2291,159874.52,Card
COL803192,2026-07-14 00:00:00,S500865,C2399,134908.53,Bank Transfer
COL803193,2026-02-04 00:00:00,S502144,C2426,342952.87,Bank Transfer
COL803194,2026-08-09 00:00:00,S503066,C2415,299750.82,UPI
COL803195,2026-01-09 00:00:00,S501244,C2200,29217.8,Card
COL803196,2026-06-14 00:00:00,S504702,C2270,281166.31,Cheque
COL803197,2026-03-01 00:00:00,S504034,C2081,173607.97,Card
COL803198,2026-02-25 00:00:00,S502143,C2211,34543.9,Cheque
COL803199,2026-04-16 00:00:00,S501559,C2268,111097.98,Card
COL803200,2026-04-21 00:00:00,S502579,C2369,131473.67,Bank Transfer
COL803201,2026-03-30 00:00:00,S504303,C2012,170324.95,Card
COL803202,2026-01-12 00:00:00,S500986,C2420,266173.43,Card
COL803203,2026-08-18 00:00:00,S500010,C2379,3172.11,Card
COL803204,2026-03-12 00:00:00,S504987,C2352,30383.87,Card
COL803205,2026-03-12 00:00:00,S504818,C2002,331425.88,UPI
COL803206,2026-04-29 00:00:00,S501431,C2061,208976.12,UPI
COL803207,2026-05-12 00:00:00,S504887,C2366,43349.95,Bank Transfer
COL803208,2026-07-08 00:00:00,S504708,C2389,104659.58,Bank Transfer
COL803209,2026-06-22 00:00:00,S504462,C2228,550065.9,Cheque
COL803210,2026-08-27 00:00:00,S503242,C2087,249054.71,Bank Transfer
COL803211,2026-04-05 00:00:00,S501779,C2248,169370.08,UPI
COL803212,2026-06-27 00:00:00,S502225,C2044,61449.62,Bank Transfer
COL803213,2026-02-19 00:00:00,S503499,C2256,132856.14,Cheque
COL803214,2026-04-13 00:00:00,S505024,C2286,109438.82,Cheque
COL803215,2026-07-21 00:00:00,S500710,C2331,84037.38,UPI
COL803216,2026-06-25 00:00:00,S501273,C2440,473890.32,Bank Transfer
COL803217,2026-01-23 00:00:00,S502926,C2373,99818.94,Cheque
COL803218,2026-03-31 00:00:00,S502819,C2348,53628.16,Bank Transfer
COL803219,2026-08-03 00:00:00,S500628,C2221,327832.56,Bank Transfer
COL803220,2026-04-03 00:00:00,S503655,C2235,63911.88,UPI
COL803221,2026-01-08 00:00:00,S501003,C2150,40267.85,UPI
COL803222,2026-07-30 00:00:00,S500342,C2343,21575,Bank Transfer
COL803223,2026-01-29 00:00:00,S503057,C2347,14917.23,Card
COL803224,2026-06-20 00:00:00,S502747,C2191,110128.6,Card
COL803225,2026-02-22 00:00:00,S502065,C2444,32498.56,Cash
COL803226,2026-05-14 00:00:00,S500790,C2333,96062.34,Cash
COL803227,2026-08-09 00:00:00,S504729,C2202,165761.27,Cash
COL803228,2026-01-24 00:00:00,S503485,C2278,116452.98,UPI
COL803229,2026-04-30 00:00:00,S502177,C2134,77628.65,Bank Transfer
COL803230,2026-07-21 00:00:00,S504219,C2008,180728.67,Cheque
COL803231,2026-08-31 00:00:00,S501282,C2217,203187.54,Bank Transfer
COL803232,2026-05-04 00:00:00,S502730,C2080,27073.86,Bank Transfer
COL803233,2026-05-22 00:00:00,S501595,C2057,57056.86,Cash
COL803234,2026-02-21 00:00:00,S504054,C2204,231552.63,Bank Transfer
COL803235,2026-03-11 00:00:00,S501112,C2054,133445.39,Cash
COL803236,2026-01-04 00:00:00,S503676,C2298,393506.02,Bank Transfer
COL803237,2026-07-05 00:00:00,S500772,C2234,208719.26,Cheque
COL803238,2026-04-26 00:00:00,S502989,C2179,55359.17,Card
COL803239,2026-07-26 00:00:00,S504713,C2203,262702.26,Card
COL803240,2026-02-06 00:00:00,S501090,C2155,62384.52,UPI
COL803241,2026-02-17 00:00:00,S504136,C2285,127646.06,Cheque
COL803242,2026-05-02 00:00:00,S503236,C2375,19974.31,Bank Transfer
COL803243,2026-02-08 00:00:00,S504666,C2127,133098.4,Cheque
COL803244,2026-04-02 00:00:00,S500335,C2423,53880.04,Bank Transfer
COL803245,2026-03-07 00:00:00,S501460,C2403,82106.23,Cheque
COL803246,2026-01-13 00:00:00,S504853,C2416,110950.36,Cheque
COL803247,2026-07-13 00:00:00,S502729,C2018,153433.04,Card
COL803248,2026-03-01 00:00:00,S502961,C2333,78626.3,Cheque
COL803249,2026-05-06 00:00:00,S500558,C2406,299508.2,UPI
COL803250,2026-06-18 00:00:00,S503117,C2202,303648.62,Bank Transfer
COL803251,2026-02-01 00:00:00,S504374,C2176,19669.71,Cash
COL803252,2026-06-29 00:00:00,S504740,C2135,19702.12,Cheque
COL803253,2026-05-13 00:00:00,S500233,C2280,5302.74,Cash
COL803254,2026-07-14 00:00:00,S502881,C2096,54105.28,Card
COL803255,2026-03-07 00:00:00,S502796,C2290,236887.76,Cash
COL803256,2026-03-19 00:00:00,S502312,C2358,159726.11,UPI
COL803257,2026-08-20 00:00:00,S503560,C2336,243873.38,UPI
COL803258,2026-06-29 00:00:00,S502861,C2057,126781.97,Card
COL803259,2026-05-06 00:00:00,S503010,C2442,116504.84,UPI
COL803260,2026-08-24 00:00:00,S501639,C2303,56703.12,Bank Transfer
COL803261,2026-06-26 00:00:00,S502994,C2423,81146.26,UPI
COL803262,2026-01-29 00:00:00,S503481,C2308,510360.45,Cheque
COL803263,2026-08-28 00:00:00,S502582,C2221,330646.43,UPI
COL803264,2026-06-15 00:00:00,S503627,C2147,28727.71,Bank Transfer
COL803265,2026-03-11 00:00:00,S502000,C2146,192080.64,Card
COL803266,2026-08-30 00:00:00,S502809,C2379,79949.96,UPI
COL803267,2026-08-14 00:00:00,S502103,C2435,52709.71,Bank Transfer
COL803268,2026-05-16 00:00:00,S500844,C2175,48217.58,Cheque
COL803269,2026-07-06 00:00:00,S500160,C2265,9869.83,Cash
COL803270,2026-02-24 00:00:00,S502357,C2359,82504.51,Cash
COL803271,2026-04-20 00:00:00,S502454,C2010,70667.73,Card
COL803272,2026-01-02 00:00:00,S503067,C2420,228675.59,Card
COL803273,2026-06-03 00:00:00,S502158,C2356,39640.69,Cash
COL803274,2026-03-04 00:00:00,S504384,C2349,12295.69,Cash
COL803275,2026-01-17 00:00:00,S504538,C2430,544032.38,Card
COL803276,2026-02-28 00:00:00,S503525,C2036,50300.82,Cash
COL803277,2026-03-29 00:00:00,S504938,C2326,47511.13,UPI
COL803278,2026-08-11 00:00:00,S502798,C2117,129580.38,Bank Transfer
COL803279,2026-01-16 00:00:00,S501550,C2413,154033.41,Card
COL803280,2026-02-27 00:00:00,S500457,C2142,56534.47,Bank Transfer
COL803281,2026-07-11 00:00:00,S505170,C2435,37731.43,Cheque
COL803282,2026-02-19 00:00:00,S500872,C2375,11904.22,Cheque
COL803283,2026-08-01 00:00:00,S501704,C2173,68474.04,UPI
COL803284,2026-08-18 00:00:00,S501038,C2019,16125.09,Cheque
COL803285,2026-06-03 00:00:00,S502246,C2409,352405.68,Card
COL803286,2026-01-17 00:00:00,S500883,C2156,252007.58,UPI
COL803287,2026-04-24 00:00:00,S500977,C2175,207061.6,UPI
COL803288,2026-02-15 00:00:00,S502393,C2254,235568.46,Card
COL803289,2026-04-16 00:00:00,S501128,C2166,396474.12,Cash
COL803290,2026-05-07 00:00:00,S503082,C2240,65466.75,Bank Transfer
COL803291,2026-07-15 00:00:00,S502866,C2224,265270.65,Card
COL803292,2026-02-19 00:00:00,S504221,C2401,366171.11,Cash
COL803293,2026-06-20 00:00:00,S500338,C2018,559220.74,Cash
COL803294,2026-04-28 00:00:00,S501472,C2062,401160.16,Cheque
COL803295,2026-06-25 00:00:00,S501079,C2014,196939.16,UPI
COL803296,2026-03-09 00:00:00,S501263,C2030,233702.65,UPI
COL803297,2026-05-27 00:00:00,S504048,C2369,11821.6,Cheque
COL803298,2026-08-18 00:00:00,S500514,C2301,149071.41,Cheque
COL803299,2026-06-02 00:00:00,S501210,C2303,690969.63,UPI
COL803300,2026-07-19 00:00:00,S502612,C2044,11117.44,Card
COL803301,2026-05-26 00:00:00,S500463,C2082,364687.45,Card
COL803302,2026-02-20 00:00:00,S504528,C2401,9386.75,Card
COL803303,2026-05-26 00:00:00,S502778,C2393,70899.41,Card
COL803304,2026-04-22 00:00:00,S502973,C2215,364673.54,Cheque
COL803305,2026-07-05 00:00:00,S503962,C2162,58548.1,Bank Transfer
COL803306,2026-03-05 00:00:00,S502883,C2330,169869.37,Bank Transfer
COL803307,2026-07-18 00:00:00,S502176,C2358,34591.32,UPI
COL803308,2026-07-04 00:00:00,S504618,C2011,322407.02,Bank Transfer
COL803309,2026-05-25 00:00:00,S503980,C2354,116744.75,Card
COL803310,2026-02-28 00:00:00,S502190,C2213,114524.94,Cheque
COL803311,2026-07-14 00:00:00,S504381,C2240,338795.55,Card
COL803312,2026-08-02 00:00:00,S501430,C2079,51669.92,Cash
COL803313,2026-05-23 00:00:00,S502501,C2061,118756.26,Cheque
COL803314,2026-08-11 00:00:00,S500296,C2041,22069.79,Cash
COL803315,2026-04-10 00:00:00,S500034,C2252,119800.55,Cash
COL803316,2026-01-26 00:00:00,S504868,C2122,100295.44,UPI
COL803317,2026-06-25 00:00:00,S501749,C2193,137537.31,Cash
COL803318,2026-01-14 00:00:00,S503256,C2069,190162.15,Bank Transfer
COL803319,2026-05-02 00:00:00,S501540,C2360,7801.04,Bank Transfer
COL803320,2026-07-28 00:00:00,S501138,C2414,27723.68,Cash
COL803321,2026-01-09 00:00:00,S502917,C2079,75006.94,UPI
COL803322,2026-01-07 00:00:00,S502278,C2389,265113.82,Cash
COL803323,2026-08-26 00:00:00,S504975,C2148,53068.91,Cheque
COL803324,2026-08-07 00:00:00,S501541,C2326,350972.1,Cheque
COL803325,2026-08-08 00:00:00,S503909,C2331,290189.42,Cheque
COL803326,2026-07-02 00:00:00,S501889,C2027,103548.38,Cheque
COL803327,2026-05-20 00:00:00,S500517,C2024,36945.4,Cash
COL803328,2026-05-25 00:00:00,S503296,C2240,15154.48,Card
COL803329,2026-07-20 00:00:00,S502026,C2185,224271.16,Card
COL803330,2026-04-18 00:00:00,S503063,C2001,417763.87,Cheque
COL803331,2026-08-24 00:00:00,S503558,C2072,63511.95,UPI
COL803332,2026-05-16 00:00:00,S502651,C2195,411380.1,UPI
COL803333,2026-04-01 00:00:00,S503470,C2072,54822.85,Cash
COL803334,2026-05-04 00:00:00,S501126,C2184,246001.13,Card
COL803335,2026-06-19 00:00:00,S505197,C2090,185449.23,Cash
COL803336,2026-07-23 00:00:00,S501726,C2107,279922.61,Bank Transfer
COL803337,2026-06-14 00:00:00,S500189,C2168,144495.73,Cheque
COL803338,2026-05-28 00:00:00,S503513,C2450,18366.83,Bank Transfer
COL803339,2026-01-01 00:00:00,S501821,C2355,132721.08,Bank Transfer
COL803340,2026-01-09 00:00:00,S504901,C2186,116513.85,UPI
COL803341,2026-04-21 00:00:00,S504012,C2328,20261.7,Card
COL803342,2026-01-24 00:00:00,S502486,C2378,95755.26,Cheque
COL803343,2026-05-05 00:00:00,S502918,C2186,77205.24,Cash
COL803344,2026-06-11 00:00:00,S500939,C2152,300344.08,Cheque
COL803345,2026-02-05 00:00:00,S504600,C2203,141655.68,Cash
COL803346,2026-01-04 00:00:00,S501419,C2319,177956.41,Cash
COL803347,2026-06-06 00:00:00,S500530,C2061,405809.26,Card
COL803348,2026-03-28 00:00:00,S503512,C2168,68095.13,Bank Transfer
COL803349,2026-08-15 00:00:00,S501651,C2138,87271.03,Cash
COL803350,2026-05-24 00:00:00,S502228,C2154,36329.8,Card
COL803351,2026-01-08 00:00:00,S501376,C2068,188000.35,Bank Transfer
COL803352,2026-04-01 00:00:00,S501580,C2352,28453.41,Bank Transfer
COL803353,2026-02-08 00:00:00,S503363,C2180,120621.71,Cheque
COL803354,2026-02-27 00:00:00,S504281,C2216,456695.05,Cheque
COL803355,2026-05-20 00:00:00,S502208,C2304,174694.41,Cheque
COL803356,2026-06-21 00:00:00,S502555,C2045,215983.31,UPI
COL803357,2026-01-04 00:00:00,S501045,C2309,75167.77,Bank Transfer
COL803358,2026-08-27 00:00:00,S503426,C2210,177803.71,UPI
COL803359,2026-01-25 00:00:00,S501395,C2376,5504.52,Cheque
COL803360,2026-07-17 00:00:00,S504582,C2131,84318.3,Card
COL803361,2026-03-08 00:00:00,S501731,C2135,330802.02,Cheque
COL803362,2026-06-16 00:00:00,S500904,C2086,468848.09,Cash
COL803363,2026-04-28 00:00:00,S500813,C2226,225889.07,Card
COL803364,2026-01-24 00:00:00,S503150,C2199,507900.26,Card
COL803365,2026-08-01 00:00:00,S502070,C2250,148890.94,Bank Transfer
COL803366,2026-01-06 00:00:00,S501905,C2133,11338.49,UPI
COL803367,2026-04-07 00:00:00,S501907,C2320,46062.86,Cash
COL803368,2026-03-13 00:00:00,S503490,C2052,182870.3,Card
COL803369,2026-06-10 00:00:00,S504609,C2316,312937.95,UPI
COL803370,2026-06-25 00:00:00,S504968,C2087,43362.38,UPI
COL803371,2026-07-14 00:00:00,S500398,C2215,92512.29,Cash
COL803372,2026-05-04 00:00:00,S503763,C2049,111131.2,Cash
COL803373,2026-01-02 00:00:00,S502359,C2091,35668.47,Cheque
COL803374,2026-02-07 00:00:00,S501957,C2230,299298.31,Cheque
COL803375,2026-02-09 00:00:00,S500240,C2339,247279.92,Card
COL803376,2026-02-25 00:00:00,S500617,C2088,106841.73,Card
COL803377,2026-04-13 00:00:00,S504169,C2219,292192.7,Card
COL803378,2026-04-13 00:00:00,S501165,C2183,586991.13,Cheque
COL803379,2026-08-04 00:00:00,S504249,C2058,67779.62,Card
COL803380,2026-01-21 00:00:00,S500171,C2250,26012.59,Card
COL803381,2026-04-25 00:00:00,S502343,C2082,83299.38,Cheque
COL803382,2026-07-29 00:00:00,S503285,C2179,47302.96,Cheque
COL803383,2026-02-04 00:00:00,S503368,C2273,193224.41,Card
COL803384,2026-07-22 00:00:00,S502120,C2067,291939.32,Card
COL803385,2026-07-22 00:00:00,S500821,C2144,32782.62,UPI
COL803386,2026-03-08 00:00:00,S504261,C2381,250776.79,Bank Transfer
COL803387,2026-07-07 00:00:00,S502295,C2343,510462.85,Cheque
COL803388,2026-05-31 00:00:00,S501411,C2385,81463.09,Bank Transfer
COL803389,2026-07-12 00:00:00,S503386,C2163,29030.98,Cheque
COL803390,2026-07-10 00:00:00,S501520,C2168,305875.71,UPI
COL803391,2026-05-31 00:00:00,S502260,C2132,110260.94,Bank Transfer
COL803392,2026-08-02 00:00:00,S502319,C2251,92085.92,UPI
COL803393,2026-05-03 00:00:00,S505016,C2282,320130.23,Cash
COL803394,2026-02-11 00:00:00,S502950,C2357,196830.8,Bank Transfer
COL803395,2026-08-10 00:00:00,S502271,C2072,524482.13,Bank Transfer
COL803396,2026-07-11 00:00:00,S503183,C2029,45766.8,Bank Transfer
COL803397,2026-07-13 00:00:00,S502925,C2321,167231.8,Cash
COL803398,2026-03-22 00:00:00,S500044,C2268,27751.83,Cash
COL803399,2026-02-10 00:00:00,S502407,C2023,91698.78,UPI
COL803400,2026-04-24 00:00:00,S502937,C2245,6499.45,Cash
COL803401,2026-01-20 00:00:00,S504164,C2366,117502.01,Cheque
COL803402,2026-01-09 00:00:00,S503911,C2210,13365.3,Card
COL803403,2026-02-26 00:00:00,S500231,C2308,24088.85,Bank Transfer
COL803404,2026-05-04 00:00:00,S501946,C2114,169968.13,UPI
COL803405,2026-07-22 00:00:00,S502493,C2076,219164.42,UPI
COL803406,2026-05-25 00:00:00,S502605,C2036,121247.98,UPI
COL803407,2026-03-19 00:00:00,S502576,C2375,61341.83,UPI
COL803408,2026-07-29 00:00:00,S503792,C2134,68472.95,Bank Transfer
COL803409,2026-01-18 00:00:00,S500313,C2425,40728.08,UPI
COL803410,2026-08-24 00:00:00,S500019,C2366,277299.84,Bank Transfer
COL803411,2026-08-30 00:00:00,S502991,C2141,227770.11,UPI
COL803412,2026-03-04 00:00:00,S503638,C2322,96309.27,UPI
COL803413,2026-07-19 00:00:00,S502398,C2215,54292.36,Card
COL803414,2026-04-03 00:00:00,S504805,C2281,24464.31,Cheque
COL803415,2026-07-19 00:00:00,S504495,C2435,174710.58,Cash
COL803416,2026-01-26 00:00:00,S504967,C2107,83398.98,Cash
COL803417,2026-08-08 00:00:00,S501230,C2399,85224.85,Cash
COL803418,2026-07-19 00:00:00,S503646,C2009,54620.88,Cheque
COL803419,2026-03-25 00:00:00,S502655,C2334,75566.86,Bank Transfer
COL803420,2026-08-27 00:00:00,S504954,C2295,50137.38,Cash
COL803421,2026-07-19 00:00:00,S504157,C2447,27671.9,Cash
COL803422,2026-07-25 00:00:00,S500785,C2395,72630.56,Cash
COL803423,2026-01-13 00:00:00,S503794,C2084,519013.57,Bank Transfer
COL803424,2026-04-29 00:00:00,S501183,C2232,82562.75,Cheque
COL803425,2026-08-20 00:00:00,S504035,C2374,83648.64,Cheque
COL803426,2026-05-25 00:00:00,S501967,C2248,355539.52,Bank Transfer
COL803427,2026-04-25 00:00:00,S503856,C2108,40164.86,Card
COL803428,2026-01-26 00:00:00,S504640,C2203,587969.99,UPI
COL803429,2026-05-14 00:00:00,S503137,C2317,52904.39,Bank Transfer
COL803430,2026-03-22 00:00:00,S500719,C2181,85988.12,UPI
COL803431,2026-05-12 00:00:00,S502665,C2360,425419.78,Cheque
COL803432,2026-03-30 00:00:00,S500297,C2181,26449.18,UPI
COL803433,2026-01-07 00:00:00,S502572,C2407,133699.74,Cash
COL803434,2026-01-17 00:00:00,S505169,C2060,87542.07,UPI
COL803435,2026-03-27 00:00:00,S500387,C2037,32446.31,UPI
COL803436,2026-05-08 00:00:00,S502118,C2200,268004.53,Cheque
COL803437,2026-04-28 00:00:00,S504720,C2275,52519.99,Card
COL803438,2026-04-02 00:00:00,S503537,C2304,6777.71,UPI
COL803439,2026-02-19 00:00:00,S500873,C2101,152465.64,Cheque
COL803440,2026-05-08 00:00:00,S504073,C2059,96380.84,Cash
COL803441,2026-01-06 00:00:00,S501851,C2395,321653.33,UPI
COL803442,2026-06-07 00:00:00,S503761,C2054,66831.68,UPI
COL803443,2026-03-15 00:00:00,S500859,C2020,78745.9,Cash
COL803444,2026-08-30 00:00:00,S504031,C2307,8011.65,Bank Transfer
COL803445,2026-02-25 00:00:00,S500117,C2313,167507.58,Card
COL803446,2026-02-08 00:00:00,S503465,C2053,62336.43,Cash
COL803447,2026-05-22 00:00:00,S504769,C2435,184949.79,Cash
COL803448,2026-02-23 00:00:00,S501457,C2407,3409.53,Cash
COL803449,2026-08-26 00:00:00,S500595,C2245,99006.96,Bank Transfer
COL803450,2026-08-22 00:00:00,S500400,C2316,143673.34,Cash
COL803451,2026-01-22 00:00:00,S503421,C2056,63664.18,Bank Transfer
COL803452,2026-07-04 00:00:00,S502851,C2114,310312.68,Card
COL803453,2026-02-10 00:00:00,S503077,C2218,103899.33,Bank Transfer
COL803454,2026-03-31 00:00:00,S501328,C2430,107601.9,Card
COL803455,2026-01-10 00:00:00,S501019,C2006,89210.99,Card
COL803456,2026-01-02 00:00:00,S501722,C2355,109701.64,Card
COL803457,2026-07-14 00:00:00,S503145,C2386,63568.64,Cheque
COL803458,2026-02-17 00:00:00,S504277,C2107,19476.8,Card
COL803459,2026-02-11 00:00:00,S503115,C2075,116680.02,Bank Transfer
COL803460,2026-09-04 00:00:00,S501517,C2363,304427.32,Cheque
COL803461,2026-05-19 00:00:00,S502859,C2196,261030.08,Cash
COL803462,2026-07-21 00:00:00,S503784,C2386,188446.59,Cash
COL803463,2026-05-20 00:00:00,S501388,C2135,105343.56,UPI
COL803464,2026-05-22 00:00:00,S504316,C2249,131382.96,Card
COL803465,2026-01-30 00:00:00,S504613,C2406,319266.7,UPI
COL803466,2026-08-21 00:00:00,S503576,C2294,12781.96,Card
COL803467,2026-03-01 00:00:00,S501124,C2435,48320.8,Card
COL803468,2026-07-24 00:00:00,S504006,C2137,20249.76,Bank Transfer
COL803469,2026-06-07 00:00:00,S502476,C2168,91816.26,Bank Transfer
COL803470,2026-02-07 00:00:00,S500479,C2097,505781.08,Cash
COL803471,2026-03-16 00:00:00,S504143,C2441,53610.96,Cheque
COL803472,2026-03-06 00:00:00,S502375,C2157,331149.27,Cash
COL803473,2026-08-07 00:00:00,S500235,C2009,2700.26,Card
COL803474,2026-06-24 00:00:00,S500926,C2405,108491.18,Cheque
COL803475,2026-02-08 00:00:00,S502480,C2337,108935.21,UPI
COL803476,2026-08-23 00:00:00,S501337,C2351,249455.05,Card
COL803477,2026-06-26 00:00:00,S502039,C2056,536741.46,Bank Transfer
COL803478,2026-08-17 00:00:00,S505132,C2408,36531.58,Cash
COL803479,2026-03-14 00:00:00,S504725,C2017,52852.33,Cash
COL803480,2026-02-27 00:00:00,S503758,C2033,34761.6,UPI
COL803481,2026-08-28 00:00:00,S502470,C2278,416600.31,Cash
COL803482,2026-04-17 00:00:00,S504727,C2440,248550.1,Cash
COL803483,2026-08-06 00:00:00,S501637,C2055,92264.44,Cheque
COL803484,2026-03-30 00:00:00,S504091,C2311,111457.27,Card
COL803485,2026-01-17 00:00:00,S502829,C2137,74332.15,Cheque
COL803486,2026-05-14 00:00:00,S501131,C2383,490596.55,Cheque
COL803487,2026-05-23 00:00:00,S500197,C2137,312594.69,Cash
COL803488,2026-07-14 00:00:00,S501371,C2166,110782.25,Card
COL803489,2026-04-05 00:00:00,S503658,C2013,25037.66,Cash
COL803490,2026-06-05 00:00:00,S500792,C2101,272166.66,Cash
COL803491,2026-07-20 00:00:00,S500738,C2309,13267.95,Cheque
COL803492,2026-06-21 00:00:00,S501271,C2311,401242.12,Bank Transfer
COL803493,2026-08-31 00:00:00,S504701,C2303,102510.9,Bank Transfer
COL803494,2026-05-26 00:00:00,S502726,C2229,250959.45,Cheque
COL803495,2026-08-28 00:00:00,S502984,C2127,297607.13,Cheque
COL803496,2026-08-20 00:00:00,S502245,C2266,112889.5,Cash
COL803497,2026-06-09 00:00:00,S500557,C2060,120342.8,Card
COL803498,2026-07-30 00:00:00,S503201,C2123,225009.86,Cash
COL803499,2026-07-16 00:00:00,S500739,C2437,68053.33,Cash
COL803500,2026-06-21 00:00:00,S502762,C2122,189986.57,UPI
COL803501,2026-03-11 00:00:00,S504401,C2359,92997.99,Cash
COL803502,2026-03-04 00:00:00,S503132,C2028,301126.33,Card
COL803503,2026-07-23 00:00:00,S501782,C2436,412651.06,Cash
COL803504,2026-02-27 00:00:00,S500020,C2448,88379.81,Cheque
COL803505,2026-06-24 00:00:00,S502759,C2388,186996.87,Card
COL803506,2026-05-06 00:00:00,S502265,C2004,102163.27,Cheque
COL803507,2026-08-22 00:00:00,S504180,C2148,247525.54,UPI
COL803508,2026-05-25 00:00:00,S500128,C2415,232452.81,UPI
COL803509,2026-06-16 00:00:00,S500804,C2140,225855.83,Card
COL803510,2026-07-06 00:00:00,S503626,C2036,390873.09,Bank Transfer
COL803511,2026-05-15 00:00:00,S501630,C2304,120493.34,Bank Transfer
COL803512,2026-03-04 00:00:00,S504000,C2074,34615.62,Card
COL803513,2026-04-27 00:00:00,S500649,C2319,69825.9,Card
COL803514,2026-07-04 00:00:00,S504420,C2014,328992.2,Cheque
COL803515,2026-07-22 00:00:00,S504692,C2222,319088.14,UPI
COL803516,2026-06-11 00:00:00,S502972,C2194,85318.33,Card
COL803517,2026-02-22 00:00:00,S503567,C2422,200159.88,Cash
COL803518,2026-07-13 00:00:00,S502703,C2237,18100.13,Cheque
COL803519,2026-07-25 00:00:00,S503982,C2136,268135.28,UPI
COL803520,2026-03-23 00:00:00,S503304,C2183,354010.47,Cheque
COL803521,2026-06-25 00:00:00,S505085,C2218,73894.07,UPI
COL803522,2026-07-07 00:00:00,S501801,C2227,185961.38,Cash
COL803523,2026-02-12 00:00:00,S500828,C2187,298505.64,UPI
COL803524,2026-07-20 00:00:00,S501898,C2266,274795.67,Cheque
COL803525,2026-08-19 00:00:00,S502449,C2362,504853.33,UPI
COL803526,2026-01-04 00:00:00,S504424,C2245,23126.75,Cheque
COL803527,2026-08-28 00:00:00,S501560,C2151,181133.44,Card
COL803528,2026-07-25 00:00:00,S504755,C2148,123711.91,Cash
COL803529,2026-03-16 00:00:00,S504925,C2320,253304.83,Cheque
COL803530,2026-04-04 00:00:00,S502901,C2284,61609.35,Bank Transfer
COL803531,2026-08-20 00:00:00,S503346,C2182,27923.43,Bank Transfer
COL803532,2026-04-17 00:00:00,S503009,C2077,462103.78,UPI
COL803533,2026-04-01 00:00:00,S504233,C2068,397145.33,Card
COL803534,2026-04-03 00:00:00,S505030,C2052,96598.07,Card
COL803535,2026-06-29 00:00:00,S500158,C2418,454151.56,Bank Transfer
COL803536,2026-06-09 00:00:00,S503629,C2409,267740.06,UPI
COL803537,2026-04-23 00:00:00,S502701,C2300,22278.44,Card
COL803538,2026-08-10 00:00:00,S502285,C2301,114512.3,Card
COL803539,2026-03-31 00:00:00,S504882,C2348,148007.01,UPI
COL803540,2026-04-04 00:00:00,S504963,C2159,53618.97,Cheque
COL803541,2026-06-28 00:00:00,S504361,C2381,197400.62,Bank Transfer
COL803542,2026-05-18 00:00:00,S505181,C2390,194084.53,Card
COL803543,2026-05-20 00:00:00,S505088,C2015,337060.2,Cheque
COL803544,2026-08-13 00:00:00,S500959,C2013,249742.22,Cheque
COL803545,2026-08-14 00:00:00,S503862,C2194,129668.73,Cheque
COL803546,2026-07-29 00:00:00,S502741,C2204,207246.89,Cheque
COL803547,2026-06-16 00:00:00,S501645,C2429,46984.15,Cash
COL803548,2026-07-27 00:00:00,S501293,C2293,30735.97,Cash
COL803549,2026-08-25 00:00:00,S501117,C2288,82615.64,UPI
COL803550,2026-07-15 00:00:00,S503379,C2190,81842.55,Bank Transfer
COL803551,2026-05-18 00:00:00,S502091,C2176,14055.1,UPI
COL803552,2026-04-02 00:00:00,S501508,C2026,589895.16,Cash
COL803553,2026-04-15 00:00:00,S504436,C2387,150771.44,UPI
COL803554,2026-07-29 00:00:00,S502341,C2048,197226.93,UPI
COL803555,2026-03-14 00:00:00,S504195,C2278,27655.95,Cheque
COL803556,2026-08-02 00:00:00,S500216,C2082,304776.83,Card
COL803557,2026-01-10 00:00:00,S503079,C2045,131816.4,Cash
COL803558,2026-04-14 00:00:00,S502044,C2218,80252.71,Cash
COL803559,2026-05-31 00:00:00,S504092,C2281,480511.12,UPI
COL803560,2026-08-23 00:00:00,S502935,C2342,495314.2,Card
COL803561,2026-07-24 00:00:00,S501264,C2285,252395.82,UPI
COL803562,2026-08-04 00:00:00,S502334,C2102,93364.64,Bank Transfer
COL803563,2026-05-21 00:00:00,S504375,C2202,10354.46,Cash
COL803564,2026-02-17 00:00:00,S502845,C2321,357322.9,Cheque
COL803565,2026-04-19 00:00:00,S503198,C2037,134285.36,Cheque
COL803566,2026-03-30 00:00:00,S501682,C2362,382365.28,Cheque
COL803567,2026-02-13 00:00:00,S500845,C2004,371948.34,Cash
COL803568,2026-08-27 00:00:00,S503012,C2393,58831.81,Cash
COL803569,2026-04-03 00:00:00,S500037,C2304,38941.35,Cheque
COL803570,2026-07-27 00:00:00,S503388,C2290,45265.87,Cash
COL803571,2026-03-05 00:00:00,S501689,C2095,243560.43,Cheque
COL803572,2026-02-09 00:00:00,S502668,C2373,85771.29,Bank Transfer
COL803573,2026-05-14 00:00:00,S503223,C2056,23235.56,Bank Transfer
COL803574,2026-04-30 00:00:00,S501100,C2007,97832.09,Bank Transfer
COL803575,2026-03-13 00:00:00,S504076,C2324,451778.48,UPI
COL803576,2026-04-08 00:00:00,S503310,C2173,106045.27,UPI
COL803577,2026-07-29 00:00:00,S504964,C2331,313073.89,Card
COL803578,2026-06-20 00:00:00,S503815,C2368,53117.08,Card
COL803579,2026-02-01 00:00:00,S503833,C2120,355653.47,Card
COL803580,2026-06-26 00:00:00,S504687,C2352,171976.11,Bank Transfer
COL803581,2026-03-15 00:00:00,S501162,C2177,140783.78,Bank Transfer
COL803582,2026-08-14 00:00:00,S504463,C2388,264739.09,Bank Transfer
COL803583,2026-08-03 00:00:00,S503140,C2114,172926.7,Cash
COL803584,2026-05-03 00:00:00,S502379,C2289,31503.49,Cash
COL803585,2026-05-27 00:00:00,S503246,C2241,108868.56,Bank Transfer
COL803586,2026-03-25 00:00:00,S502169,C2029,205600.92,Cheque
COL803587,2026-02-21 00:00:00,S504172,C2027,528127.43,Card
COL803588,2026-06-29 00:00:00,S502478,C2368,304239.47,UPI
COL803589,2026-02-03 00:00:00,S504188,C2041,255873.79,Card
COL803590,2026-07-06 00:00:00,S502214,C2366,631146.17,Cheque
COL803591,2026-08-18 00:00:00,S503205,C2102,514437.94,Cash
COL803592,2026-03-22 00:00:00,S503279,C2220,592169.3,Bank Transfer
COL803593,2026-04-18 00:00:00,S500960,C2213,53484.43,Cash
COL803594,2026-05-06 00:00:00,S500619,C2232,161411.09,Cash
COL803595,2026-01-05 00:00:00,S501863,C2214,144018.45,Cheque
COL803596,2026-07-13 00:00:00,S500213,C2343,331434.89,Cash
COL803597,2026-02-10 00:00:00,S500137,C2233,249726.88,Cash
COL803598,2026-02-03 00:00:00,S501409,C2273,79121.13,Card
COL803599,2026-07-01 00:00:00,S500080,C2446,160936.33,Card
COL803600,2026-01-20 00:00:00,S504533,C2238,13273.54,Cheque
COL803601,2026-08-26 00:00:00,S504382,C2073,35274.34,Bank Transfer
COL803602,2026-07-01 00:00:00,S500293,C2326,272552.11,Card
COL803603,2026-08-27 00:00:00,S500761,C2052,35060.75,Cash
COL803604,2026-03-07 00:00:00,S501001,C2410,47325.03,UPI
COL803605,2026-04-02 00:00:00,S504133,C2143,207588.35,Card
COL803606,2026-05-26 00:00:00,S503291,C2164,355114.86,UPI
COL803607,2026-02-13 00:00:00,S501809,C2435,24045.02,Bank Transfer
COL803608,2026-04-13 00:00:00,S504993,C2215,455023.13,Cash
COL803609,2026-02-17 00:00:00,S502356,C2047,7095.91,Card
COL803610,2026-08-31 00:00:00,S502793,C2072,218891.39,Bank Transfer
COL803611,2026-02-04 00:00:00,S501887,C2038,305614.21,Cheque
COL803612,2026-07-26 00:00:00,S500249,C2254,197234.18,Bank Transfer
COL803613,2026-04-21 00:00:00,S504970,C2062,5880.13,Cheque
COL803614,2026-02-08 00:00:00,S501621,C2434,331910.54,Cheque
COL803615,2026-08-20 00:00:00,S504874,C2446,430836.71,Card
COL803616,2026-08-19 00:00:00,S500962,C2291,116506.68,UPI
COL803617,2026-01-03 00:00:00,S501163,C2342,67440.64,Cheque
COL803618,2026-01-19 00:00:00,S503613,C2083,376551.13,Cash
COL803619,2026-08-03 00:00:00,S503338,C2234,425395.97,Card
COL803620,2026-07-30 00:00:00,S502966,C2442,385245.06,Cheque
COL803621,2026-05-05 00:00:00,S503450,C2349,113345.35,Card
COL803622,2026-05-26 00:00:00,S502377,C2075,21501.46,Cash
COL803623,2026-08-10 00:00:00,S504068,C2256,361325.29,Card
COL803624,2026-08-19 00:00:00,S502912,C2086,268523.25,Card
COL803625,2026-03-24 00:00:00,S505080,C2288,307988.31,Cheque
COL803626,2026-01-05 00:00:00,S500990,C2409,373910.53,Bank Transfer
COL803627,2026-02-24 00:00:00,S502304,C2239,76109.06,Card
COL803628,2026-01-13 00:00:00,S500802,C2060,15247.05,Cheque
COL803629,2026-06-11 00:00:00,S501829,C2427,325211.93,Cash
COL803630,2026-08-04 00:00:00,S500913,C2048,10833.14,Cash
COL803631,2026-01-18 00:00:00,S501164,C2013,286989.04,Bank Transfer
COL803632,2026-03-09 00:00:00,S505113,C2391,75377.54,Cash
COL803633,2026-04-10 00:00:00,S504451,C2347,255624.13,Cheque
COL803634,2026-07-19 00:00:00,S500371,C2221,329153.93,Bank Transfer
COL803635,2026-06-20 00:00:00,S502220,C2279,408663.57,Cheque
COL803636,2026-07-12 00:00:00,S500701,C2259,140731.09,Bank Transfer
COL803637,2026-06-18 00:00:00,S504498,C2408,501013.02,Bank Transfer
COL803638,2026-02-07 00:00:00,S501122,C2309,99685.13,Cheque
COL803639,2026-08-16 00:00:00,S504075,C2113,381130.09,Bank Transfer
COL803640,2026-06-15 00:00:00,S500881,C2396,509280.47,Cheque
COL803641,2026-05-21 00:00:00,S501216,C2362,149019.94,Cash
COL803642,2026-05-05 00:00:00,S505065,C2348,8275.42,Cash
COL803643,2026-01-22 00:00:00,S502199,C2057,44530.44,Card
COL803644,2026-01-29 00:00:00,S504523,C2042,168387.49,UPI
COL803645,2026-05-17 00:00:00,S505114,C2361,76325.88,UPI
COL803646,2026-08-07 00:00:00,S502203,C2368,21188.58,Cash
COL803647,2026-04-20 00:00:00,S505136,C2031,311100.79,Card
COL803648,2026-04-18 00:00:00,S500424,C2160,71867.73,UPI
COL803649,2026-03-09 00:00:00,S502934,C2071,226591.71,Cheque
COL803650,2026-04-14 00:00:00,S503189,C2306,92390.68,Cheque
COL803651,2026-05-25 00:00:00,S500882,C2130,106975.52,Bank Transfer
COL803652,2026-09-03 00:00:00,S505135,C2313,239309.51,UPI
COL803653,2026-06-14 00:00:00,S502459,C2134,9973.23,Cheque
COL803654,2026-07-11 00:00:00,S504479,C2411,94364.83,UPI
COL803655,2026-07-14 00:00:00,S500838,C2023,32061.9,Bank Transfer
COL803656,2026-05-12 00:00:00,S503272,C2043,62387.89,Cash
COL803657,2026-02-09 00:00:00,S504246,C2244,227846.45,Card
COL803658,2026-05-24 00:00:00,S503332,C2283,272560.56,Bank Transfer
COL803659,2026-05-19 00:00:00,S503178,C2419,233309.76,Bank Transfer
COL803660,2026-08-07 00:00:00,S504341,C2178,496740.94,Bank Transfer
COL803661,2026-01-26 00:00:00,S504398,C2281,23612.08,Card
COL803662,2026-04-05 00:00:00,S503274,C2302,35735.86,Cheque
COL803663,2026-04-08 00:00:00,S502338,C2287,326709.48,UPI
COL803664,2026-07-19 00:00:00,S501861,C2035,316842.65,Cash
COL803665,2026-04-13 00:00:00,S504632,C2133,317793.35,Cash
COL803666,2026-07-12 00:00:00,S501047,C2352,478547.49,Card
COL803667,2026-05-05 00:00:00,S503112,C2092,53426.11,Cash
COL803668,2026-01-02 00:00:00,S500104,C2222,111221.68,Card
COL803669,2026-09-04 00:00:00,S500949,C2276,346840.75,Card
COL803670,2026-04-01 00:00:00,S505001,C2130,316109.26,UPI
COL803671,2026-02-14 00:00:00,S503876,C2021,437082.82,UPI
COL803672,2026-06-20 00:00:00,S503404,C2256,443807.63,Card
COL803673,2026-01-03 00:00:00,S502685,C2401,110894.45,UPI
COL803674,2026-06-11 00:00:00,S502222,C2340,64351.12,Cheque
COL803675,2026-03-21 00:00:00,S504292,C2090,29173.6,Bank Transfer
COL803676,2026-07-12 00:00:00,S503694,C2337,232434.91,Cash
COL803677,2026-03-05 00:00:00,S502942,C2079,138562.34,Cash
COL803678,2026-05-15 00:00:00,S500555,C2273,382346.67,Cash
COL803679,2026-02-04 00:00:00,S501363,C2250,601937.17,Cash
COL803680,2026-01-22 00:00:00,S503244,C2219,219575.93,Cheque
COL803681,2026-06-25 00:00:00,S501137,C2104,118420.29,Cheque
COL803682,2026-06-09 00:00:00,S500793,C2132,18910.31,Bank Transfer
COL803683,2026-01-26 00:00:00,S502594,C2175,75906.89,Card
COL803684,2026-04-30 00:00:00,S504953,C2083,116267.89,UPI
COL803685,2026-01-06 00:00:00,S500947,C2256,219700.44,Bank Transfer
COL803686,2026-06-23 00:00:00,S504176,C2348,325932.18,Cash
COL803687,2026-07-02 00:00:00,S501113,C2294,309080.18,UPI
COL803688,2026-07-22 00:00:00,S503852,C2006,328593.8,Bank Transfer
COL803689,2026-08-11 00:00:00,S501059,C2112,63162.33,Cash
COL803690,2026-04-28 00:00:00,S503664,C2326,19010.45,Bank Transfer
COL803691,2026-07-02 00:00:00,S503118,C2445,95095.35,Cash
COL803692,2026-03-26 00:00:00,S502775,C2201,13894.06,Cash
COL803693,2026-07-04 00:00:00,S501455,C2350,232700.02,Cheque
COL803694,2026-08-31 00:00:00,S500946,C2074,263385.05,Cash
COL803695,2026-08-02 00:00:00,S504385,C2081,25691.75,Bank Transfer
COL803696,2026-05-01 00:00:00,S500520,C2013,96692.95,UPI
COL803697,2026-03-04 00:00:00,S501787,C2351,104797.15,Cheque
COL803698,2026-05-09 00:00:00,S500544,C2259,43443.67,UPI
COL803699,2026-05-29 00:00:00,S500067,C2344,109418.54,Card
COL803700,2026-08-25 00:00:00,S501078,C2020,31563.25,UPI
COL803701,2026-01-20 00:00:00,S503284,C2077,501250.86,Card
COL803702,2026-07-20 00:00:00,S500798,C2293,153648.68,Card
COL803703,2026-08-07 00:00:00,S502328,C2294,112305.79,Cheque
COL803704,2026-01-29 00:00:00,S504058,C2274,246253.13,UPI
COL803705,2026-02-12 00:00:00,S502226,C2105,299477.18,Cash
COL803706,2026-08-13 00:00:00,S504660,C2301,32839.86,Cheque
COL803707,2026-06-22 00:00:00,S504269,C2413,144719.33,Cheque
COL803708,2026-09-01 00:00:00,S502940,C2046,49998.43,Cash
COL803709,2026-03-06 00:00:00,S500614,C2404,96544.81,UPI
COL803710,2026-05-11 00:00:00,S500815,C2281,88193.5,Cheque
COL803711,2026-04-06 00:00:00,S503062,C2111,180140.28,Card
COL803712,2026-01-20 00:00:00,S503188,C2441,175488.85,Cash
COL803713,2026-03-22 00:00:00,S504229,C2355,3615.65,Bank Transfer
COL803714,2026-02-06 00:00:00,S504694,C2404,77577.48,Cheque
COL803715,2026-02-07 00:00:00,S501906,C2325,25242.35,Card
COL803716,2026-08-29 00:00:00,S504598,C2325,236549.58,UPI
COL803717,2026-07-21 00:00:00,S501050,C2016,326476.72,UPI
COL803718,2026-08-23 00:00:00,S503289,C2276,13878.66,Cash
COL803719,2026-02-14 00:00:00,S504394,C2300,43965.71,Card
COL803720,2026-08-09 00:00:00,S503888,C2231,289718.74,Cash
COL803721,2026-06-19 00:00:00,S501159,C2149,114334.92,Cheque
COL803722,2026-02-15 00:00:00,S505022,C2398,411065.97,Cash
COL803723,2026-03-01 00:00:00,S500081,C2388,28464.02,Bank Transfer
COL803724,2026-04-06 00:00:00,S504409,C2113,53887.94,Cash
COL803725,2026-01-13 00:00:00,S502275,C2230,494580.3,Cash
COL803726,2026-01-31 00:00:00,S500737,C2087,81877.03,Cheque
COL803727,2026-05-04 00:00:00,S500008,C2267,14656.06,Card
COL803728,2026-03-09 00:00:00,S504273,C2347,95836.76,Bank Transfer
COL803729,2026-04-26 00:00:00,S502257,C2132,518323.64,Cash
COL803730,2026-03-03 00:00:00,S501570,C2370,54831.04,Cheque
COL803731,2026-06-26 00:00:00,S502126,C2101,43339.35,Cheque
COL803732,2026-05-26 00:00:00,S504989,C2013,88171.57,Cheque
COL803733,2026-03-16 00:00:00,S503240,C2361,125303.08,Card
COL803734,2026-04-16 00:00:00,S503596,C2251,174907.88,Cash
COL803735,2026-02-22 00:00:00,S500958,C2008,62077.03,UPI
COL803736,2026-05-26 00:00:00,S500987,C2102,139220.05,Bank Transfer
COL803737,2026-02-20 00:00:00,S501706,C2125,72002.19,UPI
COL803738,2026-06-18 00:00:00,S504821,C2082,86014.3,Card
COL803739,2026-04-11 00:00:00,S503104,C2111,68927.64,Cash
COL803740,2026-08-13 00:00:00,S500794,C2013,78975.48,UPI
COL803741,2026-04-11 00:00:00,S504880,C2409,135299.88,UPI
COL803742,2026-07-14 00:00:00,S500367,C2251,257498.23,UPI
COL803743,2026-07-12 00:00:00,S502186,C2414,137116.14,Bank Transfer
COL803744,2026-03-24 00:00:00,S503704,C2244,152396.03,Cash
COL803745,2026-05-03 00:00:00,S500563,C2051,64168.7,Cheque
COL803746,2026-05-14 00:00:00,S504478,C2445,81080.98,Cash
COL803747,2026-07-21 00:00:00,S502482,C2237,51346.86,UPI
COL803748,2026-06-14 00:00:00,S504124,C2012,22500.92,Cash
COL803749,2026-01-12 00:00:00,S503993,C2087,105963.39,Cheque
COL803750,2026-08-24 00:00:00,S501031,C2222,69284.75,Bank Transfer
COL803751,2026-03-22 00:00:00,S500703,C2260,245764.14,Cash
COL803752,2026-08-07 00:00:00,S502771,C2272,193794.89,Cash
COL803753,2026-01-02 00:00:00,S505163,C2356,110868.57,Bank Transfer
COL803754,2026-02-22 00:00:00,S500495,C2336,17994.26,Bank Transfer
COL803755,2026-06-02 00:00:00,S502996,C2048,247345.79,UPI
COL803756,2026-08-26 00:00:00,S500992,C2423,90091.74,UPI
COL803757,2026-08-24 00:00:00,S500965,C2254,481738.04,Bank Transfer
COL803758,2026-06-05 00:00:00,S501631,C2344,161743.24,Cheque
COL803759,2026-06-22 00:00:00,S504494,C2441,181737.88,UPI
COL803760,2026-02-06 00:00:00,S501507,C2310,22958.96,Cheque
COL803761,2026-08-17 00:00:00,S504601,C2129,503168.24,Bank Transfer
COL803762,2026-05-25 00:00:00,S501057,C2180,589386.63,Cash
COL803763,2026-03-10 00:00:00,S501440,C2069,71963.04,Bank Transfer
COL803764,2026-02-25 00:00:00,S503719,C2036,196709.93,Bank Transfer
COL803765,2026-05-01 00:00:00,S502330,C2007,93859.32,Card
COL803766,2026-02-27 00:00:00,S504915,C2379,56471.53,Bank Transfer
COL803767,2026-07-30 00:00:00,S501228,C2108,54593.09,UPI
COL803768,2026-01-04 00:00:00,S501900,C2401,9980.89,Cash
COL803769,2026-04-13 00:00:00,S503581,C2029,145255.09,Cheque
COL803770,2026-07-02 00:00:00,S501890,C2217,149753.11,Card
COL803771,2026-02-18 00:00:00,S502419,C2133,83529.97,UPI
COL803772,2026-08-23 00:00:00,S505142,C2412,184408.53,Cash
COL803773,2026-02-07 00:00:00,S503247,C2411,106440.87,Cheque
COL803774,2026-02-14 00:00:00,S504855,C2298,93563.29,Cash
COL803775,2026-04-18 00:00:00,S501542,C2194,138469.86,UPI
COL803776,2026-06-07 00:00:00,S503293,C2378,77163.91,Cash
COL803777,2026-08-12 00:00:00,S504279,C2308,70303.06,Bank Transfer
COL803778,2026-02-06 00:00:00,S502444,C2258,92594.23,Cash
COL803779,2026-07-03 00:00:00,S500923,C2292,494259.66,Bank Transfer
COL803780,2026-06-04 00:00:00,S501585,C2124,97008.89,UPI
COL803781,2026-02-01 00:00:00,S503976,C2230,205083.97,Card
COL803782,2026-08-22 00:00:00,S501956,C2326,258794.67,Bank Transfer
COL803783,2026-05-19 00:00:00,S500573,C2381,656776.98,Cash
COL803784,2026-08-21 00:00:00,S500642,C2063,293663.72,Cash
COL803785,2026-02-27 00:00:00,S501572,C2193,134789.54,Cash
COL803786,2026-03-18 00:00:00,S503065,C2048,52360.8,UPI
COL803787,2026-06-12 00:00:00,S502731,C2215,61107.38,Cheque
COL803788,2026-01-17 00:00:00,S504333,C2028,1835.18,Cash
COL803789,2026-06-07 00:00:00,S500378,C2170,127588.2,Cash
COL803790,2026-05-26 00:00:00,S501529,C2062,127406.9,Bank Transfer
COL803791,2026-08-17 00:00:00,S502443,C2055,218780.39,Card
COL803792,2026-08-28 00:00:00,S502975,C2220,50849.14,Cash
COL803793,2026-01-30 00:00:00,S502496,C2295,11447.23,UPI
COL803794,2026-03-31 00:00:00,S500011,C2035,-4641.53,Cheque
COL803795,2026-04-29 00:00:00,S501338,C2013,212623.9,Cheque
COL803796,2026-01-16 00:00:00,S502188,C2316,31043.76,Cheque
COL803797,2026-03-16 00:00:00,S500829,C2437,113408.73,UPI
COL803798,2026-07-01 00:00:00,S504497,C2384,84008.54,Cheque
COL803799,2026-01-04 00:00:00,S502141,C2151,212369.92,Cheque
COL803800,2026-05-07 00:00:00,S502155,C2126,97675.16,Bank Transfer
COL803801,2026-04-15 00:00:00,S503121,C2297,196262.44,Cheque
COL803802,2026-05-23 00:00:00,S502031,C2444,77877.76,Bank Transfer
COL803803,2026-07-23 00:00:00,S504547,C2147,290391.39,Bank Transfer
COL803804,2026-06-04 00:00:00,S503751,C2040,239257.62,Bank Transfer
COL803805,2026-08-28 00:00:00,S505099,C2397,20994.61,UPI
COL803806,2026-01-04 00:00:00,S500907,C2424,16258.11,Cash
COL803807,2026-06-12 00:00:00,S503217,C2418,139355.55,Card
COL803808,2026-03-26 00:00:00,S504913,C2122,29241.22,Cheque
COL803809,2026-03-04 00:00:00,S501524,C2245,100989.96,Card
COL803810,2026-04-10 00:00:00,S502499,C2118,38629.91,Cash
COL803811,2026-03-07 00:00:00,S505036,C2295,236810.43,Bank Transfer
COL803812,2026-08-31 00:00:00,S501597,C2384,248984.4,Bank Transfer
COL803813,2026-02-08 00:00:00,S505058,C2424,213846.65,Bank Transfer
COL803814,2026-06-05 00:00:00,S504455,C2345,143480.68,Bank Transfer
COL803815,2026-06-11 00:00:00,S504264,C2310,280960.04,Cheque
COL803816,2026-06-10 00:00:00,S503199,C2014,61243.55,Cash
COL803817,2026-06-27 00:00:00,S501818,C2109,19814.08,Cash
COL803818,2026-07-07 00:00:00,S504867,C2419,231544.2,Cash
COL803819,2026-03-13 00:00:00,S500147,C2329,202891.89,Card
COL803820,2026-03-13 00:00:00,S505042,C2374,45412.46,Bank Transfer
COL803821,2026-02-11 00:00:00,S501390,C2412,155895.99,UPI
COL803822,2026-08-30 00:00:00,S504089,C2063,46148.86,Cash
COL803823,2026-03-27 00:00:00,S500952,C2071,12194.71,Card
COL803824,2026-04-01 00:00:00,S501447,C2057,301750.85,Cheque
COL803825,2026-01-28 00:00:00,S500920,C2165,32355.84,Bank Transfer
COL803826,2026-07-22 00:00:00,S500154,C2273,235170.04,Card
COL803827,2026-06-04 00:00:00,S501398,C2011,663380.85,UPI
COL803828,2026-04-29 00:00:00,S500132,C2074,86456.15,UPI
COL803829,2026-05-09 00:00:00,S500211,C2115,183952.51,Cheque
COL803830,2026-08-19 00:00:00,S503025,C2032,296154.53,Cash
COL803831,2026-08-08 00:00:00,S502425,C2008,459288.66,Cash
COL803832,2026-04-01 00:00:00,S504685,C2360,136516.66,Card
COL803833,2026-01-08 00:00:00,S502041,C2089,396726.97,Card
COL803834,2026-05-01 00:00:00,S504416,C2362,414958.66,Cash
COL803835,2026-02-15 00:00:00,S502535,C2115,76721.78,Cash
COL803836,2026-01-24 00:00:00,S504473,C2074,384874.7,Card
COL803837,2026-04-25 00:00:00,S502597,C2252,345953,Bank Transfer
COL803838,2026-06-17 00:00:00,S503154,C2162,79642.96,UPI
COL803839,2026-06-28 00:00:00,S502472,C2040,390901.7,UPI
COL803840,2026-09-03 00:00:00,S503155,C2245,79239.65,Cheque
COL803841,2026-08-16 00:00:00,S503391,C2081,117797.96,UPI
COL803842,2026-04-29 00:00:00,S503277,C2419,20702.87,Card
COL803843,2026-01-24 00:00:00,S503918,C2169,518669.79,Bank Transfer
COL803844,2026-08-22 00:00:00,S504999,C2341,56627.6,Card
COL803845,2026-01-22 00:00:00,S502296,C2367,282767.49,Cash
COL803846,2026-07-21 00:00:00,S503690,C2240,189151.08,Cash
COL803847,2026-03-09 00:00:00,S505130,C2206,481038,UPI
COL803848,2026-05-16 00:00:00,S501827,C2182,124204.55,Bank Transfer
COL803849,2026-08-19 00:00:00,S500420,C2051,507878.52,Cheque
COL803850,2026-02-27 00:00:00,S501640,C2258,51952.48,Card
COL803851,2026-01-15 00:00:00,S504630,C2194,285782.9,Cheque
COL803852,2026-01-08 00:00:00,S502237,C2214,18085.72,Cheque
COL803853,2026-08-09 00:00:00,S504122,C2387,217598.09,Cheque
COL803854,2026-06-19 00:00:00,S500780,C2128,73772.08,Cheque
COL803855,2026-06-16 00:00:00,S502054,C2368,15653.29,Card
COL803856,2026-08-31 00:00:00,S503705,C2158,67343.23,Cash
COL803857,2026-02-04 00:00:00,S504127,C2213,227250.43,Card
COL803858,2026-06-18 00:00:00,S501268,C2282,133779.77,Cash
COL803859,2026-02-17 00:00:00,S502462,C2171,108173.83,Cash
COL803860,2026-07-25 00:00:00,S501423,C2109,48648.53,Card
COL803861,2026-04-06 00:00:00,S504003,C2413,70468.43,Card
COL803862,2026-03-12 00:00:00,S501239,C2231,106252.71,Card
COL803863,2026-02-13 00:00:00,S500017,C2229,85866.24,Cash
COL803864,2026-04-07 00:00:00,S504009,C2142,29629.99,Card
COL803865,2026-08-28 00:00:00,S502898,C2056,190261.56,Bank Transfer
COL803866,2026-02-04 00:00:00,S500284,C2272,26938.03,UPI
COL803867,2026-01-27 00:00:00,S503881,C2341,73884.54,UPI
COL803868,2026-07-12 00:00:00,S504943,C2265,209198.97,Bank Transfer
COL803869,2026-03-11 00:00:00,S504033,C2346,300869.97,UPI
COL803870,2026-03-07 00:00:00,S504109,C2282,181021.39,Cash
COL803871,2026-03-12 00:00:00,S503414,C2363,22671.93,Card
COL803872,2026-07-19 00:00:00,S500583,C2062,115542.86,Card
COL803873,2026-07-10 00:00:00,S503301,C2345,59250.33,Card
COL803874,2026-08-25 00:00:00,S502951,C2417,253033.68,Bank Transfer
COL803875,2026-08-09 00:00:00,S501982,C2294,33724.16,Bank Transfer
COL803876,2026-03-21 00:00:00,S502255,C2036,55385.67,Cash
COL803877,2026-01-29 00:00:00,S501629,C2411,60306.54,Bank Transfer
COL803878,2026-01-31 00:00:00,S501638,C2108,36005.29,Card
COL803879,2026-07-11 00:00:00,S503698,C2417,104361.85,Cash
COL803880,2026-08-02 00:00:00,S500915,C2227,246928.09,Cash
COL803881,2026-06-30 00:00:00,S503979,C2262,154424.6,Card
COL803882,2026-07-21 00:00:00,S502079,C2152,296877.62,Cheque
COL803883,2026-03-09 00:00:00,S501361,C2201,12536.26,Card
COL803884,2026-01-25 00:00:00,S501995,C2008,705465.39,Cash
COL803885,2026-09-05 00:00:00,S501343,C2343,267644.26,Cheque
COL803886,2026-04-27 00:00:00,S500731,C2105,20792.49,Card
COL803887,2026-05-21 00:00:00,S503811,C2072,139806.37,Card
COL803888,2026-03-22 00:00:00,S500238,C2094,114746.33,Cheque
COL803889,2026-06-17 00:00:00,S503801,C2297,25990.53,Cheque
COL803890,2026-07-19 00:00:00,S502331,C2078,328960.93,UPI
COL803891,2026-03-28 00:00:00,S504464,C2239,21991.37,Cheque
COL803892,2026-05-15 00:00:00,S503220,C2395,232532.6,Bank Transfer
COL803893,2026-06-09 00:00:00,S500982,C2334,42392.57,Cheque
COL803894,2026-01-24 00:00:00,S501607,C2298,23308.42,Cash
COL803895,2026-01-01 00:00:00,S502078,C2341,166241.87,Cheque
COL803896,2026-04-21 00:00:00,S504900,C2288,310799.19,Card
COL803897,2026-02-16 00:00:00,S501783,C2176,102546.42,Bank Transfer
COL803898,2026-06-28 00:00:00,S501665,C2308,8987.82,Cheque
COL803899,2026-02-05 00:00:00,S502441,C2385,88007.81,Bank Transfer
COL803900,2026-06-04 00:00:00,S502437,C2193,268166.71,UPI
COL803901,2026-07-17 00:00:00,S502284,C2338,6849.76,Bank Transfer
COL803902,2026-02-11 00:00:00,S502921,C2106,44958.83,Card
COL803903,2026-08-11 00:00:00,S501480,C2410,148671.72,UPI
COL803904,2026-03-17 00:00:00,S501027,C2270,77607.96,Cheque
COL803905,2026-03-31 00:00:00,S501476,C2199,106574.79,Bank Transfer
COL803906,2026-03-30 00:00:00,S501601,C2120,66652.52,UPI
COL803907,2026-03-09 00:00:00,S500083,C2274,12578.31,Cheque
COL803908,2026-03-11 00:00:00,S503412,C2295,360588.09,Cheque
COL803909,2026-04-20 00:00:00,S501551,C2165,223725.69,Bank Transfer
COL803910,2026-05-06 00:00:00,S501400,C2256,57623.03,Bank Transfer
COL803911,2026-05-21 00:00:00,S502673,C2411,349678.14,UPI
COL803912,2026-06-02 00:00:00,S503365,C2191,33623.71,Bank Transfer
COL803913,2026-04-05 00:00:00,S501332,C2173,104462.32,Cheque
COL803914,2026-01-22 00:00:00,S504348,C2239,89971.99,Card
COL803915,2026-09-02 00:00:00,S502769,C2257,170056.35,UPI
COL803916,2026-08-15 00:00:00,S501644,C2167,181438.56,Card
COL803917,2026-01-21 00:00:00,S502389,C2164,36651.76,Card
COL803918,2026-05-23 00:00:00,S500207,C2243,143259.12,Cheque
COL803919,2026-07-14 00:00:00,S504116,C2196,45377.25,Card
COL803920,2026-06-14 00:00:00,S504811,C2199,260879.92,Cash
COL803921,2026-02-14 00:00:00,S502797,C2313,181574.14,UPI
COL803922,2026-06-03 00:00:00,S500758,C2259,51476.08,Cheque
COL803923,2026-04-21 00:00:00,S501819,C2428,40652.78,Bank Transfer
COL803924,2026-07-28 00:00:00,S504240,C2390,93804.33,Cheque
COL803925,2026-08-18 00:00:00,S504976,C2186,80154.1,Bank Transfer
COL803926,2026-07-02 00:00:00,S504641,C2096,19508.06,Cheque
COL803927,2026-06-27 00:00:00,S502448,C2150,21111.3,Cash
COL803928,2026-06-12 00:00:00,S502125,C2254,12347.33,UPI
COL803929,2026-06-18 00:00:00,S504150,C2244,27272.69,Card
COL803930,2026-03-13 00:00:00,S503141,C2075,39633.47,Cheque
COL803931,2026-04-26 00:00:00,S502627,C2414,107924.75,UPI
COL803932,2026-01-11 00:00:00,S503762,C2309,4790.39,UPI
COL803933,2026-03-29 00:00:00,S504282,C2028,238780.57,UPI
COL803934,2026-08-23 00:00:00,S500135,C2357,17934.52,UPI
COL803935,2026-05-16 00:00:00,S505026,C2236,178549.99,UPI
COL803936,2026-02-23 00:00:00,S504872,C2031,93662.82,Card
COL803937,2026-08-10 00:00:00,S502364,C2204,199105.05,Card
COL803938,2026-05-09 00:00:00,S500242,C2336,91434.97,Cheque
COL803939,2026-08-14 00:00:00,S501015,C2054,388299.87,Bank Transfer
COL803940,2026-01-20 00:00:00,S500139,C2372,11403.48,Cheque
COL803941,2026-04-10 00:00:00,S500596,C2419,294751.74,UPI
COL803942,2026-02-03 00:00:00,S504290,C2078,253299.76,Bank Transfer
COL803943,2026-02-26 00:00:00,S504534,C2019,181894.81,Cheque
COL803944,2026-08-14 00:00:00,S500688,C2401,23137.57,Bank Transfer
COL803945,2026-05-21 00:00:00,S501349,C2068,158909.36,Card
COL803946,2026-05-05 00:00:00,S505133,C2006,89105.51,UPI
COL803947,2026-07-01 00:00:00,S501535,C2053,14301.63,Bank Transfer
COL803948,2026-02-22 00:00:00,S501523,C2081,185727.08,Cash
COL803949,2026-02-21 00:00:00,S500521,C2347,62602.65,UPI
COL803950,2026-05-14 00:00:00,S501968,C2101,233231.51,Card
COL803951,2026-02-05 00:00:00,S500198,C2190,70182.52,Card
COL803952,2026-06-02 00:00:00,S504311,C2197,374950.09,Cheque
COL803953,2026-04-01 00:00:00,S502004,C2322,53802.18,Cash
COL803954,2026-07-05 00:00:00,S502598,C2295,17763.84,Bank Transfer
COL803955,2026-08-27 00:00:00,S501487,C2237,181106.3,Cheque
COL803956,2026-07-02 00:00:00,S504768,C2158,182724.06,Card
COL803957,2026-04-05 00:00:00,S502712,C2088,159948.35,Bank Transfer
COL803958,2026-01-03 00:00:00,S504276,C2037,83316.01,Card
COL803959,2026-01-28 00:00:00,S501919,C2056,19123.14,Card
COL803960,2026-05-02 00:00:00,S504146,C2316,264933.99,Cash
COL803961,2026-07-15 00:00:00,S504336,C2278,107513.64,UPI
COL803962,2026-07-28 00:00:00,S501710,C2217,172841.44,Bank Transfer
COL803963,2026-06-15 00:00:00,S504804,C2188,42427.2,Cash
COL803964,2026-02-03 00:00:00,S500491,C2231,146510.56,Card
COL803965,2026-03-25 00:00:00,S501734,C2028,59512.85,Card
COL803966,2026-05-21 00:00:00,S503619,C2283,30572.71,Cash
COL803967,2026-04-21 00:00:00,S500210,C2415,257631.03,Bank Transfer
COL803968,2026-01-05 00:00:00,S503016,C2077,33864.05,Card
COL803969,2026-05-08 00:00:00,S501467,C2057,38505.43,Bank Transfer
COL803970,2026-07-07 00:00:00,S500901,C2091,486683.8,Cash
COL803971,2026-03-29 00:00:00,S500539,C2344,67422.24,Card
COL803972,2026-04-25 00:00:00,S502477,C2262,185541.19,Cheque
COL803973,2026-04-12 00:00:00,S500784,C2143,115028.96,Cheque
COL803974,2026-01-17 00:00:00,S504461,C2281,173574.03,Card
COL803975,2026-07-04 00:00:00,S502749,C2320,334049.9,UPI
COL803976,2026-01-31 00:00:00,S503045,C2252,13780.23,Card
COL803977,2026-04-02 00:00:00,S503607,C2123,158702.37,Card
COL803978,2026-07-12 00:00:00,S503805,C2320,14341.86,Card
COL803979,2026-07-13 00:00:00,S500978,C2339,110128.58,Cash
COL803980,2026-06-10 00:00:00,S501988,C2180,525246.67,Card
COL803981,2026-04-14 00:00:00,S505049,C2352,189061.72,Card
COL803982,2026-04-03 00:00:00,S502524,C2062,118299.07,Cash
COL803983,2026-05-12 00:00:00,S503352,C2371,13117.63,Card
COL803984,2026-03-23 00:00:00,S500251,C2398,5008.03,Cheque
COL803985,2026-02-24 00:00:00,S504358,C2234,126151,Cheque
COL803986,2026-06-01 00:00:00,S501250,C2076,281258.84,Card
COL803987,2026-06-09 00:00:00,S503239,C2400,14240.67,Cash
COL803988,2026-03-14 00:00:00,S504627,C2336,356866.59,Card
COL803989,2026-02-16 00:00:00,S500671,C2149,307752.57,Card
COL803990,2026-05-24 00:00:00,S502286,C2378,15451.9,Bank Transfer
COL803991,2026-05-29 00:00:00,S503752,C2363,215098.69,UPI
COL803992,2026-04-04 00:00:00,S500200,C2342,1997.33,Cash
COL803993,2026-03-08 00:00:00,S501404,C2435,32732.52,UPI
COL803994,2026-04-07 00:00:00,S504103,C2440,273970.11,Bank Transfer
COL803995,2026-06-08 00:00:00,S504991,C2151,75529.84,UPI
COL803996,2026-04-30 00:00:00,S500214,C2170,395306.81,Card
COL803997,2026-08-25 00:00:00,S502408,C2146,596385.66,Cheque
COL803998,2026-05-22 00:00:00,S500930,C2225,99057.87,Cash
COL803999,2026-05-14 00:00:00,S503686,C2234,159632.29,Cash
COL804000,2026-07-16 00:00:00,S505004,C2079,166791.12,Card
COL804001,2026-06-06 00:00:00,S502528,C2121,60792.7,UPI
COL804002,2026-07-02 00:00:00,S502025,C2128,321423.55,Cash
COL804003,2026-02-06 00:00:00,S503467,C2432,21994.47,Bank Transfer
COL804004,2026-07-06 00:00:00,S504587,C2174,85643.52,Bank Transfer
COL804005,2026-06-13 00:00:00,S504903,C2166,44980.21,UPI
COL804006,2026-08-01 00:00:00,S500666,C2388,222158.31,Bank Transfer
COL804007,2026-07-23 00:00:00,S501648,C2166,98822,Cheque
COL804008,2026-04-20 00:00:00,S502131,C2248,397914.2,Card
COL804009,2026-07-06 00:00:00,S504254,C2382,236574.16,Cash
COL804010,2026-08-03 00:00:00,S503100,C2284,286099.04,Card
COL804011,2026-03-19 00:00:00,S503873,C2214,16469.9,UPI
COL804012,2026-07-11 00:00:00,S500285,C2171,10504.58,Card
COL804013,2026-06-20 00:00:00,S504360,C2026,33073.34,Cash
COL804014,2026-04-28 00:00:00,S503803,C2057,470092.39,Cash
COL804015,2026-02-11 00:00:00,S500858,C2087,32927.14,UPI
COL804016,2026-03-15 00:00:00,S504319,C2155,53178.39,Cash
COL804017,2026-05-05 00:00:00,S501739,C2003,47745.39,Bank Transfer
COL804018,2026-03-01 00:00:00,S501713,C2293,8762.48,Card
COL804019,2026-07-09 00:00:00,S502369,C2313,279290.97,Cheque
COL804020,2026-03-05 00:00:00,S504258,C2032,82311.99,Cheque
COL804021,2026-08-07 00:00:00,S501929,C2349,113719.72,Cheque
COL804022,2026-08-21 00:00:00,S504029,C2185,155752.14,UPI
COL804023,2026-02-27 00:00:00,S500898,C2214,459966.39,Cheque
COL804024,2026-01-02 00:00:00,S501190,C2328,229033.83,Card
COL804025,2026-03-19 00:00:00,S504563,C2287,239261.52,Cash
COL804026,2026-03-12 00:00:00,S500964,C2302,81957.59,Bank Transfer
COL804027,2026-07-28 00:00:00,S505182,C2065,160838.85,Cheque
COL804028,2026-04-30 00:00:00,S500928,C2287,119481.26,Cheque
COL804029,2026-07-31 00:00:00,S502687,C2128,397974.91,Cheque
COL804030,2026-01-08 00:00:00,S504041,C2147,162540.04,Bank Transfer
COL804031,2026-07-03 00:00:00,S500383,C2231,356597.95,Card
COL804032,2026-07-31 00:00:00,S501923,C2248,51485.3,Cheque
COL804033,2026-06-13 00:00:00,S500136,C2304,27664.09,Cash
COL804034,2026-07-16 00:00:00,S502624,C2130,295646.49,UPI
COL804035,2026-01-13 00:00:00,S505184,C2290,12179.3,Bank Transfer
COL804036,2026-02-08 00:00:00,S505060,C2034,202562.78,Card
COL804037,2026-04-12 00:00:00,S504140,C2021,67845.04,Cash
COL804038,2026-03-22 00:00:00,S500343,C2140,146129.09,Bank Transfer
COL804039,2026-01-06 00:00:00,S502510,C2167,197900.26,Bank Transfer
COL804040,2026-01-19 00:00:00,S500728,C2406,78269.04,UPI
COL804041,2026-06-02 00:00:00,S504285,C2320,69617.01,UPI
COL804042,2026-05-11 00:00:00,S502557,C2067,246784.25,Card
COL804043,2026-04-15 00:00:00,S501879,C2111,36315.02,Cheque
COL804044,2026-02-22 00:00:00,S502671,C2376,120578.6,UPI
COL804045,2026-01-28 00:00:00,S504105,C2236,591305.8,Card
COL804046,2026-06-03 00:00:00,S504477,C2290,116484.57,Bank Transfer
COL804047,2026-02-16 00:00:00,S502399,C2375,110767.51,Cheque
COL804048,2026-05-16 00:00:00,S504245,C2286,7386.19,Cash
COL804049,2026-02-26 00:00:00,S500101,C2180,366773.71,Bank Transfer
COL804050,2026-02-24 00:00:00,S504511,C2221,136137.22,Card
COL804051,2026-03-20 00:00:00,S501659,C2017,21039.22,Cash
COL804052,2026-01-01 00:00:00,S501544,C2108,21606.43,Bank Transfer
COL804053,2026-06-17 00:00:00,S504158,C2405,109875.15,UPI
COL804054,2026-01-23 00:00:00,S503914,C2086,101205.01,Card
COL804055,2026-08-16 00:00:00,S500618,C2235,85845.36,Cash
COL804056,2026-07-01 00:00:00,S500373,C2304,107440.38,UPI
COL804057,2026-02-11 00:00:00,S502662,C2307,38161.81,Cash
COL804058,2026-07-27 00:00:00,S504752,C2093,6345.4,Cheque
COL804059,2026-06-27 00:00:00,S502997,C2087,401065.81,Cheque
COL804060,2026-01-04 00:00:00,S504106,C2198,368695.81,Card
COL804061,2026-01-08 00:00:00,S500165,C2134,492463.09,Cash
COL804062,2026-06-13 00:00:00,S500542,C2391,192575.82,Cheque
COL804063,2026-01-10 00:00:00,S505107,C2259,258533.67,Bank Transfer
COL804064,2026-04-26 00:00:00,S503476,C2035,12873.7,Bank Transfer
COL804065,2026-06-07 00:00:00,S501711,C2305,26916.62,Cheque
COL804066,2026-04-10 00:00:00,S502073,C2411,24892.54,Cheque
COL804067,2026-01-16 00:00:00,S503528,C2361,118997.61,Card
COL804068,2026-06-07 00:00:00,S500416,C2111,222254.46,Card
COL804069,2026-03-05 00:00:00,S501254,C2126,249222.38,Bank Transfer
COL804070,2026-04-18 00:00:00,S503036,C2273,413967.47,UPI
COL804071,2026-07-21 00:00:00,S500028,C2212,299999.86,Cash
COL804072,2026-05-01 00:00:00,S501120,C2198,248712.99,UPI
COL804073,2026-05-19 00:00:00,S500832,C2010,328015.57,Card
COL804074,2026-06-11 00:00:00,S500676,C2108,78141.42,UPI
COL804075,2026-07-27 00:00:00,S500755,C2107,73340.78,Card
COL804076,2026-02-24 00:00:00,S501554,C2371,198650.8,UPI
COL804077,2026-03-24 00:00:00,S502865,C2072,64895.74,Bank Transfer
COL804078,2026-08-24 00:00:00,S503908,C2418,39921.49,Card
COL804079,2026-01-04 00:00:00,S503713,C2333,44720.25,Bank Transfer
COL804080,2026-06-26 00:00:00,S502702,C2014,71045.44,UPI
COL804081,2026-02-13 00:00:00,S501522,C2143,78311.9,Cheque
COL804082,2026-06-08 00:00:00,S500988,C2120,330118.79,Cheque
COL804083,2026-02-17 00:00:00,S503212,C2075,223908.67,Cash
COL804084,2026-04-09 00:00:00,S501832,C2070,8473.74,Cheque
COL804085,2026-04-08 00:00:00,S503998,C2266,364608.93,Cash
COL804086,2026-01-26 00:00:00,S503835,C2231,119024.37,UPI
COL804087,2026-04-13 00:00:00,S501678,C2360,39610.74,Cash
COL804088,2026-07-17 00:00:00,S501479,C2026,28169.01,Cash
COL804089,2026-04-07 00:00:00,S502854,C2281,106593.63,Cash
COL804090,2026-08-27 00:00:00,S500433,C2409,105652.55,Bank Transfer
COL804091,2026-08-07 00:00:00,S504372,C2027,72567.38,Cash
COL804092,2026-01-12 00:00:00,S504760,C2324,403537.97,Card
COL804093,2026-02-14 00:00:00,S503919,C2175,276618,UPI
COL804094,2026-05-16 00:00:00,S502442,C2011,9249.88,Bank Transfer
COL804095,2026-01-09 00:00:00,S504093,C2026,56166.89,Card
COL804096,2026-01-01 00:00:00,S504126,C2030,26309.77,UPI
COL804097,2026-05-13 00:00:00,S503411,C2353,441931.77,Bank Transfer
COL804098,2026-03-12 00:00:00,S500077,C2309,81053.18,UPI
COL804099,2026-07-29 00:00:00,S502062,C2053,271794.58,Cheque
COL804100,2026-02-23 00:00:00,S504287,C2345,126598.38,UPI
COL804101,2026-04-14 00:00:00,S502553,C2066,305652.35,Cheque
COL804102,2026-06-01 00:00:00,S500394,C2243,54071.59,Cheque
COL804103,2026-06-03 00:00:00,S504308,C2256,84981.78,UPI
COL804104,2026-01-10 00:00:00,S500868,C2306,155836.21,Cheque
COL804105,2026-07-08 00:00:00,S500318,C2214,191888.68,Bank Transfer
COL804106,2026-02-09 00:00:00,S502256,C2449,119862.95,Cheque
COL804107,2026-02-13 00:00:00,S500120,C2373,272509.39,Cash
COL804108,2026-04-22 00:00:00,S504583,C2009,101870.7,Bank Transfer
COL804109,2026-01-12 00:00:00,S500460,C2142,146173.06,Bank Transfer
COL804110,2026-09-03 00:00:00,S503675,C2220,327419.96,Bank Transfer
COL804111,2026-01-22 00:00:00,S502101,C2396,586288.05,Cash
COL804112,2026-06-04 00:00:00,S502181,C2312,24590.95,Cash
COL804113,2026-07-14 00:00:00,S501944,C2255,8800.79,Cash
COL804114,2026-03-23 00:00:00,S504549,C2081,416966.38,Cash
COL804115,2026-07-16 00:00:00,S502777,C2375,170197.81,Cash
COL804116,2026-05-22 00:00:00,S504961,C2127,34536.01,Card
COL804117,2026-06-02 00:00:00,S501208,C2239,90816.14,Card
COL804118,2026-02-21 00:00:00,S502868,C2128,61704.26,Cash
COL804119,2026-08-11 00:00:00,S500534,C2155,71982.2,Bank Transfer
COL804120,2026-08-01 00:00:00,S501775,C2377,124325.35,Cheque
COL804121,2026-04-22 00:00:00,S503095,C2312,184047.72,Cheque
COL804122,2026-04-28 00:00:00,S505048,C2173,55464.85,Card
COL804123,2026-02-28 00:00:00,S501192,C2028,361953.47,Cash
COL804124,2026-02-07 00:00:00,S500826,C2390,300740.88,UPI
COL804125,2026-08-28 00:00:00,S504414,C2316,39876.37,Cheque
COL804126,2026-01-20 00:00:00,S500409,C2131,11348.35,Cheque
COL804127,2026-03-19 00:00:00,S503167,C2374,192965.96,Bank Transfer
COL804128,2026-01-20 00:00:00,S501697,C2426,21386.58,Cheque
COL804129,2026-07-03 00:00:00,S504997,C2252,33131.36,Card
COL804130,2026-04-11 00:00:00,S503533,C2065,270807.06,Cash
COL804131,2026-04-20 00:00:00,S504973,C2153,109563.15,Cash
COL804132,2026-01-30 00:00:00,S502483,C2215,126443.23,Cheque
COL804133,2026-04-17 00:00:00,S503702,C2262,457897.32,UPI
COL804134,2026-09-02 00:00:00,S501359,C2223,35737.02,Card
COL804135,2026-02-10 00:00:00,S502488,C2318,348551.04,Cheque
COL804136,2026-03-25 00:00:00,S500256,C2189,19259.57,Card
COL804137,2026-03-12 00:00:00,S501433,C2121,26573.86,UPI
COL804138,2026-03-04 00:00:00,S503938,C2359,33033.53,Card
COL804139,2026-07-16 00:00:00,S500603,C2431,40494.28,Card
COL804140,2026-04-05 00:00:00,S502683,C2086,172985.86,Card
COL804141,2026-01-29 00:00:00,S503040,C2186,97888.2,Cash
COL804142,2026-07-26 00:00:00,S504945,C2249,520452.52,UPI
COL804143,2026-08-05 00:00:00,S502982,C2034,208419.28,Cash
COL804144,2026-03-18 00:00:00,S503985,C2411,216072.46,Bank Transfer
COL804145,2026-06-21 00:00:00,S502545,C2337,40607.32,Cheque
COL804146,2026-08-04 00:00:00,S504856,C2309,57611.86,Cash
COL804147,2026-03-20 00:00:00,S500820,C2375,40919.85,Card
COL804148,2026-08-04 00:00:00,S500273,C2031,26458.06,Bank Transfer
COL804149,2026-08-06 00:00:00,S502578,C2035,11897.06,UPI
COL804150,2026-03-24 00:00:00,S502487,C2149,413367.71,UPI
COL804151,2026-02-26 00:00:00,S503344,C2095,30827.21,Cash
COL804152,2026-06-01 00:00:00,S503806,C2098,46084.19,Card
COL804153,2026-05-27 00:00:00,S501491,C2150,247737.11,Card
COL804154,2026-08-22 00:00:00,S500919,C2044,271941.31,UPI
COL804155,2026-01-17 00:00:00,S502860,C2043,290959.65,Card
COL804156,2026-04-22 00:00:00,S503124,C2338,61970.26,Cheque
COL804157,2026-07-16 00:00:00,S505138,C2207,62748.42,Cash
COL804158,2026-07-08 00:00:00,S500069,C2071,46176.13,Cash
COL804159,2026-05-12 00:00:00,S504530,C2282,95734.62,Card
COL804160,2026-09-05 00:00:00,S502581,C2263,99153.89,UPI
COL804161,2026-05-30 00:00:00,S504365,C2010,236104.9,Cheque
COL804162,2026-07-21 00:00:00,S502466,C2060,95343.63,Cheque
COL804163,2026-08-01 00:00:00,S501307,C2356,308328.71,Cheque
COL804164,2026-08-05 00:00:00,S503059,C2016,93226.32,Bank Transfer
COL804165,2026-01-06 00:00:00,S501662,C2188,42350.13,Card
COL804166,2026-06-07 00:00:00,S503764,C2078,7520.13,Cheque
COL804167,2026-04-03 00:00:00,S500380,C2045,389453.66,Card
COL804168,2026-03-16 00:00:00,S501778,C2155,133517.58,UPI
COL804169,2026-05-19 00:00:00,S503850,C2255,142687.4,UPI
COL804170,2026-02-17 00:00:00,S502036,C2110,282864.02,UPI
COL804171,2026-02-15 00:00:00,S503510,C2104,351426.34,Bank Transfer
COL804172,2026-06-04 00:00:00,S504242,C2443,47779.44,UPI
COL804173,2026-05-27 00:00:00,S501295,C2272,94814.1,Card
COL804174,2026-03-27 00:00:00,S503767,C2358,251250.49,Cash
COL804175,2026-04-02 00:00:00,S504186,C2294,111459.26,Cash
COL804176,2026-02-28 00:00:00,S503407,C2277,57851.19,Card
COL804177,2026-05-04 00:00:00,S500399,C2219,248266.19,Cash
COL804178,2026-07-15 00:00:00,S502481,C2358,32204.17,Cheque
COL804179,2026-08-17 00:00:00,S502380,C2371,304708.74,Cash
COL804180,2026-07-01 00:00:00,S503823,C2131,360178.95,Bank Transfer
COL804181,2026-03-24 00:00:00,S503370,C2337,13476.77,UPI
COL804182,2026-05-25 00:00:00,S500345,C2222,1147.6,Cash
COL804183,2026-02-19 00:00:00,S504767,C2098,125106.68,Cash
COL804184,2026-06-17 00:00:00,S500541,C2161,8374.03,Bank Transfer
COL804185,2026-04-10 00:00:00,S501072,C2364,95309.99,Bank Transfer
COL804186,2026-03-28 00:00:00,S504749,C2398,418390.51,Cash
COL804187,2026-04-24 00:00:00,S504906,C2330,193613.25,Cheque
COL804188,2026-08-08 00:00:00,S503575,C2157,192361.32,Cash
COL804189,2026-05-19 00:00:00,S501223,C2044,215655.71,Cheque
COL804190,2026-05-02 00:00:00,S504851,C2106,299444.88,UPI
COL804191,2026-01-14 00:00:00,S502194,C2418,12861.3,Card
COL804192,2026-01-13 00:00:00,S503148,C2105,30256.35,UPI
COL804193,2026-03-29 00:00:00,S500760,C2146,181445.4,Cash
COL804194,2026-03-21 00:00:00,S504552,C2377,52705.85,Cash
COL804195,2026-06-05 00:00:00,S500681,C2082,114705.42,Cheque
COL804196,2026-08-10 00:00:00,S503925,C2280,469604.36,Bank Transfer
COL804197,2026-06-21 00:00:00,S500508,C2093,16812.99,Cheque
COL804198,2026-08-21 00:00:00,S503084,C2078,375013.04,Bank Transfer
COL804199,2026-03-04 00:00:00,S504272,C2019,53042.7,Bank Transfer
COL804200,2026-04-13 00:00:00,S501653,C2443,102563.43,Bank Transfer
COL804201,2026-04-16 00:00:00,S501025,C2174,259074.14,Bank Transfer
COL804202,2026-07-08 00:00:00,S503730,C2023,142069.52,Cash
COL804203,2026-08-07 00:00:00,S502435,C2356,393828.3,Card
COL804204,2026-01-17 00:00:00,S504080,C2407,99132.14,Card
COL804205,2026-02-19 00:00:00,S502648,C2241,135885.42,UPI
COL804206,2026-06-03 00:00:00,S500131,C2447,116442.72,UPI
COL804207,2026-05-15 00:00:00,S500961,C2111,392966.39,UPI
COL804208,2026-05-03 00:00:00,S500446,C2283,206916.35,Cheque
COL804209,2026-08-15 00:00:00,S500611,C2076,230152.12,UPI
COL804210,2026-03-20 00:00:00,S504302,C2064,39604.36,UPI
COL804211,2026-01-16 00:00:00,S503606,C2175,620989.63,UPI
COL804212,2026-08-01 00:00:00,S502980,C2158,161555.99,Cash
COL804213,2026-01-17 00:00:00,S501755,C2209,59790.77,UPI
COL804214,2026-08-25 00:00:00,S502998,C2304,145187.39,Card
COL804215,2026-03-31 00:00:00,S500579,C2015,87366.77,Cash
COL804216,2026-06-12 00:00:00,S504144,C2375,646742.83,Bank Transfer
COL804217,2026-03-25 00:00:00,S501444,C2376,42631.96,Cheque
COL804218,2026-03-25 00:00:00,S503832,C2414,162663.69,Cash
COL804219,2026-05-31 00:00:00,S504459,C2270,195403.55,Cash
COL804220,2026-07-16 00:00:00,S504674,C2398,323537.1,Card
COL804221,2026-01-09 00:00:00,S502956,C2037,45483.84,UPI
COL804222,2026-08-03 00:00:00,S501093,C2172,323182.5,Bank Transfer
COL804223,2026-01-18 00:00:00,S505180,C2078,89314,Card
COL804224,2026-08-09 00:00:00,S503800,C2094,393444.4,Card
COL804225,2026-03-16 00:00:00,S502968,C2313,390046.04,Cash
COL804226,2026-08-23 00:00:00,S500325,C2207,176820.94,Bank Transfer
COL804227,2026-06-25 00:00:00,S500711,C2165,482460.62,Card
COL804228,2026-03-13 00:00:00,S501973,C2322,414633.21,Cheque
COL804229,2026-04-01 00:00:00,S501733,C2024,230243.47,Cheque
COL804230,2026-03-07 00:00:00,S501843,C2151,236331.06,Card
COL804231,2026-01-23 00:00:00,S502757,C2165,176640.72,Cash
COL804232,2026-08-01 00:00:00,S500686,C2256,210309.85,Cheque
COL804233,2026-05-18 00:00:00,S503790,C2050,205230.85,Cash
COL804234,2026-02-07 00:00:00,S502629,C2071,308883.96,UPI
COL804235,2026-05-08 00:00:00,S502420,C2434,47439.94,UPI
COL804236,2026-02-28 00:00:00,S501089,C2071,157820.72,Cash
COL804237,2026-03-09 00:00:00,S505010,C2172,169883.73,Card
COL804238,2026-03-26 00:00:00,S501129,C2318,195653.32,UPI
COL804239,2026-08-17 00:00:00,S503772,C2346,312870.57,UPI
COL804240,2026-04-29 00:00:00,S504377,C2118,43174.5,Cheque
COL804241,2026-06-20 00:00:00,S503052,C2168,424503.19,Card
COL804242,2026-01-12 00:00:00,S503252,C2282,133512.75,Cash
COL804243,2026-04-22 00:00:00,S502185,C2269,106608.77,UPI
COL804244,2026-04-26 00:00:00,S504432,C2217,219493.58,Card
COL804245,2026-06-30 00:00:00,S500001,C2200,231513.44,UPI
COL804246,2026-08-26 00:00:00,S504026,C2175,106815.07,Cheque
COL804247,2026-05-22 00:00:00,S502212,C2304,56836.83,Card
COL804248,2026-02-21 00:00:00,S504448,C2227,30697.7,Bank Transfer
COL804249,2026-03-25 00:00:00,S500246,C2040,398699.17,Cheque
COL804250,2026-04-21 00:00:00,S501589,C2394,307690.51,Cash
COL804251,2026-07-19 00:00:00,S500276,C2134,58742.33,Card
COL804252,2026-08-07 00:00:00,S502376,C2035,37952.67,UPI
COL804253,2026-08-17 00:00:00,S503822,C2025,29640.63,Card
COL804254,2026-03-02 00:00:00,S504047,C2094,104911.57,Cash
COL804255,2026-06-18 00:00:00,S504433,C2004,109130.79,Card
COL804256,2026-01-21 00:00:00,S500659,C2260,185168.25,UPI
COL804257,2026-06-25 00:00:00,S501026,C2232,39839.23,Cheque
COL804258,2026-02-25 00:00:00,S501838,C2362,44365.92,Cheque
COL804259,2026-02-04 00:00:00,S504672,C2430,281950.01,UPI
COL804260,2026-02-13 00:00:00,S503530,C2146,128781.35,Bank Transfer
COL804261,2026-02-08 00:00:00,S503755,C2108,12704.71,Bank Transfer
COL804262,2026-08-29 00:00:00,S503401,C2295,13177.46,Cheque
COL804263,2026-05-23 00:00:00,S501355,C2178,39292.9,Cash
COL804264,2026-08-27 00:00:00,S503380,C2182,9904,Card
COL804265,2026-05-20 00:00:00,S502438,C2187,204706.58,UPI
COL804266,2026-04-27 00:00:00,S501814,C2339,370481.66,Cash
COL804267,2026-08-14 00:00:00,S505008,C2135,376193.4,Card
COL804268,2026-01-08 00:00:00,S504149,C2203,10524.39,Cheque
COL804269,2026-05-04 00:00:00,S501187,C2014,19113.55,UPI
COL804270,2026-09-03 00:00:00,S500193,C2297,40439.73,Cash
COL804271,2026-04-11 00:00:00,S504288,C2419,221261.36,Card
COL804272,2026-08-10 00:00:00,S505005,C2057,11960.26,Cheque
COL804273,2026-03-08 00:00:00,S501435,C2034,245893.62,Cheque
COL804274,2026-04-04 00:00:00,S501213,C2334,12856.88,Card
COL804275,2026-04-03 00:00:00,S501325,C2228,448808.35,Bank Transfer
COL804276,2026-05-09 00:00:00,S502035,C2070,123206.7,Bank Transfer
COL804277,2026-03-21 00:00:00,S500575,C2277,343388.71,Card
COL804278,2026-02-11 00:00:00,S501568,C2096,105647.41,Card
COL804279,2026-01-31 00:00:00,S502234,C2292,439811.98,Card
COL804280,2026-05-02 00:00:00,S503020,C2307,557415.93,Cheque
COL804281,2026-03-15 00:00:00,S503484,C2048,411693.36,UPI
COL804282,2026-06-07 00:00:00,S503260,C2237,55095.3,Cheque
COL804283,2026-02-12 00:00:00,S500528,C2164,162550.57,Cheque
COL804284,2026-01-26 00:00:00,S501319,C2189,296470.67,Bank Transfer
COL804285,2026-01-12 00:00:00,S500186,C2140,31902.22,Card
COL804286,2026-05-07 00:00:00,S504801,C2331,86546.03,Cheque
COL804287,2026-04-14 00:00:00,S504496,C2269,51957.88,Cheque
COL804288,2026-07-06 00:00:00,S501575,C2389,10135.68,Card
COL804289,2026-03-10 00:00:00,S500640,C2015,135989.4,UPI
COL804290,2026-03-14 00:00:00,S504950,C2371,83258.71,Bank Transfer
COL804291,2026-01-11 00:00:00,S505097,C2447,299188.25,Cash
COL804292,2026-02-16 00:00:00,S502573,C2262,77498.97,Cheque
COL804293,2026-01-23 00:00:00,S503341,C2316,44634.9,UPI
COL804294,2026-03-22 00:00:00,S502368,C2357,117581.42,Cash
COL804295,2026-06-20 00:00:00,S504328,C2001,162768.49,Card
COL804296,2026-03-18 00:00:00,S504610,C2302,65010.71,Cash
COL804297,2026-07-28 00:00:00,S502084,C2367,314165.77,Card
COL804298,2026-08-03 00:00:00,S502453,C2286,456001.75,UPI
COL804299,2026-05-03 00:00:00,S503250,C2109,65932.41,Cash
COL804300,2026-06-16 00:00:00,S504339,C2147,16536.97,Bank Transfer
COL804301,2026-03-14 00:00:00,S503802,C2094,50994.38,UPI
COL804302,2026-07-29 00:00:00,S500422,C2005,92055.19,Cash
COL804303,2026-02-24 00:00:00,S501738,C2020,228771.39,Cheque
COL804304,2026-01-18 00:00:00,S503921,C2109,96967.46,Cash
COL804305,2026-04-04 00:00:00,S504595,C2329,36940.12,Cash
COL804306,2026-06-19 00:00:00,S501316,C2180,309262.35,Bank Transfer
COL804307,2026-08-24 00:00:00,S501048,C2186,2902.61,UPI
COL804308,2026-06-03 00:00:00,S503227,C2110,198319.4,Cheque
COL804309,2026-01-18 00:00:00,S503054,C2253,12123.9,UPI
COL804310,2026-08-01 00:00:00,S502710,C2378,353649.89,UPI
COL804311,2026-05-08 00:00:00,S505187,C2259,29281.08,Cheque
COL804312,2026-08-21 00:00:00,S504038,C2283,425961.64,Cheque
COL804313,2026-02-10 00:00:00,S500244,C2405,25907,Bank Transfer
COL804314,2026-06-19 00:00:00,S502780,C2119,384279.35,Card
COL804315,2026-02-02 00:00:00,S500099,C2447,136731.14,Bank Transfer
COL804316,2026-02-12 00:00:00,S502906,C2373,262678.2,Cheque
COL804317,2026-01-14 00:00:00,S502782,C2399,83487.56,Cash
COL804318,2026-07-02 00:00:00,S501965,C2027,261027.23,Cash
COL804319,2026-02-27 00:00:00,S501181,C2250,220816.53,UPI
COL804320,2026-05-18 00:00:00,S501767,C2089,311648.31,UPI
COL804321,2026-01-28 00:00:00,S500994,C2222,254430.28,Card
COL804322,2026-01-14 00:00:00,S502121,C2138,435174.47,Card
COL804323,2026-07-30 00:00:00,S500327,C2242,368120.08,Card
COL804324,2026-06-03 00:00:00,S504193,C2205,113793.74,Card
COL804325,2026-03-15 00:00:00,S503548,C2435,157680.47,Cash
COL804326,2026-05-25 00:00:00,S504405,C2342,106261.01,Cheque
COL804327,2026-06-11 00:00:00,S505056,C2164,207643.89,Card
COL804328,2026-09-03 00:00:00,S504569,C2271,88647.42,Bank Transfer
COL804329,2026-01-14 00:00:00,S504742,C2010,42032.51,Card
COL804330,2026-06-03 00:00:00,S500852,C2074,196376.3,Cash
COL804331,2026-08-30 00:00:00,S504620,C2167,44839.81,UPI
COL804332,2026-06-11 00:00:00,S503436,C2344,55458.48,Bank Transfer
COL804333,2026-09-01 00:00:00,S500361,C2019,76143.59,Card
COL804334,2026-07-30 00:00:00,S503286,C2133,20823.83,Cash
COL804335,2026-01-24 00:00:00,S501822,C2196,17438.95,UPI
COL804336,2026-08-11 00:00:00,S501754,C2154,49094.54,Card
COL804337,2026-04-14 00:00:00,S503125,C2433,99588.77,Cash
COL804338,2026-03-11 00:00:00,S503028,C2057,56950.12,Cash
COL804339,2026-01-20 00:00:00,S501412,C2413,427594.84,Cheque
COL804340,2026-06-16 00:00:00,S500271,C2373,386466.47,Cash
COL804341,2026-05-01 00:00:00,S502615,C2316,5763.98,Card
COL804342,2026-06-22 00:00:00,S500695,C2325,17833.62,Cash
COL804343,2026-02-03 00:00:00,S503190,C2313,77205.85,Bank Transfer
COL804344,2026-05-30 00:00:00,S500967,C2130,31976.48,Cash
COL804345,2026-03-12 00:00:00,S503397,C2379,283095.8,Cash
COL804346,2026-02-02 00:00:00,S501322,C2225,270970.41,Bank Transfer
COL804347,2026-01-06 00:00:00,S501115,C2336,299312.25,Card
COL804348,2026-01-16 00:00:00,S500311,C2348,113884.66,UPI
COL804349,2026-07-19 00:00:00,S502513,C2045,17531.83,Cheque
COL804350,2026-04-19 00:00:00,S500879,C2296,173968.14,UPI
COL804351,2026-01-23 00:00:00,S502922,C2063,302096.03,Card
COL804352,2026-05-26 00:00:00,S503032,C2318,403175.95,Card
COL804353,2026-01-14 00:00:00,S503472,C2400,71835.54,Bank Transfer
COL804354,2026-02-19 00:00:00,S503637,C2384,223216.94,UPI
COL804355,2026-03-02 00:00:00,S503102,C2386,266419.15,Cash
COL804356,2026-02-05 00:00:00,S502009,C2118,497112.51,Bank Transfer
COL804357,2026-01-15 00:00:00,S501429,C2421,285421.07,Bank Transfer
COL804358,2026-01-05 00:00:00,S504350,C2263,37667.26,Cheque
COL804359,2026-02-22 00:00:00,S502858,C2141,131745.18,Bank Transfer
COL804360,2026-08-26 00:00:00,S504743,C2069,87795.78,UPI
COL804361,2026-02-17 00:00:00,S502969,C2083,568300.21,Card
COL804362,2026-07-26 00:00:00,S504704,C2050,165203.14,Cheque
COL804363,2026-01-11 00:00:00,S500107,C2244,85839.74,Cash
COL804364,2026-01-02 00:00:00,S503554,C2362,157182.67,UPI
COL804365,2026-03-28 00:00:00,S500016,C2202,338618.81,Cash
COL804366,2026-01-24 00:00:00,S502193,C2276,53723.55,Bank Transfer
COL804367,2026-07-29 00:00:00,S503218,C2267,177459.22,UPI
COL804368,2026-03-09 00:00:00,S501074,C2050,76881.42,Cheque
COL804369,2026-03-20 00:00:00,S502512,C2369,84075.32,Cheque
COL804370,2026-01-12 00:00:00,S503939,C2038,2513.62,Cash
COL804371,2026-07-06 00:00:00,S502766,C2358,150469.04,Card
COL804372,2026-03-08 00:00:00,S500744,C2446,77386.94,Cheque
COL804373,2026-06-09 00:00:00,S503750,C2440,167349.4,Cash
COL804374,2026-02-05 00:00:00,S503253,C2220,98372.45,Card
COL804375,2026-05-29 00:00:00,S505117,C2142,144413.79,UPI
COL804376,2026-04-22 00:00:00,S503971,C2292,297485.79,Cheque
COL804377,2026-07-17 00:00:00,S501511,C2026,208690.49,Cheque
COL804378,2026-07-13 00:00:00,S504137,C2112,513347.85,Cash
COL804379,2026-05-02 00:00:00,S504138,C2230,25137.2,Cheque
COL804380,2026-09-03 00:00:00,S503859,C2047,152396.97,Cash
COL804381,2026-05-17 00:00:00,S505020,C2333,36244.58,Cheque
COL804382,2026-07-23 00:00:00,S502458,C2085,92702.88,Cash
COL804383,2026-02-13 00:00:00,S501914,C2383,105219.45,Cheque
COL804384,2026-02-28 00:00:00,S502530,C2039,131830.85,UPI
COL804385,2026-06-01 00:00:00,S504190,C2393,224986.1,UPI
COL804386,2026-05-07 00:00:00,S503518,C2135,21048.64,Cash
COL804387,2026-03-04 00:00:00,S503526,C2320,27750.08,UPI
COL804388,2026-07-25 00:00:00,S503733,C2322,34053.6,Cash
COL804389,2026-08-29 00:00:00,S504491,C2299,146454.27,Cash
COL804390,2026-02-10 00:00:00,S505078,C2219,175273.26,Bank Transfer
COL804391,2026-03-17 00:00:00,S502786,C2008,55573.5,UPI
COL804392,2026-08-07 00:00:00,S503507,C2178,122377.39,Bank Transfer
COL804393,2026-07-21 00:00:00,S503393,C2147,125926.67,Bank Transfer
COL804394,2026-04-17 00:00:00,S501496,C2224,286113.8,Cheque
COL804395,2026-05-10 00:00:00,S504823,C2236,206261.51,Cash
COL804396,2026-04-05 00:00:00,S503709,C2267,92259.14,Card
COL804397,2026-01-28 00:00:00,S504028,C2184,347868.41,Bank Transfer
COL804398,2026-05-24 00:00:00,S503994,C2435,25311.3,Cheque
COL804399,2026-02-28 00:00:00,S502358,C2448,77292.45,UPI
COL804400,2026-05-09 00:00:00,S500103,C2412,20890.69,Card
COL804401,2026-03-27 00:00:00,S504919,C2334,139708.85,Cash
COL804402,2026-01-01 00:00:00,S504340,C2345,234471.27,Cheque
COL804403,2026-01-31 00:00:00,S504376,C2248,50867.62,Card
COL804404,2026-01-22 00:00:00,S503827,C2282,13054.1,Cash
COL804405,2026-08-14 00:00:00,S502884,C2382,475038,Cash
COL804406,2026-07-23 00:00:00,S500417,C2123,21387.49,Card
COL804407,2026-07-06 00:00:00,S501515,C2304,163156.43,Cheque
COL804408,2026-04-29 00:00:00,S501258,C2434,27674.15,Card
COL804409,2026-08-03 00:00:00,S502223,C2013,644376.11,Bank Transfer
COL804410,2026-01-28 00:00:00,S500899,C2108,61385.73,Cash
COL804411,2026-04-26 00:00:00,S501217,C2345,204872.24,UPI
COL804412,2026-08-30 00:00:00,S503248,C2320,44775.08,Card
COL804413,2026-03-17 00:00:00,S504059,C2298,93062.09,Card
COL804414,2026-01-27 00:00:00,S503952,C2260,54172.16,Cash
COL804415,2026-03-28 00:00:00,S500842,C2026,12139,Cash
COL804416,2026-05-09 00:00:00,S504112,C2399,67595.97,Card
COL804417,2026-05-04 00:00:00,S502820,C2050,371047.1,UPI
COL804418,2026-04-17 00:00:00,S504159,C2023,61409.77,Cash
COL804419,2026-05-10 00:00:00,S504046,C2069,48424.41,Cash
COL804420,2026-08-24 00:00:00,S500638,C2014,318762.05,Bank Transfer
COL804421,2026-04-05 00:00:00,S504475,C2123,70346.77,Cheque
COL804422,2026-03-07 00:00:00,S501490,C2081,19153.38,Bank Transfer
COL804423,2026-06-26 00:00:00,S503867,C2396,210532.45,UPI
COL804424,2026-08-05 00:00:00,S502108,C2319,213849.11,Cheque
COL804425,2026-08-18 00:00:00,S501997,C2429,93011.1,Card
COL804426,2026-08-28 00:00:00,S500191,C2386,218795.51,UPI
COL804427,2026-01-19 00:00:00,S501694,C2258,67218.56,UPI
COL804428,2026-06-05 00:00:00,S500729,C2399,40099.86,Bank Transfer
COL804429,2026-07-17 00:00:00,S500795,C2441,139306.21,Cheque
COL804430,2026-06-16 00:00:00,S503005,C2284,47042.9,UPI
COL804431,2026-01-19 00:00:00,S502252,C2031,307319.22,Cheque
COL804432,2026-05-07 00:00:00,S502911,C2400,102036.89,Card
COL804433,2026-04-26 00:00:00,S500678,C2212,34962.17,Cheque
COL804434,2026-03-05 00:00:00,S503907,C2241,39574.39,Bank Transfer
COL804435,2026-02-27 00:00:00,S501803,C2325,112579.3,Bank Transfer
COL804436,2026-01-17 00:00:00,S501813,C2291,348415.3,UPI
COL804437,2026-07-17 00:00:00,S502614,C2417,112788.69,Cheque
COL804438,2026-03-20 00:00:00,S503899,C2280,103696.92,Bank Transfer
COL804439,2026-08-02 00:00:00,S502061,C2156,13245.12,Cash
COL804440,2026-02-10 00:00:00,S502206,C2293,57658.08,Bank Transfer
COL804441,2026-08-14 00:00:00,S503195,C2352,73976.97,Card
COL804442,2026-01-05 00:00:00,S502231,C2014,86536.29,Cash
COL804443,2026-09-02 00:00:00,S500411,C2197,54568.89,Cheque
COL804444,2026-01-23 00:00:00,S501259,C2371,154859.53,UPI
COL804445,2026-07-16 00:00:00,S501724,C2042,151551.12,Cash
COL804446,2026-08-24 00:00:00,S504588,C2073,274341.59,Bank Transfer
COL804447,2026-05-06 00:00:00,S503479,C2249,132994.66,UPI
COL804448,2026-01-10 00:00:00,S500889,C2200,320114.93,UPI
COL804449,2026-03-09 00:00:00,S502816,C2404,52185.21,UPI
COL804450,2026-05-20 00:00:00,S502570,C2450,15257.49,UPI
COL804451,2026-04-21 00:00:00,S504079,C2057,216122.41,Cheque
COL804452,2026-05-18 00:00:00,S504154,C2314,440022.54,Cheque
COL804453,2026-03-01 00:00:00,S503163,C2182,399248.48,Cheque
COL804454,2026-05-07 00:00:00,S500925,C2344,29522.41,Bank Transfer
COL804455,2026-01-30 00:00:00,S500715,C2374,417104.88,Cheque
COL804456,2026-04-24 00:00:00,S503624,C2300,337629.14,UPI
COL804457,2026-06-01 00:00:00,S505175,C2390,79864.54,Cash
COL804458,2026-03-10 00:00:00,S502279,C2208,258383.89,Cash
COL804459,2026-01-13 00:00:00,S504518,C2368,11206.33,Cash
COL804460,2026-08-16 00:00:00,S502813,C2428,82990.87,Cash
COL804461,2026-01-09 00:00:00,S503483,C2083,197057.49,Cash
COL804462,2026-05-26 00:00:00,S502405,C2047,478326.57,Card
COL804463,2026-06-12 00:00:00,S504612,C2113,27356.68,Cash
COL804464,2026-08-11 00:00:00,S500605,C2317,536258.96,Cash
COL804465,2026-08-04 00:00:00,S503663,C2139,198013.07,Cash
COL804466,2026-08-23 00:00:00,S503550,C2099,238041,Bank Transfer
COL804467,2026-05-12 00:00:00,S503634,C2155,233698.33,Card
COL804468,2026-06-18 00:00:00,S500733,C2330,54593.71,Cash
COL804469,2026-01-26 00:00:00,S503700,C2328,28837.66,Cheque
COL804470,2026-05-05 00:00:00,S504418,C2194,31353.05,Bank Transfer
COL804471,2026-02-13 00:00:00,S501321,C2104,36266.96,Card
COL804472,2026-06-19 00:00:00,S505054,C2330,114168.89,Cheque
COL804473,2026-01-10 00:00:00,S503797,C2286,250479.62,Cheque
COL804474,2026-04-15 00:00:00,S503158,C2019,72428.85,Bank Transfer
COL804475,2026-04-16 00:00:00,S502110,C2115,62034.84,Cheque
COL804476,2026-07-20 00:00:00,S503402,C2241,532995.24,UPI
COL804477,2026-01-01 00:00:00,S502055,C2218,186426.3,Bank Transfer
COL804478,2026-07-01 00:00:00,S501058,C2020,80828.49,Bank Transfer
COL804479,2026-05-24 00:00:00,S503718,C2247,406506.56,UPI
COL804480,2026-02-15 00:00:00,S501334,C2179,42308.91,Bank Transfer
COL804481,2026-05-21 00:00:00,S503807,C2016,167597.5,Cheque
COL804482,2026-08-18 00:00:00,S500783,C2394,49423.56,Cheque
COL804483,2026-03-05 00:00:00,S502076,C2025,66717.01,Cheque
COL804484,2026-03-19 00:00:00,S504104,C2009,243092.68,UPI
COL804485,2026-08-20 00:00:00,S504230,C2380,171445.5,Cheque
COL804486,2026-03-28 00:00:00,S504831,C2097,68906.82,UPI
COL804487,2026-07-02 00:00:00,S502684,C2137,69400.45,UPI
COL804488,2026-03-04 00:00:00,S504734,C2056,172508.76,UPI
COL804489,2026-05-26 00:00:00,S502282,C2065,286243.03,Bank Transfer
COL804490,2026-03-02 00:00:00,S501650,C2267,468534.58,Card
COL804491,2026-04-02 00:00:00,S503660,C2016,325054.58,UPI
COL804492,2026-05-03 00:00:00,S501394,C2217,37029.92,Cheque
COL804493,2026-01-20 00:00:00,S500070,C2121,585412.64,UPI
COL804494,2026-07-12 00:00:00,S502196,C2210,475697.19,Cash
COL804495,2026-03-05 00:00:00,S500599,C2425,73850.55,Bank Transfer
COL804496,2026-03-17 00:00:00,S503229,C2394,314123.06,Cheque
COL804497,2026-08-07 00:00:00,S501660,C2068,378141.24,Bank Transfer
COL804498,2026-07-11 00:00:00,S504004,C2102,28697.17,Bank Transfer
COL804499,2026-04-17 00:00:00,S503423,C2028,240601.95,Cash
COL804500,2026-05-21 00:00:00,S501499,C2149,107360.76,UPI
COL804501,2026-09-04 00:00:00,S500243,C2152,36756.68,Cheque
COL804502,2026-07-15 00:00:00,S503456,C2027,85434.32,Card
COL804503,2026-08-05 00:00:00,S504008,C2421,219153.9,Bank Transfer
COL804504,2026-07-17 00:00:00,S500031,C2080,22207.7,Card
COL804505,2026-09-03 00:00:00,S502764,C2023,17794.33,Card
COL804506,2026-02-26 00:00:00,S501862,C2047,29752.52,UPI
COL804507,2026-02-14 00:00:00,S502475,C2066,60627.88,Card
COL804508,2026-04-30 00:00:00,S503532,C2368,54568.05,Cheque
COL804509,2026-03-27 00:00:00,S502347,C2445,108507.67,UPI
COL804510,2026-08-25 00:00:00,S503854,C2383,49981.66,Card
COL804511,2026-02-07 00:00:00,S504840,C2424,74761.28,UPI
COL804512,2026-07-01 00:00:00,S503264,C2081,90068.48,Cheque
COL804513,2026-06-13 00:00:00,S500896,C2102,375937.58,Bank Transfer
COL804514,2026-09-02 00:00:00,S501606,C2167,94451.71,Cash
COL804515,2026-03-08 00:00:00,S504832,C2230,101661.64,UPI
COL804516,2026-05-01 00:00:00,S503333,C2263,34713.01,Cash
COL804517,2026-05-06 00:00:00,S503958,C2336,375698.03,Bank Transfer
COL804518,2026-07-26 00:00:00,S501582,C2021,26152.53,Cheque
COL804519,2026-01-11 00:00:00,S500874,C2039,103765.69,Bank Transfer
COL804520,2026-04-08 00:00:00,S503788,C2367,275296.43,Cash
COL804521,2026-06-04 00:00:00,S501788,C2143,86532.38,Cheque
COL804522,2026-03-28 00:00:00,S501934,C2121,29075.2,Card
COL804523,2026-05-25 00:00:00,S503579,C2340,172920.63,Card
COL804524,2026-05-02 00:00:00,S500306,C2080,87052.2,UPI
COL804525,2026-08-03 00:00:00,S500853,C2019,312332.97,Card
COL804526,2026-04-08 00:00:00,S500704,C2344,99136.22,Cash
COL804527,2026-08-01 00:00:00,S504437,C2257,24204.36,Card
COL804528,2026-02-02 00:00:00,S501548,C2290,670069.75,UPI
COL804529,2026-05-13 00:00:00,S501020,C2309,205901.06,Cheque
COL804530,2026-05-03 00:00:00,S504902,C2178,287236.21,Card
COL804531,2026-09-01 00:00:00,S505102,C2184,28764.39,UPI
COL804532,2026-03-22 00:00:00,S503890,C2373,217700.63,Card
COL804533,2026-03-03 00:00:00,S503951,C2114,147736.06,Card
COL804534,2026-03-06 00:00:00,S500467,C2177,39346.66,Cash
COL804535,2026-07-18 00:00:00,S504580,C2064,316481,UPI
COL804536,2026-05-05 00:00:00,S503791,C2014,203539.22,UPI
COL804537,2026-07-14 00:00:00,S500601,C2185,198776.63,Bank Transfer
COL804538,2026-03-31 00:00:00,S502622,C2228,264432.59,Bank Transfer
COL804539,2026-07-27 00:00:00,S502276,C2107,245616.54,UPI
COL804540,2026-07-27 00:00:00,S501883,C2030,131323.48,Cash
COL804541,2026-02-13 00:00:00,S503457,C2120,33037.63,Card
COL804542,2026-08-21 00:00:00,S500172,C2298,73811.76,Cheque
COL804543,2026-05-01 00:00:00,S503287,C2311,77579.78,Card
COL804544,2026-05-22 00:00:00,S502621,C2021,250114.23,Cheque
COL804545,2026-08-24 00:00:00,S500283,C2398,35861.16,Cash
COL804546,2026-08-06 00:00:00,S504814,C2428,54290.46,Bank Transfer
COL804547,2026-04-01 00:00:00,S501725,C2379,89272.75,UPI
COL804548,2026-02-26 00:00:00,S502976,C2442,77025,Cash
COL804549,2026-02-17 00:00:00,S501238,C2032,87365.14,Cheque
COL804550,2026-05-25 00:00:00,S501543,C2141,131833.79,UPI
COL804551,2026-02-13 00:00:00,S505028,C2187,341701.64,Cheque
COL804552,2026-05-12 00:00:00,S502613,C2091,32305.28,Card
COL804553,2026-03-22 00:00:00,S502273,C2446,10122.09,Card
COL804554,2026-04-07 00:00:00,S504536,C2085,40762.86,Card
COL804555,2026-01-30 00:00:00,S501708,C2047,52393.2,UPI
COL804556,2026-05-01 00:00:00,S501772,C2180,56076.31,Bank Transfer
COL804557,2026-03-26 00:00:00,S501010,C2393,108796.82,Bank Transfer
COL804558,2026-07-28 00:00:00,S501199,C2332,402458.62,Cheque
COL804559,2026-07-22 00:00:00,S501684,C2370,35405.54,Bank Transfer
COL804560,2026-08-31 00:00:00,S501826,C2420,320709.89,Bank Transfer
COL804561,2026-07-02 00:00:00,S502384,C2255,138186.77,Cheque
COL804562,2026-06-07 00:00:00,S504546,C2177,40599.17,Cheque
COL804563,2026-05-26 00:00:00,S504852,C2036,18882.65,Cheque
COL804564,2026-03-25 00:00:00,S502267,C2237,244524.06,UPI
COL804565,2026-04-08 00:00:00,S501855,C2277,19910.44,Cheque
COL804566,2026-08-21 00:00:00,S503097,C2068,492967.47,UPI
COL804567,2026-04-02 00:00:00,S503777,C2149,292574.25,UPI
COL804568,2026-03-14 00:00:00,S501094,C2289,13229.7,UPI
COL804569,2026-06-21 00:00:00,S501351,C2170,100016.87,Cheque
COL804570,2026-07-09 00:00:00,S503311,C2141,322275.92,Bank Transfer
COL804571,2026-01-31 00:00:00,S502875,C2067,54533.88,Bank Transfer
COL804572,2026-04-19 00:00:00,S503261,C2008,401607.9,Cheque
COL804573,2026-01-16 00:00:00,S505173,C2382,572572.97,Bank Transfer
COL804574,2026-04-05 00:00:00,S503475,C2400,302249.72,Cheque
COL804575,2026-08-09 00:00:00,S502313,C2386,91202.28,UPI
COL804576,2026-03-18 00:00:00,S504243,C2214,218022.29,Card
COL804577,2026-05-31 00:00:00,S502075,C2211,29196.02,Cash
COL804578,2026-05-22 00:00:00,S504891,C2018,279204.35,Cheque
COL804579,2026-08-19 00:00:00,S501081,C2425,45204.18,UPI
COL804580,2026-01-02 00:00:00,S502024,C2285,189751.65,Card
COL804581,2026-05-20 00:00:00,S503049,C2160,148785.5,UPI
COL804582,2026-07-05 00:00:00,S503440,C2159,51661.66,Cash
COL804583,2026-05-08 00:00:00,S500650,C2181,86895.97,Bank Transfer
COL804584,2026-04-02 00:00:00,S505070,C2357,129499.76,Bank Transfer
COL804585,2026-08-12 00:00:00,S500775,C2166,242549.32,UPI
COL804586,2026-07-03 00:00:00,S503482,C2140,160431.46,Cash
COL804587,2026-08-29 00:00:00,S504681,C2015,16021.95,UPI
COL804588,2026-01-24 00:00:00,S503590,C2342,33709.06,Bank Transfer
COL804589,2026-02-06 00:00:00,S503330,C2228,105315.03,UPI
COL804590,2026-01-29 00:00:00,S504843,C2032,407057.42,Card
COL804591,2026-09-01 00:00:00,S504013,C2167,69499.91,Cash
COL804592,2026-02-11 00:00:00,S502697,C2327,192885.1,Bank Transfer
COL804593,2026-01-18 00:00:00,S502588,C2076,283305.38,UPI
COL804594,2026-05-11 00:00:00,S504189,C2393,81044.47,Cash
COL804595,2026-07-24 00:00:00,S504842,C2128,282395.03,UPI
COL804596,2026-01-13 00:00:00,S504248,C2258,99325.27,Bank Transfer
COL804597,2026-04-16 00:00:00,S500146,C2093,115970.69,Cash
COL804598,2026-06-06 00:00:00,S500187,C2355,126015.07,Bank Transfer
COL804599,2026-07-13 00:00:00,S503965,C2376,317209.53,Card
COL804600,2026-02-28 00:00:00,S505057,C2407,150058.84,Card
COL_BAD_01,2026-08-15 00:00:00,S999999,C2001,15000,Bank Transfer
COL_BAD_02,2026-08-20 00:00:00,S888888,C2002,22000,UPI
COL_BAD_03,2026-09-03 00:00:00,S777777,C2003,18000,Cheque
