Sale_ID,Sale_Date,Employee_ID,Customer_ID,Product_ID,Quantity,Unit_Price,Gross_Sales,Region_Code
S500001,7/6/2026 0:00,E1078,C2200,P3023,4,72228.78,262613.73,R01
S500002,6/24/2026 0:00,E1021,C2216,P3058,1,41115.63,37113.32,R04
S500003,8/10/2026 0:00,E1067,C2205,P3006,5,23219.92,119781.99,R01
S500004,8/21/2026 0:00,E1087,C2413,P3023,5,72228.78,368859,R05
S500005,6/11/2026 0:00,E1051,C2416,P3028,5,47578.07,234363.2,R06
S500006,6/14/2026 0:00,E1111,C2216,P3049,6,44098.98,277772.9,R02
S500007,5/14/2026 0:00,E1002,C2080,P3030,11,45220.48,518793.58,R06
S500008,5/15/2026 0:00,E1011,C2267,P3014,2,9360.99,18689.52,R01
S500009,8/12/2026 0:00,E1049,C2390,P3037,1,63029.63,61118.96,R04
S500010,8/12/2026 0:00,E1061,C2379,P3055,2,2016.98,3722.64,R03
S500011,9/2/2026 0:00,E1098,C2035,P3032,10,66344.43,-5000,R03
S500012,6/2/2026 0:00,E1064,C2289,P3049,6,44098.98,244395.19,R02
S500013,2/2/2026 0:00,E1105,C2018,P3034,5,16100.35,77262.98,R06
S500014,2/24/2026 0:00,E1088,C2165,P3041,5,58594.28,305099.6,R04
S500015,7/5/2026 0:00,E1019,C2013,P3044,6,31924.43,182217.66,R03
S500016,1/7/2026 0:00,E1114,C2202,P3051,10,55331.31,510662.67,R05
S500017,9/1/2026 0:00,E1048,C2229,P3022,7,19428.07,134277.43,R04
S500018,2/26/2026 0:00,E1033,C2346,P3031,9,61484.37,548021.97,R01
S500019,5/6/2026 0:00,E1028,C2366,P3007,7,60276.19,392005.87,R04
S500020,1/12/2026 0:00,E1094,C2448,P3041,2,58594.28,108925.36,R04
S500021,1/16/2026 0:00,E1019,C2001,P3021,6,42656.59,268335.32,R03
S500022,7/27/2026 0:00,E1041,C2319,P3016,9,51163.56,431228.46,R01
S500023,2/12/2026 0:00,E1051,C2217,P3020,7,8239.05,59157.22,R06
S500024,4/27/2026 0:00,E1095,C2034,P3043,2,61740.42,119844.15,R05
S500025,8/16/2026 0:00,E1084,C2359,P3044,3,31924.43,92445.01,R01
S500026,7/24/2026 0:00,E1046,C2266,P9999,8,46883.48,354155.69,R04
S500027,5/15/2026 0:00,E1074,C2128,P3050,11,12809.06,143164.46,R05
S500028,8/16/2026 0:00,E1056,C2212,P3019,9,53251.21,494644.75,R06
S500029,4/21/2026 0:00,E1097,C2263,P3048,4,34019.63,127800.74,R04
S500030,2/20/2026 0:00,E1035,C2312,P3032,9,66344.43,545907.21,R06
S500031,7/20/2026 0:00,E1073,C2080,P3015,2,13790.91,25390.11,R01
S500032,6/9/2026 0:00,E1037,C2165,P3005,11,21544.25,241470.66,R02
S500033,3/16/2026 0:00,E1019,C2413,P3011,5,53782.26,259599.99,R03
S500034,1/8/2026 0:00,E1039,C2252,P3015,11,13790.91,139531.73,R04
S500035,8/13/2026 0:00,E1061,C2012,P3029,2,71367.4,135746.97,R03
S500036,8/3/2026 0:00,E1010,C2401,P3050,11,12809.06,137678.03,R05
S500037,8/5/2026 0:00,E1075,C2304,P3045,1,50149.35,51543.89,R05
S500038,9/5/2026 0:00,E1112,C2212,P3004,5,19444.05,96856.79,R02
S500039,7/19/2026 0:00,E1074,C2282,P3049,2,44098.98,81707.02,R05
S500040,2/14/2026 0:00,E1053,C2112,P3036,7,30974.38,200300.1,R06
S500041,8/2/2026 0:00,E9999,C2211,P3048,8,34019.63,261774.28,R05
S500042,2/28/2026 0:00,E1084,C2378,P3023,2,72228.78,131641.13,R01
S500043,5/12/2026 0:00,E1006,C2239,P3015,7,13790.91,97823.83,R02
S500044,4/14/2026 0:00,E1015,C2268,P3046,4,7391.26,28388.89,R02
S500045,7/14/2026 0:00,E1094,C2405,P3044,1,31924.43,30374.61,R04
S500046,6/6/2026 0:00,E1031,C2298,P3003,11,36568.91,392751.14,R04
S500047,8/21/2026 0:00,E1005,C2317,P3032,3,66344.43,200295.86,R02
S500048,6/6/2026 0:00,E1041,C2058,P3010,11,45872.45,497230.86,R01
S500049,4/8/2026 0:00,E1086,C2438,P3040,1,17956.07,18321.66,R02
S500050,8/14/2026 0:00,E1066,C2034,P3038,5,67526.73,335744.38,R04
S500051,6/5/2026 0:00,E1026,C2263,P3022,8,19428.07,158252.59,R05
S500052,7/24/2026 0:00,E1029,C2365,P3014,1,9360.99,9403.28,R04
S500053,3/20/2026 0:00,E1078,C2035,P3017,9,13812.52,115482.55,R01
S500054,5/4/2026 0:00,E1068,C2271,P3021,3,42656.59,116177.76,R05
S500055,8/3/2026 0:00,E1109,C2449,P3051,5,55331.31,286480.49,R02
S500056,12/31/2027 0:00,E1080,C2227,P3048,9,34019.63,318989.68,R01
S500057,8/6/2026 0:00,E1023,C2025,P3015,5,13790.91,69577.89,R02
S500058,1/4/2026 0:00,E1032,C2234,P3058,9,41115.63,373234.44,R02
S500059,3/31/2026 0:00,E1024,C2059,P3015,10,13790.91,129706.55,R02
S500060,4/14/2026 0:00,E1050,C2251,P3001,8,26533.8,208315.01,R02
S500061,5/17/2026 0:00,E1021,C2335,P3024,7,36395.04,267206.98,R04
S500062,4/29/2026 0:00,E1039,C2086,P3055,11,2016.98,22817.36,R04
S500063,5/13/2026 0:00,E1057,C2251,P3055,1,2016.98,1907.38,R01
S500064,2/25/2026 0:00,E1070,C2390,P3012,4,20628.64,77989.2,R06
S500065,4/6/2026 0:00,E1081,C2180,P3010,9,45872.45,401513.73,R06
S500066,7/31/2026 0:00,E1090,C2207,P3046,10,7391.26,71007.08,R03
S500067,6/27/2026 0:00,E1091,C2344,P3042,8,20791.75,158960.91,R01
S500068,3/16/2026 0:00,E1002,C2149,P3042,4,20791.75,82671.81,R06
S500069,5/23/2026 0:00,E1008,C2071,P3052,1,64744.08,58381.28,R06
S500070,2/1/2026 0:00,E1059,C2121,P3031,10,61484.37,623759.51,R01
S500071,1/28/2026 0:00,E1097,C2253,P3011,4,53782.26,217497.17,R04
S500072,1/22/2026 0:00,E1013,C2093,P3054,3,7404.66,22759.31,R05
S500073,8/21/2026 0:00,E1108,C2256,P3016,6,51163.56,315029.67,R05
S500074,1/17/2026 0:00,E1006,C2254,P3009,11,23520.25,254831.55,R02
S500075,2/28/2026 0:00,E1110,C2352,P3047,5,46883.48,238405.1,R01
S500076,3/31/2026 0:00,E1052,C2288,P3014,5,9360.99,45581.43,R05
S500077,8/24/2026 0:00,E1044,C2309,P3019,2,53251.21,111053.21,R06
S500078,7/18/2026 0:00,E1104,C2059,P3031,3,61484.37,171284.04,R04
S500079,4/16/2026 0:00,E1013,C2069,P3009,11,23520.25,268384.12,R05
S500080,7/4/2026 0:00,E1105,C2446,P3036,6,30974.38,174468.69,R06
S500081,1/26/2026 0:00,E1019,C2388,P3053,2,16451.3,30119.32,R03
S500082,1/25/2026 0:00,E1068,C2086,P3039,4,26668.25,103031.79,R05
S500083,5/18/2026 0:00,E1076,C2274,P3054,2,7404.66,14694.36,R05
S500084,2/14/2026 0:00,E1081,C2227,P3026,9,41379.43,348076.99,R06
S500085,3/24/2026 0:00,E1096,C2081,P3008,3,40552.31,119633.71,R03
S500086,1/11/2026 0:00,E1110,C2114,P3024,10,36395.04,371660.33,R01
S500087,7/24/2026 0:00,E1018,C2184,P3008,10,40552.31,380608.87,R04
S500088,6/30/2026 0:00,E1070,C2280,P3019,6,53251.21,315369.11,R06
S500089,7/19/2026 0:00,E1073,C2322,P3047,1,46883.48,44581.36,R01
S500090,4/14/2026 0:00,E1064,C2397,P3048,11,34019.63,366531.51,R02
S500091,3/9/2026 0:00,E1043,C2318,P3030,10,45220.48,452221.92,R01
S500092,8/27/2026 0:00,E1097,C2054,P3058,3,41115.63,117495.73,R04
S500093,4/5/2026 0:00,E1117,C2399,P3022,8,19428.07,163067.16,R05
S500094,6/5/2026 0:00,E1105,C2197,P3055,5,2016.98,9929.25,R06
S500095,7/22/2026 0:00,E1035,C2387,P3009,8,23520.25,192615.65,R06
S500096,8/23/2026 0:00,E1072,C2293,P3058,2,41115.63,82952.45,R02
S500097,3/6/2026 0:00,E1116,C2293,P3058,7,41115.63,295845.28,R06
S500098,2/18/2026 0:00,E1104,C2387,P3044,9,31924.43,266078.35,R04
S500099,6/24/2026 0:00,E1047,C2447,P3048,7,34019.63,222273.42,R02
S500100,2/21/2026 0:00,E1060,C2291,P3004,3,19444.05,56763.7,R02
S500101,4/12/2026 0:00,E1053,C2180,P3037,7,63029.63,453494.73,R06
S500102,8/4/2026 0:00,E1035,C2380,P3008,8,40552.31,301592.72,R06
S500103,7/1/2026 0:00,E1046,C2412,P3001,1,26533.8,27745.33,R04
S500104,7/7/2026 0:00,E1016,C2222,P3028,3,47578.07,131192.77,R02
S500105,2/26/2026 0:00,E1080,C2274,P3006,5,23219.92,107538.61,R01
S500106,2/16/2026 0:00,E1072,C2378,P3047,6,46883.48,260227.24,R02
S500107,6/8/2026 0:00,E1052,C2244,P3036,3,30974.38,91798.85,R05
S500108,8/21/2026 0:00,E1103,C2420,P3053,4,16451.3,68281.53,R02
S500109,6/23/2026 0:00,E1116,C2417,P3011,5,53782.26,252310.52,R06
S500110,8/30/2026 0:00,E1033,C2448,P3005,3,21544.25,63531.12,R01
S500111,1/26/2026 0:00,E1069,C2154,P3050,4,12809.06,47463.5,R01
S500112,8/29/2026 0:00,E1004,C2304,P3024,5,36395.04,181005.37,R04
S500113,4/24/2026 0:00,E1088,C2424,P3047,2,46883.48,86123.73,R04
S500114,1/5/2026 0:00,E1088,C2273,P3018,10,39505.96,384668.2,R04
S500115,3/25/2026 0:00,E1076,C2424,P3020,9,8239.05,74023.71,R05
S500116,2/21/2026 0:00,E1053,C2135,P3028,10,47578.07,469533.31,R06
S500117,4/15/2026 0:00,E1069,C2313,P3013,8,31162.8,229607.53,R01
S500118,7/22/2026 0:00,E1078,C2008,P3005,6,21544.25,119467.95,R01
S500119,9/5/2026 0:00,E1095,C2128,P3030,10,45220.48,452525.26,R05
S500120,2/23/2026 0:00,E1050,C2373,P3001,11,26533.8,298099.29,R02
S500121,6/10/2026 0:00,E1018,C2056,P3022,3,19428.07,60394.75,R04
S500122,6/27/2026 0:00,E1008,C2126,P3018,11,39505.96,444144.14,R06
S500123,6/15/2026 0:00,E1014,C2159,P3046,2,7391.26,15463.83,R02
S500124,6/4/2026 0:00,E1068,C2059,P3005,7,21544.25,144964.03,R05
S500125,8/14/2026 0:00,E1005,C2058,P3031,8,61484.37,467121.29,R02
S500126,1/15/2026 0:00,E1011,C2140,P3006,10,23219.92,209960.93,R01
S500127,8/12/2026 0:00,E1105,C2176,P3027,1,3495.09,3381.44,R06
S500128,3/2/2026 0:00,E1090,C2415,P3056,6,48237.37,288760.2,R03
S500129,5/2/2026 0:00,E1018,C2108,P3025,7,60497.94,432934.09,R04
S500130,1/21/2026 0:00,E1054,C2211,P3029,9,71367.4,603844.19,R06
S500131,2/15/2026 0:00,E1007,C2447,P3028,3,47578.07,139456.85,R01
S500132,7/16/2026 0:00,E1085,C2074,P3016,2,51163.56,102255.64,R02
S500133,5/14/2026 0:00,E1071,C2167,P3054,5,7404.66,36384.29,R05
S500134,2/7/2026 0:00,E1098,C2404,P3053,10,16451.3,154823.7,R03
S500135,3/3/2026 0:00,E1076,C2357,P3012,1,20628.64,21029.71,R05
S500136,3/27/2026 0:00,E1010,C2304,P3020,6,8239.05,45776.37,R05
S500137,7/9/2026 0:00,E1093,C2233,P3018,9,39505.96,368263.61,R05
S500138,7/29/2026 0:00,E1079,C2327,P3034,10,16100.35,167908.86,R02
S500139,3/19/2026 0:00,E1085,C2372,P3055,9,2016.98,17332.97,R02
S500140,7/21/2026 0:00,E1022,C2182,P3053,7,16451.3,110141.3,R01
S500141,2/15/2026 0:00,E1025,C2122,P3023,11,72228.78,803646.96,R03
S500142,5/21/2026 0:00,E1104,C2334,P3045,7,50149.35,339967.61,R04
S500143,8/11/2026 0:00,E1005,C2203,P3027,8,3495.09,25284.64,R02
S500144,8/10/2026 0:00,E1025,C2029,P3049,10,44098.98,457739.26,R03
S500145,1/3/2026 0:00,E1061,C2202,P3017,2,13812.52,26647.46,R03
S500146,8/10/2026 0:00,E1101,C2093,P3048,6,34019.63,189936.55,R01
S500147,1/6/2026 0:00,E1004,C2329,P3021,5,42656.59,209731.71,R04
S500148,4/3/2026 0:00,E1070,C2356,P3050,5,12809.06,59743.76,R06
S500149,1/8/2026 0:00,E1103,C2176,P3040,3,17956.07,50146.09,R02
S500150,6/21/2026 0:00,E1042,C2330,P3031,3,61484.37,181107.08,R03
S500151,8/25/2026 0:00,E1050,C2211,P3003,6,36568.91,210342.11,R02
S500152,8/23/2026 0:00,E1056,C2184,P3017,10,13812.52,136184.4,R06
S500153,4/18/2026 0:00,E1036,C2095,P3050,10,12809.06,134434.14,R05
S500154,6/10/2026 0:00,E1097,C2273,P3058,7,41115.63,296113.5,R04
S500155,7/28/2026 0:00,E1058,C2137,P3026,1,41379.43,37289.1,R02
S500156,8/28/2026 0:00,E1110,C2237,P3023,3,72228.78,196660.92,R01
S500157,3/16/2026 0:00,E1091,C2353,P3006,1,23219.92,23022.83,R01
S500158,3/18/2026 0:00,E1042,C2418,P3028,10,47578.07,472896.71,R03
S500159,2/19/2026 0:00,E1079,C2429,P3008,3,40552.31,125516.94,R02
S500160,1/11/2026 0:00,E1070,C2265,P3055,5,2016.98,10028.01,R06
S500161,4/5/2026 0:00,E1048,C2135,P3058,9,41115.63,345676.15,R04
S500162,6/5/2026 0:00,E1080,C2144,P3045,3,50149.35,145976.35,R01
S500163,8/24/2026 0:00,E1014,C2019,P3008,10,40552.31,414180.13,R02
S500164,3/11/2026 0:00,E1028,C2231,P3019,10,53251.21,552973.21,R04
S500165,6/18/2026 0:00,E1007,C2134,P3038,9,67526.73,568563.95,R01
S500166,1/16/2026 0:00,E1018,C2114,P3029,1,71367.4,70007.19,R04
S500167,3/9/2026 0:00,E1037,C2139,P3023,6,72228.78,400366.64,R02
S500168,4/9/2026 0:00,E1106,C2125,P3047,9,46883.48,411212.64,R02
S500169,2/17/2026 0:00,E1115,C2204,P3032,5,66344.43,303033.86,R04
S500170,7/3/2026 0:00,E1101,C2061,P3010,11,45872.45,525416.22,R01
S500171,3/5/2026 0:00,E1083,C2250,P3027,10,3495.09,34800.91,R02
S500172,7/6/2026 0:00,E1107,C2298,P3049,2,44098.98,90679.19,R03
S500173,3/31/2026 0:00,E1003,C2013,P3001,5,26533.8,139268.52,R05
S500174,7/9/2026 0:00,E1079,C2396,P3039,1,26668.25,24732.13,R02
S500175,3/17/2026 0:00,E1054,C2255,P3029,9,71367.4,644953.87,R06
S500176,5/19/2026 0:00,E1068,C2085,P3059,10,17588.05,181692.99,R05
S500177,4/11/2026 0:00,E1054,C2020,P3045,10,50149.35,494668.54,R06
S500178,3/30/2026 0:00,E1094,C2050,P3003,9,36568.91,327788.72,R04
S500179,1/18/2026 0:00,E1045,C2164,P3051,6,55331.31,319090.35,R02
S500180,1/19/2026 0:00,E1092,C2092,P3047,11,46883.48,516344.43,R05
S500181,8/3/2026 0:00,E1023,C2088,P3037,9,63029.63,544199.73,R02
S500182,2/24/2026 0:00,E1113,C2069,P3031,3,61484.37,179194.9,R06
S500183,4/12/2026 0:00,E1109,C2037,P3011,4,53782.26,196937.03,R02
S500184,4/28/2026 0:00,E1057,C2253,P3022,6,19428.07,105048.11,R01
S500185,7/29/2026 0:00,E1069,C2252,P3018,4,39505.96,143528.73,R01
S500186,6/3/2026 0:00,E1101,C2140,P3035,1,45920.83,42654.86,R01
S500187,5/14/2026 0:00,E1062,C2355,P3006,7,23219.92,157417.92,R02
S500188,1/4/2026 0:00,E1060,C2381,P3003,5,36568.91,165135.89,R02
S500189,4/18/2026 0:00,E1013,C2168,P3005,8,21544.25,159150.05,R05
S500190,4/25/2026 0:00,E1090,C2054,P3009,9,23520.25,215326.72,R03
S500191,1/29/2026 0:00,E1071,C2386,P3028,5,47578.07,241298.13,R05
S500192,2/28/2026 0:00,E1086,C2178,P3019,8,53251.21,433873.62,R02
S500193,5/5/2026 0:00,E1105,C2297,P3028,1,47578.07,49397.03,R06
S500194,4/8/2026 0:00,E1041,C2301,P3027,1,3495.09,3208.01,R01
S500195,1/17/2026 0:00,E1014,C2359,P3013,7,31162.8,201663.73,R02
S500196,4/17/2026 0:00,E1043,C2106,P3038,6,67526.73,384915.75,R01
S500197,2/12/2026 0:00,E1059,C2137,P3043,5,61740.42,320207.79,R01
S500198,9/2/2026 0:00,E1055,C2190,P3053,5,16451.3,83599.06,R04
S500199,3/21/2026 0:00,E1111,C2128,P3021,9,42656.59,364183.36,R02
S500200,7/13/2026 0:00,E1013,C2342,P3027,1,3495.09,3191.53,R05
S500201,6/11/2026 0:00,E1014,C2047,P3046,8,7391.26,58684.06,R02
S500202,9/4/2026 0:00,E1076,C2005,P3006,2,23219.92,43584.85,R05
S500203,1/8/2026 0:00,E1099,C2257,P3038,7,67526.73,463078.74,R01
S500204,5/21/2026 0:00,E1059,C2300,P3049,6,44098.98,275513.8,R01
S500205,4/16/2026 0:00,E1042,C2150,P3011,10,53782.26,530235.31,R03
S500206,1/8/2026 0:00,E1120,C2294,P3047,2,46883.48,97384.04,R04
S500207,8/10/2026 0:00,E1082,C2243,P3041,3,58594.28,168567.98,R04
S500208,4/6/2026 0:00,E1047,C2275,P3053,4,16451.3,65476.35,R02
S500209,8/16/2026 0:00,E1036,C2208,P3017,7,13812.52,99983.09,R05
S500210,8/27/2026 0:00,E1004,C2415,P3056,8,48237.37,381344.62,R04
S500211,4/4/2026 0:00,E1006,C2115,P3039,11,26668.25,291072.82,R02
S500212,3/6/2026 0:00,E1092,C2195,P3007,2,60276.19,121450.04,R05
S500213,6/20/2026 0:00,E1012,C2343,P3030,8,45220.48,373454.66,R06
S500214,2/8/2026 0:00,E1073,C2170,P3021,11,42656.59,428506.65,R01
S500215,3/22/2026 0:00,E1119,C2379,P3001,9,26533.8,226990.3,R06
S500216,7/6/2026 0:00,E1058,C2082,P3025,7,60497.94,406399.08,R02
S500217,3/25/2026 0:00,E1011,C2154,P3032,1,66344.43,68763.11,R01
S500218,3/29/2026 0:00,E1108,C2141,P3059,6,17588.05,110108.35,R05
S500219,8/30/2026 0:00,E1118,C2314,P3057,8,45630.28,335129.61,R02
S500220,3/27/2026 0:00,E1035,C2146,P3008,5,40552.31,186107.96,R06
S500221,4/3/2026 0:00,E1069,C2323,P3005,2,21544.25,44821.92,R01
S500222,3/27/2026 0:00,E1074,C2122,P3030,5,45220.48,213523.37,R05
S500223,2/13/2026 0:00,E1032,C2252,P3051,8,55331.31,414441.32,R02
S500224,5/17/2026 0:00,E1077,C2343,P3008,2,40552.31,73427.53,R05
S500225,6/14/2026 0:00,E1111,C2387,P3049,1,44098.98,41512.11,R02
S500226,3/15/2026 0:00,E1073,C2311,P3019,4,53251.21,213863.03,R01
S500227,2/5/2026 0:00,E1111,C2089,P3044,4,31924.43,123088.52,R02
S500228,4/11/2026 0:00,E1068,C2058,P3059,9,17588.05,154735.71,R05
S500229,8/8/2026 0:00,E1072,C2063,P3055,3,2016.98,6278.42,R02
S500230,6/5/2026 0:00,E1043,C2347,P3030,4,45220.48,165905.52,R01
S500231,6/19/2026 0:00,E1065,C2308,P3015,3,13790.91,37677.57,R02
S500232,6/20/2026 0:00,E1033,C2382,P3036,2,30974.38,63670.29,R01
S500233,8/1/2026 0:00,E1021,C2280,P3055,4,2016.98,8198.85,R04
S500234,8/4/2026 0:00,E1059,C2072,P3044,8,31924.43,239959.37,R01
S500235,6/19/2026 0:00,E1100,C2009,P3027,1,3495.09,3315.57,R01
S500236,4/14/2026 0:00,E1052,C2366,P3013,8,31162.8,235975.11,R05
S500237,3/7/2026 0:00,E1082,C2421,P3014,8,9360.99,74676.09,R04
S500238,2/24/2026 0:00,E1026,C2094,P3037,3,63029.63,171916.16,R05
S500239,7/19/2026 0:00,E1013,C2373,P3054,10,7404.66,72077.72,R05
S500240,6/25/2026 0:00,E1073,C2339,P3048,10,34019.63,313008.13,R01
S500241,4/1/2026 0:00,E1041,C2437,P3030,6,45220.48,277552.67,R01
S500242,1/22/2026 0:00,E1018,C2336,P3039,4,26668.25,102096.67,R04
S500243,4/11/2026 0:00,E1047,C2152,P3047,1,46883.48,45905.3,R02
S500244,6/4/2026 0:00,E1012,C2405,P3013,1,31162.8,28183.56,R06
S500245,5/1/2026 0:00,E1072,C2356,P3058,5,41115.63,186817.02,R02
S500246,4/3/2026 0:00,E1024,C2040,P3016,8,51163.56,409823.48,R02
S500247,7/14/2026 0:00,E1093,C2359,P3044,1,31924.43,32403.79,R05
S500248,4/18/2026 0:00,E1112,C2062,P3007,2,60276.19,121336.61,R02
S500249,5/21/2026 0:00,E1072,C2254,P3048,7,34019.63,240650.43,R02
S500250,6/22/2026 0:00,E1039,C2069,P3055,8,2016.98,14775.48,R04
S500251,1/10/2026 0:00,E1003,C2398,P3055,3,2016.98,6075.25,R05
S500252,8/16/2026 0:00,E1088,C2245,P3027,11,3495.09,35649.51,R04
S500253,1/9/2026 0:00,E1086,C2365,P3045,8,50149.35,366973.81,R02
S500254,7/1/2026 0:00,E1091,C2170,P3055,1,2016.98,2044.36,R01
S500255,9/5/2026 0:00,E1081,C2178,P3035,9,45920.83,427095.78,R06
S500256,9/4/2026 0:00,E1115,C2189,P3015,2,13790.91,27788.86,R04
S500257,6/4/2026 0:00,E1095,C2260,P3028,2,47578.07,97138.82,R05
S500258,2/3/2026 0:00,E1074,C2072,P3035,4,45920.83,192621.94,R05
S500259,8/31/2026 0:00,E1038,C2017,P3007,10,60276.19,554669.57,R01
S500260,5/9/2026 0:00,E1051,C2370,P3050,3,12809.06,40147.68,R06
S500261,6/9/2026 0:00,E1054,C2341,P3046,4,7391.26,29274.7,R06
S500262,3/30/2026 0:00,E1034,C2057,P3050,6,12809.06,78544.23,R06
S500263,4/3/2026 0:00,E1023,C2218,P3051,7,55331.31,386360.7,R02
S500264,3/12/2026 0:00,E1116,C2107,P3046,5,7391.26,36420.64,R06
S500265,8/29/2026 0:00,E1113,C2304,P3020,2,8239.05,16569.44,R06
S500266,3/8/2026 0:00,E1006,C2428,P3032,3,66344.43,188691.28,R02
S500267,7/31/2026 0:00,E1105,C2173,P3038,10,67526.73,701360.12,R06
S500268,5/28/2026 0:00,E1019,C2219,P3040,11,17956.07,181180.93,R03
S500269,4/27/2026 0:00,E1039,C2247,P3032,3,66344.43,188624.78,R04
S500270,4/4/2026 0:00,E1120,C2218,P3026,5,41379.43,187174.55,R04
S500271,6/12/2026 0:00,E1119,C2373,P3058,11,41115.63,425451.51,R06
S500272,4/9/2026 0:00,E1038,C2417,P3039,5,26668.25,124371.65,R01
S500273,4/23/2026 0:00,E1096,C2031,P3020,4,8239.05,29905.93,R03
S500274,4/13/2026 0:00,E1117,C2368,P3018,8,39505.96,307756.52,R05
S500275,4/1/2026 0:00,E1097,C2047,P3050,6,12809.06,74571.43,R04
S500276,3/31/2026 0:00,E1066,C2134,P3015,6,13790.91,75435.88,R04
S500277,7/25/2026 0:00,E1011,C2108,P3052,1,64744.08,60812.66,R01
S500278,1/17/2026 0:00,E1081,C2072,P3022,6,19428.07,121580.67,R06
S500279,1/18/2026 0:00,E1044,C2327,P3051,3,55331.31,152151.78,R06
S500280,6/22/2026 0:00,E1050,C2418,P3022,6,19428.07,110244.91,R02
S500281,4/26/2026 0:00,E1046,C2108,P3053,10,16451.3,148946.67,R04
S500282,4/3/2026 0:00,E1084,C2309,P3021,11,42656.59,432779.42,R01
S500283,7/31/2026 0:00,E1089,C2398,P3002,6,7831.21,47217.95,R06
S500284,6/30/2026 0:00,E1099,C2272,P3040,2,17956.07,34296.36,R01
S500285,4/1/2026 0:00,E1017,C2171,P3053,1,16451.3,15921.76,R02
S500286,3/23/2026 0:00,E1056,C2116,P3043,11,61740.42,627221.81,R06
S500287,3/9/2026 0:00,E1104,C2329,P3018,3,39505.96,118792.96,R04
S500288,7/12/2026 0:00,E1036,C2074,P3023,5,72228.78,365740.63,R05
S500289,4/24/2026 0:00,E1100,C2256,P3013,4,31162.8,115572.46,R01
S500290,1/1/2026 0:00,E1029,C2081,P3041,7,58594.28,371912.14,R04
S500291,2/27/2026 0:00,E1003,C2268,P3009,4,23520.25,85815.15,R05
S500292,6/3/2026 0:00,E1096,C2128,P3049,8,44098.98,352282.71,R03
S500293,4/19/2026 0:00,E1014,C2326,P3007,7,60276.19,388316.46,R02
S500294,5/28/2026 0:00,E1043,C2403,P3041,10,58594.28,570759.75,R01
S500295,4/26/2026 0:00,E1082,C2235,P3054,9,7404.66,61503.6,R04
S500296,3/28/2026 0:00,E1061,C2041,P3001,1,26533.8,24557.62,R03
S500297,1/10/2026 0:00,E1071,C2181,P3002,5,7831.21,35266.06,R05
S500298,2/28/2026 0:00,E1094,C2157,P3004,4,19444.05,73741.45,R04
S500299,7/22/2026 0:00,E1055,C2059,P3014,6,9360.99,51305.88,R04
S500300,2/10/2026 0:00,E1105,C2345,P3032,1,66344.43,63630.56,R06
S500301,4/15/2026 0:00,E1047,C2249,P3036,6,30974.38,183926.05,R02
S500302,5/13/2026 0:00,E1021,C2192,P3002,1,7831.21,7479.82,R04
S500303,5/2/2026 0:00,E1025,C2024,P3040,1,17956.07,18059.54,R03
S500304,7/12/2026 0:00,E1063,C2400,P3050,8,12809.06,103621.99,R05
S500305,5/25/2026 0:00,E1093,C2436,P3051,2,55331.31,111159.6,R05
S500306,1/22/2026 0:00,E1096,C2080,P3014,10,9360.99,97401.76,R03
S500307,4/8/2026 0:00,E1060,C2134,P3020,6,8239.05,46250.44,R02
S500308,9/5/2026 0:00,E1111,C2421,P3025,6,60497.94,337004.43,R02
S500309,8/25/2026 0:00,E1028,C2213,P3042,6,20791.75,123684.72,R04
S500310,6/18/2026 0:00,E1027,C2388,P3049,8,44098.98,348992.82,R02
S500311,8/9/2026 0:00,E1008,C2348,P3008,4,40552.31,158399.72,R06
S500312,3/9/2026 0:00,E1044,C2166,P3028,3,47578.07,128553.99,R06
S500313,7/16/2026 0:00,E1049,C2425,P3046,6,7391.26,43606.32,R04
S500314,5/19/2026 0:00,E1055,C2348,P3021,4,42656.59,177437.71,R04
S500315,2/25/2026 0:00,E1061,C2337,P3023,2,72228.78,137261.65,R03
S500316,6/28/2026 0:00,E1039,C2398,P3032,6,66344.43,416035.26,R04
S500317,5/29/2026 0:00,E1071,C2071,P3008,10,40552.31,386671.75,R05
S500318,4/9/2026 0:00,E1089,C2214,P3031,5,61484.37,283128.81,R06
S500319,3/17/2026 0:00,E1094,C2435,P3037,11,63029.63,665426.85,R04
S500320,1/26/2026 0:00,E1100,C2065,P3016,9,51163.56,448588.04,R01
S500321,4/25/2026 0:00,E1055,C2221,P3040,11,17956.07,196414.56,R04
S500322,5/27/2026 0:00,E1016,C2308,P3042,6,20791.75,121723.02,R02
S500323,4/19/2026 0:00,E1098,C2286,P3027,3,3495.09,10280.89,R03
S500324,7/7/2026 0:00,E1027,C2185,P3040,11,17956.07,178478.14,R02
S500325,7/18/2026 0:00,E1050,C2207,P3041,5,58594.28,274819.78,R02
S500326,2/16/2026 0:00,E1097,C2099,P3018,10,39505.96,373965.19,R04
S500327,9/4/2026 0:00,E1020,C2242,P3035,8,45920.83,385023.49,R02
S500328,3/12/2026 0:00,E1010,C2158,P3049,9,44098.98,374797.96,R05
S500329,6/3/2026 0:00,E1066,C2098,P3052,8,64744.08,535815.18,R04
S500330,2/9/2026 0:00,E1095,C2042,P3015,3,13790.91,39126.62,R05
S500331,5/13/2026 0:00,E1056,C2139,P3053,9,16451.3,135390.07,R06
S500332,5/29/2026 0:00,E1053,C2283,P3027,3,3495.09,9826.19,R06
S500333,7/25/2026 0:00,E1041,C2408,P3017,8,13812.52,103972.28,R01
S500334,5/12/2026 0:00,E1005,C2227,P3040,10,17956.07,187952.88,R02
S500335,1/23/2026 0:00,E1004,C2423,P3002,9,7831.21,70561.5,R04
S500336,4/16/2026 0:00,E1066,C2072,P3049,7,44098.98,320964.06,R04
S500337,3/25/2026 0:00,E1030,C2243,P3050,4,12809.06,52529.92,R01
S500338,5/23/2026 0:00,E1118,C2018,P3031,10,61484.37,606721.48,R02
S500339,8/30/2026 0:00,E1012,C2077,P3037,9,63029.63,568008.76,R06
S500340,4/26/2026 0:00,E1099,C2045,P3041,3,58594.28,174679.9,R01
S500341,4/19/2026 0:00,E1104,C2371,P3041,3,58594.28,175772.2,R04
S500342,8/9/2026 0:00,E1060,C2343,P3034,2,16100.35,30259.51,R02
S500343,5/16/2026 0:00,E1077,C2140,P3034,10,16100.35,154759.59,R05
S500344,2/10/2026 0:00,E1028,C2177,P3051,3,55331.31,164150.13,R04
S500345,4/22/2026 0:00,E1099,C2222,P3055,1,2016.98,1826.15,R01
S500346,5/27/2026 0:00,E1022,C2415,P3059,4,17588.05,68412.25,R01
S500347,4/22/2026 0:00,E1041,C2092,P3003,8,36568.91,301023.28,R01
S500348,4/13/2026 0:00,E1097,C2022,P3017,5,13812.52,67256.97,R04
S500349,2/15/2026 0:00,E1104,C2172,P3014,2,9360.99,18400.87,R04
S500350,6/5/2026 0:00,E1048,C2092,P3014,3,9360.99,26125.19,R04
S500351,8/26/2026 0:00,E1068,C2192,P3046,1,7391.26,7532.81,R05
S500352,8/7/2026 0:00,E1093,C2077,P3038,2,67526.73,128818.28,R05
S500353,3/9/2026 0:00,E1037,C2281,P3035,1,45920.83,47917.84,R02
S500354,5/2/2026 0:00,E1077,C2364,P3001,2,26533.8,55670.95,R05
S500355,1/15/2026 0:00,E1113,C2179,P3048,3,34019.63,105875.9,R06
S500356,8/15/2026 0:00,E1084,C2238,P3029,1,71367.4,65139.27,R01
S500357,6/14/2026 0:00,E1067,C2135,P3004,11,19444.05,203185.5,R01
S500358,5/9/2026 0:00,E1065,C2365,P3033,9,17298.96,162193.94,R02
S500359,7/14/2026 0:00,E1101,C2390,P3017,10,13812.52,140981.63,R01
S500360,4/21/2026 0:00,E1036,C2280,P3028,5,47578.07,246615.58,R05
S500361,1/24/2026 0:00,E1032,C2019,P3050,8,12809.06,101025.87,R02
S500362,1/27/2026 0:00,E1029,C2083,P3026,5,41379.43,201116.37,R04
S500363,2/9/2026 0:00,E1105,C2228,P3008,8,40552.31,297159.04,R06
S500364,7/10/2026 0:00,E1002,C2371,P3034,7,16100.35,115623.78,R06
S500365,7/8/2026 0:00,E1026,C2265,P3059,4,17588.05,71180.33,R05
S500366,6/13/2026 0:00,E1045,C2112,P3018,7,39505.96,251329.82,R02
S500367,8/14/2026 0:00,E1104,C2251,P3031,6,61484.37,343603.75,R04
S500368,8/9/2026 0:00,E1086,C2164,P3059,3,17588.05,51898.38,R02
S500369,1/24/2026 0:00,E1069,C2358,P3027,9,3495.09,31539.49,R01
S500370,1/24/2026 0:00,E1065,C2168,P3016,10,51163.56,471037.59,R02
S500371,8/22/2026 0:00,E1053,C2221,P3058,9,41115.63,346625.87,R06
S500372,1/4/2026 0:00,E1003,C2408,P3010,5,45872.45,213069.85,R05
S500373,3/8/2026 0:00,E1084,C2304,P3040,8,17956.07,134024.05,R01
S500374,2/3/2026 0:00,E1110,C2191,P3012,7,20628.64,149903.14,R01
S500375,7/4/2026 0:00,E1066,C2325,P3022,9,19428.07,176141.81,R04
S500376,6/26/2026 0:00,E1076,C2437,P3016,7,51163.56,361929.1,R05
S500377,8/3/2026 0:00,E1071,C2438,P3012,4,20628.64,84090.53,R05
S500378,6/30/2026 0:00,E1010,C2170,P3011,4,53782.26,205122.52,R05
S500379,9/5/2026 0:00,E1003,C2375,P3020,11,8239.05,91996.03,R05
S500380,4/26/2026 0:00,E1035,C2045,P3051,8,55331.31,463349.71,R06
S500381,1/23/2026 0:00,E1062,C2381,P3001,6,26533.8,159960.47,R02
S500382,4/19/2026 0:00,E1104,C2014,P3027,9,3495.09,30276.63,R04
S500383,3/10/2026 0:00,E1063,C2231,P3003,10,36568.91,368414.93,R05
S500384,4/5/2026 0:00,E1032,C2157,P3012,7,20628.64,149471.71,R02
S500385,6/30/2026 0:00,E1011,C2134,P3030,7,45220.48,291002.82,R01
S500386,3/3/2026 0:00,E1116,C2391,P3009,4,23520.25,88416.78,R06
S500387,6/18/2026 0:00,E1078,C2037,P3053,3,16451.3,51224.14,R01
S500388,2/26/2026 0:00,E1037,C2053,P3054,8,7404.66,61721.39,R02
S500389,7/7/2026 0:00,E1120,C2018,P3037,7,63029.63,429127.53,R04
S500390,2/23/2026 0:00,E1087,C2038,P3001,4,26533.8,101484.64,R05
S500391,3/11/2026 0:00,E1051,C2187,P3042,4,20791.75,78378.02,R06
S500392,4/11/2026 0:00,E1113,C2385,P3049,1,44098.98,42988.25,R06
S500393,2/26/2026 0:00,E1072,C2196,P3004,11,19444.05,222478.36,R02
S500394,5/18/2026 0:00,E1114,C2243,P3015,7,13790.91,89052.04,R05
S500395,6/17/2026 0:00,E1051,C2300,P3051,1,55331.31,53282.65,R06
S500396,5/15/2026 0:00,E1004,C2303,P3027,10,3495.09,36235.04,R04
S500397,4/13/2026 0:00,E1076,C2035,P3008,10,40552.31,386207.18,R05
S500398,6/15/2026 0:00,E1006,C2215,P3060,4,29470.22,119674.11,R02
S500399,3/26/2026 0:00,E1112,C2219,P3060,11,29470.22,310683.27,R02
S500400,3/2/2026 0:00,E1092,C2316,P3023,3,72228.78,221180.2,R05
S500401,7/31/2026 0:00,E1063,C2090,P3015,11,13790.91,158852.72,R05
S500402,1/3/2026 0:00,E1087,C2308,P3027,3,3495.09,10046.71,R05
S500403,5/8/2026 0:00,E1111,C2252,P3031,1,61484.37,63129.99,R02
S500404,6/28/2026 0:00,E1092,C2008,P3039,4,26668.25,111821.31,R05
S500405,3/27/2026 0:00,E1104,C2256,P3047,1,46883.48,49113.94,R04
S500406,2/16/2026 0:00,E1110,C2363,P3008,8,40552.31,313085.14,R01
S500407,7/15/2026 0:00,E1027,C2208,P3030,1,45220.48,43993.38,R02
S500408,8/8/2026 0:00,E1074,C2425,P3058,6,41115.63,233251.49,R05
S500409,3/17/2026 0:00,E1006,C2131,P3055,7,2016.98,13372.01,R02
S500410,2/7/2026 0:00,E1016,C2224,P3042,10,20791.75,202484.74,R02
S500411,8/31/2026 0:00,E1017,C2197,P3018,2,39505.96,73487.23,R02
S500412,6/13/2026 0:00,E1002,C2142,P3004,4,19444.05,78294.85,R06
S500413,8/27/2026 0:00,E1017,C2252,P3047,11,46883.48,505634.07,R02
S500414,6/18/2026 0:00,E1038,C2096,P3043,3,61740.42,191650.32,R01
S500415,7/16/2026 0:00,E1004,C2026,P3022,9,19428.07,178627.24,R04
S500416,5/21/2026 0:00,E1054,C2111,P3003,7,36568.91,242766.17,R06
S500417,3/28/2026 0:00,E1049,C2123,P3015,2,13790.91,26916.29,R04
S500418,2/27/2026 0:00,E1097,C2186,P3035,11,45920.83,511482.26,R04
S500419,2/19/2026 0:00,E1014,C2168,P3047,6,46883.48,261322.9,R02
S500420,1/30/2026 0:00,E1082,C2051,P3038,9,67526.73,549847,R04
S500421,7/9/2026 0:00,E1057,C2379,P3033,3,17298.96,53341.98,R01
S500422,4/11/2026 0:00,E1109,C2005,P3014,11,9360.99,94798.35,R02
S500423,1/25/2026 0:00,E1022,C2077,P3048,6,34019.63,210937.71,R01
S500424,4/22/2026 0:00,E1068,C2160,P3001,3,26533.8,82549.93,R05
S500425,6/4/2026 0:00,E1056,C2208,P3053,3,16451.3,47829.11,R06
S500426,6/28/2026 0:00,E1028,C2257,P3049,4,44098.98,180103.28,R04
S500427,7/25/2026 0:00,E1039,C2205,P3026,9,41379.43,355462.06,R04
S500428,7/4/2026 0:00,E1092,C2255,P3008,11,40552.31,458895.48,R05
S500429,5/6/2026 0:00,E1060,C2438,P3050,8,12809.06,104901.31,R02
S500430,8/28/2026 0:00,E1064,C2011,P3016,1,51163.56,46649.8,R02
S500431,5/3/2026 0:00,E1104,C2437,P3038,11,67526.73,733427.59,R04
S500432,2/16/2026 0:00,E1048,C2008,P3010,1,45872.45,45688.95,R04
S500433,4/28/2026 0:00,E1091,C2409,P3042,7,20791.75,131006.74,R01
S500434,8/16/2026 0:00,E1012,C2424,P3037,3,63029.63,197973.75,R06
S500435,2/8/2026 0:00,E1074,C2032,P3026,11,41379.43,437415.19,R05
S500436,1/16/2026 0:00,E1009,C2028,P3028,7,47578.07,325586.74,R04
S500437,9/5/2026 0:00,E1099,C2206,P3012,9,20628.64,172517.02,R01
S500438,1/22/2026 0:00,E1119,C2387,P3020,3,8239.05,24510.46,R06
S500439,8/1/2026 0:00,E1073,C2228,P3049,3,44098.98,135153.63,R01
S500440,2/23/2026 0:00,E1066,C2128,P3014,2,9360.99,18495.14,R04
S500441,5/29/2026 0:00,E1104,C2255,P3046,10,7391.26,75258.2,R04
S500442,7/19/2026 0:00,E1022,C2212,P3035,1,45920.83,46364.71,R01
S500443,8/29/2026 0:00,E1074,C2239,P3029,9,71367.4,600973.32,R05
S500444,1/16/2026 0:00,E1117,C2207,P3012,6,20628.64,119485.86,R05
S500445,2/28/2026 0:00,E1120,C2318,P3052,6,64744.08,358278.47,R04
S500446,9/4/2026 0:00,E1065,C2283,P3018,8,39505.96,286430.97,R02
S500447,1/31/2026 0:00,E1087,C2245,P3044,11,31924.43,319374.03,R05
S500448,6/19/2026 0:00,E1066,C2045,P3002,5,7831.21,40776.13,R04
S500449,7/21/2026 0:00,E1021,C2105,P3002,9,7831.21,73841.46,R04
S500450,2/1/2026 0:00,E1009,C2348,P3059,11,17588.05,176877.97,R04
S500451,7/6/2026 0:00,E1060,C2281,P3017,5,13812.52,65628.74,R02
S500452,6/11/2026 0:00,E1048,C2234,P3010,2,45872.45,84145.04,R04
S500453,1/9/2026 0:00,E1032,C2189,P3018,6,39505.96,242993.49,R02
S500454,7/28/2026 0:00,E1116,C2044,P3022,9,19428.07,170384.19,R06
S500455,5/19/2026 0:00,E1095,C2225,P3019,3,53251.21,158665.59,R05
S500456,8/12/2026 0:00,E1114,C2430,P3058,10,41115.63,403338.83,R05
S500457,1/10/2026 0:00,E1010,C2142,P3053,4,16451.3,66235.44,R05
S500458,8/2/2026 0:00,E1016,C2136,P3001,10,26533.8,251505.89,R02
S500459,1/17/2026 0:00,E1096,C2176,P3024,11,36395.04,368567.62,R03
S500460,3/9/2026 0:00,E1027,C2142,P3036,8,30974.38,223670.46,R02
S500461,2/17/2026 0:00,E1011,C2449,P3025,6,60497.94,350956.03,R01
S500462,6/29/2026 0:00,E1030,C2080,P3036,7,30974.38,224664.18,R01
S500463,4/21/2026 0:00,E1120,C2082,P3031,7,61484.37,407059.11,R04
S500464,6/2/2026 0:00,E1082,C2135,P3031,4,61484.37,228572.7,R04
S500465,5/3/2026 0:00,E1037,C2207,P3002,6,7831.21,48815.37,R02
S500466,5/29/2026 0:00,E1086,C2344,P3019,9,53251.21,438915.41,R02
S500467,4/11/2026 0:00,E1111,C2177,P3053,3,16451.3,44802,R02
S500468,4/12/2026 0:00,E1120,C2383,P3012,8,20628.64,170295.53,R04
S500469,8/29/2026 0:00,E1038,C2243,P3010,7,45872.45,322756.49,R01
S500470,3/6/2026 0:00,E1088,C2055,P3031,4,61484.37,236914.11,R04
S500471,7/10/2026 0:00,E1073,C2141,P3045,10,50149.35,507938.49,R01
S500472,8/5/2026 0:00,E1024,C2440,P3022,3,19428.07,58937.93,R02
S500473,2/20/2026 0:00,E1043,C2056,P3023,7,72228.78,458079.52,R01
S500474,2/5/2026 0:00,E1106,C2015,P3052,10,64744.08,648371.19,R02
S500475,3/22/2026 0:00,E1095,C2185,P3023,9,72228.78,647543.85,R05
S500476,8/21/2026 0:00,E1082,C2314,P3015,10,13790.91,144055.28,R04
S500477,5/7/2026 0:00,E1104,C2419,P3026,3,41379.43,129723.69,R04
S500478,3/29/2026 0:00,E1029,C2088,P3003,10,36568.91,349843.75,R04
S500479,7/13/2026 0:00,E1050,C2097,P3023,9,72228.78,642567.93,R02
S500480,4/14/2026 0:00,E1039,C2144,P3020,8,8239.05,60718.74,R04
S500481,1/15/2026 0:00,E1032,C2008,P3045,3,50149.35,136902.98,R02
S500482,4/6/2026 0:00,E1015,C2215,P3040,8,17956.07,138608.93,R02
S500483,6/16/2026 0:00,E1119,C2173,P3057,4,45630.28,183156.71,R06
S500484,5/3/2026 0:00,E1099,C2223,P3039,6,26668.25,157635.63,R01
S500485,7/17/2026 0:00,E1075,C2040,P3056,10,48237.37,465224.61,R05
S500486,1/1/2026 0:00,E1093,C2182,P3008,2,40552.31,82947.06,R05
S500487,8/27/2026 0:00,E1090,C2270,P3018,8,39505.96,322104.46,R03
S500488,5/31/2026 0:00,E1079,C2187,P3041,9,58594.28,532511.95,R02
S500489,5/2/2026 0:00,E1092,C2245,P3006,7,23219.92,148163.61,R05
S500490,6/16/2026 0:00,E1030,C2309,P3027,8,3495.09,28505.13,R01
S500491,5/6/2026 0:00,E1053,C2231,P3036,7,30974.38,225041.02,R06
S500492,2/26/2026 0:00,E1051,C2383,P3015,11,13790.91,137882.61,R06
S500493,3/22/2026 0:00,E1045,C2155,P3037,10,63029.63,605242.47,R02
S500494,6/11/2026 0:00,E1094,C2175,P3058,4,41115.63,172398.38,R04
S500495,6/18/2026 0:00,E1094,C2336,P3005,1,21544.25,21326.35,R04
S500496,8/9/2026 0:00,E1074,C2115,P3039,3,26668.25,78167.57,R05
S500497,3/14/2026 0:00,E1089,C2390,P3009,7,23520.25,152559.83,R06
S500498,5/21/2026 0:00,E1095,C2311,P3007,11,60276.19,652975.12,R05
S500499,3/11/2026 0:00,E1006,C2300,P3041,11,58594.28,622530.32,R02
S500500,1/6/2026 0:00,E1044,C2018,P3020,7,8239.05,53008.53,R06
S500501,3/25/2026 0:00,E1008,C2272,P3010,11,45872.45,489282.38,R06
S500502,2/21/2026 0:00,E1044,C2012,P3026,3,41379.43,114785.7,R06
S500503,9/2/2026 0:00,E1037,C2404,P3004,1,19444.05,19630.7,R02
S500504,1/3/2026 0:00,E1107,C2301,P3038,10,67526.73,706361.51,R03
S500505,3/22/2026 0:00,E1028,C2192,P3024,9,36395.04,317871.7,R04
S500506,3/4/2026 0:00,E1060,C2232,P3014,6,9360.99,55876.98,R02
S500507,2/18/2026 0:00,E1048,C2443,P3041,7,58594.28,395659.3,R04
S500508,3/17/2026 0:00,E1068,C2093,P3001,1,26533.8,24431.48,R05
S500509,4/22/2026 0:00,E1026,C2218,P3017,1,13812.52,14442.14,R05
S500510,6/24/2026 0:00,E1075,C2278,P3045,4,50149.35,184436.63,R05
S500511,4/19/2026 0:00,E1119,C2353,P3024,7,36395.04,233554.55,R06
S500512,7/2/2026 0:00,E1028,C2303,P3027,11,3495.09,37249.39,R04
S500513,7/11/2026 0:00,E1002,C2029,P3007,11,60276.19,662264.38,R06
S500514,3/6/2026 0:00,E1089,C2301,P3009,8,23520.25,179363.26,R06
S500515,3/22/2026 0:00,E1076,C2077,P3043,10,61740.42,573492.9,R05
S500516,7/14/2026 0:00,E1044,C2009,P3035,9,45920.83,422728.82,R06
S500517,8/6/2026 0:00,E1054,C2024,P3058,1,41115.63,39243.45,R06
S500518,1/15/2026 0:00,E1026,C2015,P3012,4,20628.64,76668.25,R05
S500519,4/10/2026 0:00,E1056,C2164,P3021,4,42656.59,162907.69,R06
S500520,2/1/2026 0:00,E1069,C2013,P3003,3,36568.91,102266.76,R01
S500521,4/6/2026 0:00,E1007,C2347,P3015,7,13790.91,94404.57,R01
S500522,5/8/2026 0:00,E1060,C2172,P3021,1,42656.59,42666.97,R02
S500523,7/15/2026 0:00,E1072,C2357,P3010,9,45872.45,421081.68,R02
S500524,5/26/2026 0:00,E1055,C2327,P3033,8,17298.96,129276.42,R04
S500525,4/23/2026 0:00,E1068,C2200,P3046,2,7391.26,13674.47,R05
S500526,3/24/2026 0:00,E1060,C2378,P3059,2,17588.05,31761.93,R02
S500527,2/12/2026 0:00,E1084,C2076,P3052,8,64744.08,483878.18,R01
S500528,4/26/2026 0:00,E1089,C2164,P3006,11,23219.92,230793.09,R06
S500529,6/12/2026 0:00,E1003,C2372,P3002,1,7831.21,7453.91,R05
S500530,8/20/2026 0:00,E1078,C2061,P3029,7,71367.4,460532.24,R01
S500531,3/19/2026 0:00,E1023,C2424,P3055,9,2016.98,17916.55,R02
S500532,2/27/2026 0:00,E1038,C2245,P3040,3,17956.07,51581.99,R01
S500533,2/2/2026 0:00,E1021,C2382,P3033,7,17298.96,110683.32,R04
S500534,1/14/2026 0:00,E1105,C2155,P3004,6,19444.05,111995.39,R06
S500535,6/11/2026 0:00,E1025,C2257,P3059,7,17588.05,114670.84,R03
S500536,7/8/2026 0:00,E1114,C2244,P3004,7,19444.05,136384.19,R05
S500537,9/4/2026 0:00,E1086,C2162,P3029,10,71367.4,681319.9,R02
S500538,5/12/2026 0:00,E1067,C2068,P3037,1,63029.63,58116.75,R01
S500539,8/4/2026 0:00,E1067,C2344,P3060,3,29470.22,84205.87,R01
S500540,2/28/2026 0:00,E1083,C2277,P3060,10,29470.22,275150.7,R02
S500541,6/6/2026 0:00,E1002,C2161,P3020,1,8239.05,8398.61,R06
S500542,3/24/2026 0:00,E1119,C2391,P3041,5,58594.28,306889.05,R06
S500543,5/14/2026 0:00,E1118,C2449,P3023,3,72228.78,195846.25,R02
S500544,5/1/2026 0:00,E1111,C2259,P3045,1,50149.35,50325.02,R02
S500545,8/13/2026 0:00,E1096,C2307,P3018,2,39505.96,74239.1,R03
S500546,6/26/2026 0:00,E1107,C2335,P3049,10,44098.98,401283.65,R03
S500547,6/17/2026 0:00,E1113,C2095,P3025,5,60497.94,272891.9,R06
S500548,3/24/2026 0:00,E1004,C2438,P3001,11,26533.8,301255.9,R04
S500549,9/2/2026 0:00,E1048,C2246,P3054,3,7404.66,21170.83,R04
S500550,7/12/2026 0:00,E1057,C2221,P3015,6,13790.91,86815.01,R01
S500551,7/16/2026 0:00,E1077,C2123,P3034,9,16100.35,140028.11,R05
S500552,1/27/2026 0:00,E1090,C2187,P3048,6,34019.63,189449.81,R03
S500553,3/21/2026 0:00,E1088,C2262,P3020,2,8239.05,16751.17,R04
S500554,5/14/2026 0:00,E1066,C2413,P3054,2,7404.66,15386.5,R04
S500555,8/20/2026 0:00,E1110,C2273,P3037,8,63029.63,515503.29,R01
S500556,1/13/2026 0:00,E1047,C2373,P3027,11,3495.09,38898.88,R02
S500557,8/28/2026 0:00,E1027,C2060,P3022,8,19428.07,147685.19,R02
S500558,3/5/2026 0:00,E1079,C2406,P3051,6,55331.31,302000.58,R02
S500559,7/9/2026 0:00,E1067,C2408,P3005,10,21544.25,200403.52,R01
S500560,8/15/2026 0:00,E1025,C2125,P3034,7,16100.35,108985.7,R03
S500561,5/27/2026 0:00,E1076,C2337,P3039,1,26668.25,27826.45,R05
S500562,7/23/2026 0:00,E1036,C2341,P3003,9,36568.91,331894.06,R05
S500563,3/21/2026 0:00,E1025,C2051,P3017,5,13812.52,70736.85,R03
S500564,5/3/2026 0:00,E1029,C2178,P3024,9,36395.04,308424.19,R04
S500565,2/12/2026 0:00,E1102,C2139,P3024,2,36395.04,72977.4,R04
S500566,7/21/2026 0:00,E1082,C2440,P3003,8,36568.91,301142.26,R04
S500567,3/30/2026 0:00,E1106,C2327,P3045,7,50149.35,341185.19,R02
S500568,5/28/2026 0:00,E1017,C2170,P3007,11,60276.19,639489.48,R02
S500569,4/5/2026 0:00,E1061,C2039,P3025,4,60497.94,243906.08,R03
S500570,7/15/2026 0:00,E1083,C2069,P3056,3,48237.37,142394.8,R02
S500571,6/21/2026 0:00,E1117,C2236,P3003,4,36568.91,153439.59,R05
S500572,5/31/2026 0:00,E1056,C2048,P3015,4,13790.91,53164.81,R06
S500573,1/2/2026 0:00,E1081,C2381,P3029,10,71367.4,661141.52,R06
S500574,4/30/2026 0:00,E1017,C2057,P3050,10,12809.06,124349.11,R02
S500575,1/22/2026 0:00,E1016,C2277,P3029,8,71367.4,533988.44,R02
S500576,4/25/2026 0:00,E1100,C2338,P3010,4,45872.45,180588.47,R01
S500577,2/26/2026 0:00,E1012,C2099,P3032,5,66344.43,304809.38,R06
S500578,8/17/2026 0:00,E1067,C2404,P3023,2,72228.78,150596.49,R01
S500579,3/13/2026 0:00,E1081,C2015,P3039,4,26668.25,109763.68,R06
S500580,1/7/2026 0:00,E1092,C2325,P3009,7,23520.25,152019.46,R05
S500581,7/25/2026 0:00,E1117,C2179,P3037,3,63029.63,175069.64,R05
S500582,7/3/2026 0:00,E1070,C2332,P3052,1,64744.08,63246.28,R06
S500583,4/29/2026 0:00,E1045,C2062,P3040,8,17956.07,145937.2,R02
S500584,7/14/2026 0:00,E1071,C2119,P3014,8,9360.99,69860.09,R05
S500585,4/24/2026 0:00,E1101,C2037,P3004,6,19444.05,106064.85,R01
S500586,1/16/2026 0:00,E1014,C2134,P3020,7,8239.05,56625.43,R02
S500587,9/4/2026 0:00,E1011,C2026,P3028,10,47578.07,477559.91,R01
S500588,3/24/2026 0:00,E1077,C2008,P3014,11,9360.99,96448.18,R05
S500589,6/28/2026 0:00,E1084,C2004,P3044,2,31924.43,64548.97,R01
S500590,7/29/2026 0:00,E1100,C2021,P3034,5,16100.35,83930.85,R01
S500591,9/1/2026 0:00,E1105,C2415,P3013,7,31162.8,200810.84,R06
S500592,7/27/2026 0:00,E1043,C2149,P3031,9,61484.37,540440.8,R01
S500593,3/13/2026 0:00,E1108,C2025,P3033,1,17298.96,15716.56,R05
S500594,5/4/2026 0:00,E1052,C2143,P3052,3,64744.08,180830.05,R05
S500595,8/13/2026 0:00,E1089,C2245,P3039,6,26668.25,146164.34,R06
S500596,4/23/2026 0:00,E1073,C2419,P3028,7,47578.07,319924.79,R01
S500597,1/12/2026 0:00,E1061,C2433,P3025,6,60497.94,371381.65,R03
S500598,5/6/2026 0:00,E1041,C2043,P3032,1,66344.43,65453.4,R01
S500599,2/22/2026 0:00,E1004,C2425,P3009,4,23520.25,87814.05,R04
S500600,3/16/2026 0:00,E1078,C2293,P3028,6,47578.07,258639.13,R01
S500601,5/13/2026 0:00,E1008,C2185,P3058,8,41115.63,323336.51,R06
S500602,1/27/2026 0:00,E1051,C2042,P3031,10,61484.37,565606.71,R06
S500603,5/20/2026 0:00,E1027,C2431,P3017,4,13812.52,52565.48,R02
S500604,5/25/2026 0:00,E1034,C2092,P3053,7,16451.3,112456.18,R06
S500605,5/14/2026 0:00,E1103,C2317,P3023,11,72228.78,822769.49,R02
S500606,4/7/2026 0:00,E1050,C2398,P3013,3,31162.8,85286.99,R02
S500607,1/5/2026 0:00,E1081,C2324,P3055,8,2016.98,16140.54,R06
S500608,2/26/2026 0:00,E1003,C2053,P3010,1,45872.45,41382.1,R05
S500609,6/5/2026 0:00,E1107,C2084,P3016,4,51163.56,203525.83,R03
S500610,3/19/2026 0:00,E1073,C2034,P3006,8,23219.92,182551.27,R01
S500611,3/10/2026 0:00,E1033,C2076,P3048,10,34019.63,347605.77,R01
S500612,4/28/2026 0:00,E1005,C2353,P3011,4,53782.26,210772.54,R02
S500613,4/30/2026 0:00,E1021,C2408,P3058,2,41115.63,78357.55,R04
S500614,2/28/2026 0:00,E1116,C2404,P3052,2,64744.08,121254.35,R06
S500615,2/2/2026 0:00,E1119,C2197,P3003,4,36568.91,133518.57,R06
S500616,3/3/2026 0:00,E1037,C2286,P3028,4,47578.07,186542.56,R02
S500617,2/19/2026 0:00,E1033,C2088,P3041,2,58594.28,121084.88,R01
S500618,4/22/2026 0:00,E1029,C2235,P3015,7,13790.91,94336.47,R04
S500619,8/21/2026 0:00,E1079,C2232,P3060,6,29470.22,178742.56,R02
S500620,1/19/2026 0:00,E1002,C2007,P3013,11,31162.8,323856.83,R06
S500621,8/2/2026 0:00,E1062,C2292,P3042,3,20791.75,60330.57,R02
S500622,7/16/2026 0:00,E1058,C2038,P3052,8,64744.08,491376.74,R02
S500623,5/3/2026 0:00,E1036,C2052,P3056,8,48237.37,353633.92,R05
S500624,7/13/2026 0:00,E1114,C2143,P3045,1,50149.35,48271.17,R05
S500625,8/10/2026 0:00,E1031,C2430,P3017,3,13812.52,42044.33,R04
S500626,2/16/2026 0:00,E1056,C2407,P3007,5,60276.19,289098.55,R06
S500627,6/16/2026 0:00,E1037,C2396,P3028,2,47578.07,94920.81,R02
S500628,7/15/2026 0:00,E1057,C2221,P3038,5,67526.73,342290.4,R01
S500629,2/2/2026 0:00,E1091,C2428,P3013,11,31162.8,325106.37,R01
S500630,5/21/2026 0:00,E1082,C2240,P3060,10,29470.22,300486.37,R04
S500631,3/25/2026 0:00,E1060,C2143,P3017,3,13812.52,39400.44,R02
S500632,7/1/2026 0:00,E1085,C2349,P3015,9,13790.91,116474.5,R02
S500633,5/15/2026 0:00,E1067,C2363,P3036,11,30974.38,318015.08,R01
S500634,3/20/2026 0:00,E1071,C2382,P3028,1,47578.07,44246.92,R05
S500635,8/3/2026 0:00,E1053,C2049,P3015,4,13790.91,55746.64,R06
S500636,1/14/2026 0:00,E1023,C2277,P3046,10,7391.26,76361.06,R02
S500637,8/3/2026 0:00,E1090,C2271,P3053,6,16451.3,92252.04,R03
S500638,5/27/2026 0:00,E1109,C2014,P3011,9,53782.26,441825.27,R02
S500639,5/8/2026 0:00,E1111,C2298,P3056,3,48237.37,137051.78,R02
S500640,2/23/2026 0:00,E1118,C2015,P3031,3,61484.37,184209.09,R02
S500641,8/9/2026 0:00,E1103,C2234,P3004,5,19444.05,92872.37,R02
S500642,9/5/2026 0:00,E1055,C2063,P3035,7,45920.83,315780.8,R04
S500643,5/28/2026 0:00,E1102,C2196,P3034,5,16100.35,81439.25,R04
S500644,1/29/2026 0:00,E1037,C2027,P3052,11,64744.08,684603.23,R02
S500645,1/24/2026 0:00,E1070,C2093,P3027,8,3495.09,29357.48,R06
S500646,3/23/2026 0:00,E1037,C2105,P3010,5,45872.45,216676.77,R02
S500647,3/4/2026 0:00,E1054,C2309,P3030,7,45220.48,331337.73,R06
S500648,7/21/2026 0:00,E1055,C2052,P3045,6,50149.35,279970.12,R04
S500649,4/15/2026 0:00,E1084,C2319,P3020,10,8239.05,75522.41,R01
S500650,2/26/2026 0:00,E1052,C2181,P3029,2,71367.4,144536.77,R05
S500651,5/16/2026 0:00,E1082,C2057,P3058,3,41115.63,124006.36,R04
S500652,8/6/2026 0:00,E1043,C2120,P3053,11,16451.3,184886.77,R01
S500653,3/3/2026 0:00,E1019,C2308,P3029,11,71367.4,746997.17,R03
S500654,6/6/2026 0:00,E1023,C2363,P3023,4,72228.78,300362.27,R02
S500655,7/21/2026 0:00,E1068,C2043,P3057,5,45630.28,209425.24,R05
S500656,1/17/2026 0:00,E1022,C2135,P3050,9,12809.06,104276.94,R01
S500657,3/7/2026 0:00,E1102,C2373,P3021,6,42656.59,241884.51,R04
S500658,1/6/2026 0:00,E1046,C2426,P3048,1,34019.63,34686.37,R04
S500659,2/27/2026 0:00,E1105,C2260,P3043,3,61740.42,185396.73,R06
S500660,3/10/2026 0:00,E1049,C2197,P3010,7,45872.45,310006.9,R04
S500661,6/5/2026 0:00,E1041,C2133,P3041,8,58594.28,439896.81,R01
S500662,3/3/2026 0:00,E1030,C2255,P3012,7,20628.64,131244.28,R01
S500663,6/18/2026 0:00,E1056,C2220,P3030,5,45220.48,214938.78,R06
S500664,7/16/2026 0:00,E1092,C2336,P3051,10,55331.31,536162.03,R05
S500665,3/23/2026 0:00,E1087,C2041,P3033,8,17298.96,138814.27,R05
S500666,8/6/2026 0:00,E1018,C2388,P3018,9,39505.96,354449.93,R04
S500667,7/31/2026 0:00,E1082,C2255,P3014,7,9360.99,68285.73,R04
S500668,6/18/2026 0:00,E1062,C2002,P3022,11,19428.07,195556.22,R02
S500669,6/26/2026 0:00,E1032,C2195,P3021,9,42656.59,364886.99,R02
S500670,8/7/2026 0:00,E1117,C2242,P3001,1,26533.8,25797.13,R05
S500671,6/26/2026 0:00,E1075,C2149,P3049,9,44098.98,397130.69,R05
S500672,7/23/2026 0:00,E1097,C2198,P3043,3,61740.42,180464.36,R04
S500673,3/12/2026 0:00,E1080,C2299,P3052,6,64744.08,402804.15,R01
S500674,5/11/2026 0:00,E1051,C2245,P3060,8,29470.22,233710.83,R06
S500675,1/10/2026 0:00,E1103,C2338,P3015,3,13790.91,37481.62,R02
S500676,4/8/2026 0:00,E1003,C2108,P3036,4,30974.38,113620.02,R05
S500677,3/30/2026 0:00,E1118,C2393,P3047,7,46883.48,332458.74,R02
S500678,2/4/2026 0:00,E1050,C2212,P3054,7,7404.66,52214.53,R02
S500679,7/27/2026 0:00,E1112,C2156,P3022,4,19428.07,71730.34,R02
S500680,1/2/2026 0:00,E1015,C2026,P3032,9,66344.43,542666.04,R02
S500681,5/4/2026 0:00,E1061,C2082,P3058,3,41115.63,121719.66,R03
S500682,1/24/2026 0:00,E1099,C2083,P3046,8,7391.26,58855.77,R01
S500683,3/15/2026 0:00,E1101,C2131,P3054,8,7404.66,54515.77,R01
S500684,6/15/2026 0:00,E1060,C2329,P3033,4,17298.96,67192.13,R02
S500685,1/22/2026 0:00,E1105,C2100,P3058,7,41115.63,272231.65,R06
S500686,6/3/2026 0:00,E1060,C2256,P3041,4,58594.28,243680.92,R02
S500687,6/20/2026 0:00,E1113,C2049,P3059,1,17588.05,16407.54,R06
S500688,7/2/2026 0:00,E1053,C2401,P3039,1,26668.25,26934.64,R06
S500689,2/8/2026 0:00,E1086,C2063,P3023,1,72228.78,70619.53,R02
S500690,8/7/2026 0:00,E1003,C2311,P3043,2,61740.42,111346.15,R05
S500691,6/6/2026 0:00,E1117,C2407,P3055,6,2016.98,11830.19,R05
S500692,8/27/2026 0:00,E1043,C2290,P3002,10,7831.21,71649.37,R01
S500693,8/18/2026 0:00,E1085,C2105,P3002,11,7831.21,86045.05,R02
S500694,1/20/2026 0:00,E1103,C2105,P3038,5,67526.73,332511.25,R02
S500695,8/7/2026 0:00,E1084,C2325,P3055,11,2016.98,20002.8,R01
S500696,2/10/2026 0:00,E1017,C2015,P3051,2,55331.31,102994.13,R02
S500697,7/1/2026 0:00,E1005,C2175,P3029,8,71367.4,580321.88,R02
S500698,5/28/2026 0:00,E1013,C2259,P3052,9,64744.08,548530.82,R05
S500699,4/18/2026 0:00,E1030,C2211,P3046,7,7391.26,50439.79,R01
S500700,5/27/2026 0:00,E1008,C2412,P3060,9,29470.22,251121.58,R06
S500701,3/25/2026 0:00,E1015,C2259,P3003,4,36568.91,151867.62,R02
S500702,8/15/2026 0:00,E1013,C2102,P3039,7,26668.25,183035.02,R05
S500703,4/21/2026 0:00,E1101,C2260,P3007,5,60276.19,302714.87,R01
S500704,3/7/2026 0:00,E1006,C2344,P3036,5,30974.38,141323.93,R02
S500705,6/7/2026 0:00,E1083,C2159,P3029,3,71367.4,193987.38,R02
S500706,2/22/2026 0:00,E1108,C2045,P3055,9,2016.98,17043.4,R05
S500707,2/3/2026 0:00,E1033,C2443,P3037,10,63029.63,596493.6,R01
S500708,5/30/2026 0:00,E1076,C2301,P3049,5,44098.98,221189.92,R05
S500709,3/8/2026 0:00,E1045,C2251,P3058,6,41115.63,243084.55,R02
S500710,5/14/2026 0:00,E1083,C2331,P3036,3,30974.38,88851.89,R02
S500711,7/26/2026 0:00,E1071,C2165,P3023,10,72228.78,720928.18,R05
S500712,1/27/2026 0:00,E1047,C2193,P3045,7,50149.35,324553.76,R02
S500713,1/10/2026 0:00,E1108,C2009,P3016,9,51163.56,418810.12,R05
S500714,3/14/2026 0:00,E1010,C2401,P3048,9,34019.63,314803.43,R05
S500715,8/13/2026 0:00,E1051,C2374,P3031,10,61484.37,605370.14,R06
S500716,4/6/2026 0:00,E1034,C2065,P3034,10,16100.35,160579.14,R06
S500717,2/17/2026 0:00,E1102,C2387,P3050,5,12809.06,60592.38,R04
S500718,3/11/2026 0:00,E1102,C2282,P3001,7,26533.8,177525.79,R04
S500719,8/21/2026 0:00,E1019,C2181,P3018,3,39505.96,108130.39,R03
S500720,7/6/2026 0:00,E1010,C2415,P3058,6,41115.63,253736.45,R05
S500721,4/10/2026 0:00,E1064,C2282,P3040,8,17956.07,142049.17,R02
S500722,2/28/2026 0:00,E1059,C2279,P3043,8,61740.42,450726.87,R01
S500723,1/2/2026 0:00,E1030,C2030,P3056,2,48237.37,98469.78,R01
S500724,6/6/2026 0:00,E1116,C2266,P3056,6,48237.37,279762.46,R06
S500725,7/15/2026 0:00,E1080,C2328,P3015,7,13790.91,97961.75,R01
S500726,3/6/2026 0:00,E1026,C2217,P3048,7,34019.63,214774.46,R05
S500727,3/24/2026 0:00,E1016,C2320,P3049,3,44098.98,119637.57,R02
S500728,6/3/2026 0:00,E1007,C2406,P3017,9,13812.52,115065.99,R01
S500729,8/5/2026 0:00,E1044,C2399,P3044,2,31924.43,59483.99,R06
S500730,1/10/2026 0:00,E1030,C2379,P3010,11,45872.45,511960.7,R01
S500731,2/22/2026 0:00,E1081,C2105,P3020,3,8239.05,24865.55,R06
S500732,3/20/2026 0:00,E1095,C2184,P3006,11,23219.92,253481.31,R05
S500733,2/28/2026 0:00,E1005,C2330,P3008,2,40552.31,83759.08,R02
S500734,5/30/2026 0:00,E1084,C2148,P3045,11,50149.35,516929.24,R01
S500735,6/28/2026 0:00,E1116,C2105,P3034,9,16100.35,150070.5,R06
S500736,2/17/2026 0:00,E1059,C2047,P3032,4,66344.43,275042.95,R01
S500737,5/29/2026 0:00,E1051,C2087,P3051,2,55331.31,106804.81,R06
S500738,5/3/2026 0:00,E1046,C2309,P3054,3,7404.66,20307.09,R04
S500739,9/5/2026 0:00,E1105,C2437,P3042,4,20791.75,83914.17,R06
S500740,1/22/2026 0:00,E1082,C2129,P3004,10,19444.05,184823.34,R04
S500741,4/10/2026 0:00,E1077,C2258,P3044,6,31924.43,195231.83,R05
S500742,4/8/2026 0:00,E1015,C2314,P3050,5,12809.06,59213.31,R02
S500743,6/7/2026 0:00,E1004,C2147,P3039,3,26668.25,78478.84,R04
S500744,1/25/2026 0:00,E1117,C2446,P3020,10,8239.05,80430.52,R05
S500745,8/25/2026 0:00,E1116,C2072,P3024,8,36395.04,266425.43,R06
S500746,1/28/2026 0:00,E1064,C2140,P3024,8,36395.04,277912.5,R02
S500747,7/12/2026 0:00,E1108,C2410,P3055,7,2016.98,12886.47,R05
S500748,4/23/2026 0:00,E1066,C2027,P3026,3,41379.43,120378.27,R04
S500749,2/14/2026 0:00,E1104,C2029,P3025,1,60497.94,62097.24,R04
S500750,3/9/2026 0:00,E1047,C2271,P3036,5,30974.38,145661.78,R02
S500751,1/7/2026 0:00,E1108,C2174,P3007,1,60276.19,61164.02,R05
S500752,2/18/2026 0:00,E1084,C2253,P3010,6,45872.45,255284.07,R01
S500753,5/17/2026 0:00,E1060,C2385,P3058,11,41115.63,452751.45,R02
S500754,6/13/2026 0:00,E1021,C2060,P3047,7,46883.48,340435.68,R04
S500755,3/24/2026 0:00,E1060,C2107,P3012,5,20628.64,97840.53,R02
S500756,5/9/2026 0:00,E1114,C2220,P3001,4,26533.8,109856.49,R05
S500757,5/18/2026 0:00,E1091,C2441,P3052,2,64744.08,126356.25,R01
S500758,6/13/2026 0:00,E1059,C2259,P3050,5,12809.06,60684.25,R01
S500759,3/14/2026 0:00,E1104,C2371,P3025,9,60497.94,563253.13,R04
S500760,8/25/2026 0:00,E1079,C2146,P3016,4,51163.56,185172.3,R02
S500761,2/15/2026 0:00,E1070,C2052,P3005,2,21544.25,38960.74,R06
S500762,4/16/2026 0:00,E1080,C2060,P3019,6,53251.21,316304.02,R01
S500763,6/9/2026 0:00,E1099,C2034,P3004,8,19444.05,158587.63,R01
S500764,2/1/2026 0:00,E1094,C2096,P3006,2,23219.92,47031.11,R04
S500765,1/6/2026 0:00,E1054,C2089,P3026,9,41379.43,339612.73,R06
S500766,6/25/2026 0:00,E1038,C2316,P3049,7,44098.98,321823.94,R01
S500767,6/15/2026 0:00,E1009,C2410,P3039,2,26668.25,53627.69,R04
S500768,5/25/2026 0:00,E1046,C2231,P3056,11,48237.37,553091.37,R04
S500769,3/15/2026 0:00,E1100,C2275,P3055,5,2016.98,9574.25,R01
S500770,4/24/2026 0:00,E1110,C2246,P3039,5,26668.25,133886.73,R01
S500771,1/27/2026 0:00,E1006,C2111,P3009,7,23520.25,169414.85,R02
S500772,2/23/2026 0:00,E1120,C2234,P3045,5,50149.35,239982.1,R04
S500773,6/27/2026 0:00,E1071,C2278,P3052,11,64744.08,744040.19,R05
S500774,6/12/2026 0:00,E1032,C2417,P3014,6,9360.99,52781.88,R02
S500775,9/1/2026 0:00,E1047,C2166,P3048,9,34019.63,290054.03,R02
S500776,3/26/2026 0:00,E1010,C2128,P3055,3,2016.98,6281.17,R05
S500777,5/7/2026 0:00,E1108,C2237,P3009,3,23520.25,73767.66,R05
S500778,6/2/2026 0:00,E1033,C2291,P3015,8,13790.91,104014.28,R01
S500779,6/5/2026 0:00,E1034,C2107,P3037,10,63029.63,580161.59,R06
S500780,4/21/2026 0:00,E1069,C2128,P3050,6,12809.06,77919.43,R01
S500781,1/15/2026 0:00,E1031,C2195,P3053,10,16451.3,171003,R04
S500782,5/12/2026 0:00,E1116,C2339,P3020,3,8239.05,24472.62,R06
S500783,4/3/2026 0:00,E1078,C2394,P3008,2,40552.31,80713.52,R01
S500784,5/3/2026 0:00,E1030,C2143,P3032,2,66344.43,134605.09,R01
S500785,3/14/2026 0:00,E1004,C2395,P3047,2,46883.48,86543.41,R04
S500786,6/4/2026 0:00,E1092,C2111,P3021,5,42656.59,223098.3,R05
S500787,6/3/2026 0:00,E1059,C2090,P3057,5,45630.28,217804.6,R01
S500788,5/27/2026 0:00,E1031,C2251,P3041,1,58594.28,58256.55,R04
S500789,9/5/2026 0:00,E1010,C2280,P3019,2,53251.21,103338.49,R05
S500790,4/2/2026 0:00,E1027,C2333,P3029,2,71367.4,138485.18,R02
S500791,1/17/2026 0:00,E1003,C2224,P3058,4,41115.63,165352.53,R05
S500792,2/12/2026 0:00,E1064,C2101,P3031,7,61484.37,451565.53,R02
S500793,5/1/2026 0:00,E1004,C2132,P3054,3,7404.66,22188.63,R04
S500794,2/10/2026 0:00,E1048,C2013,P3006,5,23219.92,118318.13,R04
S500795,6/19/2026 0:00,E1070,C2441,P3004,11,19444.05,193382.09,R06
S500796,6/27/2026 0:00,E1026,C2098,P3043,9,61740.42,567646.17,R05
S500797,7/31/2026 0:00,E1053,C2120,P3029,5,71367.4,337209.67,R06
S500798,8/25/2026 0:00,E1014,C2293,P3042,9,20791.75,171969.55,R02
S500799,6/17/2026 0:00,E1105,C2304,P3003,1,36568.91,33533.69,R06
S500800,2/8/2026 0:00,E1046,C2199,P3001,9,26533.8,239277.32,R04
S500801,4/23/2026 0:00,E1036,C2001,P3044,5,31924.43,167546.2,R05
S500802,9/2/2026 0:00,E1057,C2060,P3055,8,2016.98,16134.7,R01
S500803,5/31/2026 0:00,E1089,C2250,P3015,5,13790.91,64772.61,R06
S500804,4/21/2026 0:00,E1010,C2140,P3047,6,46883.48,261749.31,R05
S500805,8/12/2026 0:00,E1003,C2149,P3021,8,42656.59,334050.09,R05
S500806,6/29/2026 0:00,E1063,C2395,P3046,2,7391.26,13448.48,R05
S500807,2/16/2026 0:00,E1120,C2044,P3058,3,41115.63,118400.63,R04
S500808,3/4/2026 0:00,E1043,C2371,P3031,11,61484.37,676284.27,R01
S500809,8/13/2026 0:00,E1046,C2186,P3007,9,60276.19,566978.58,R04
S500810,4/20/2026 0:00,E1066,C2108,P3017,5,13812.52,66565.85,R04
S500811,3/10/2026 0:00,E1032,C2044,P3056,5,48237.37,224311.87,R02
S500812,2/12/2026 0:00,E1110,C2078,P3019,9,53251.21,490094.28,R01
S500813,6/25/2026 0:00,E1049,C2226,P3039,10,26668.25,269784,R04
S500814,2/3/2026 0:00,E1003,C2162,P3060,3,29470.22,90970.64,R05
S500815,2/9/2026 0:00,E1098,C2281,P3003,4,36568.91,136359.29,R03
S500816,7/22/2026 0:00,E1084,C2253,P3030,7,45220.48,304111.07,R01
S500817,3/2/2026 0:00,E1079,C2132,P3035,2,45920.83,96179.63,R02
S500818,6/27/2026 0:00,E1112,C2448,P3058,8,41115.63,303830.15,R02
S500819,7/14/2026 0:00,E1071,C2372,P3057,5,45630.28,228315.13,R05
S500820,3/3/2026 0:00,E1060,C2375,P3029,1,71367.4,66769.75,R02
S500821,2/27/2026 0:00,E1108,C2144,P3050,3,12809.06,37467.42,R05
S500822,6/10/2026 0:00,E1046,C2266,P3052,9,64744.08,594395.2,R04
S500823,3/16/2026 0:00,E1076,C2109,P3054,5,7404.66,36034.33,R05
S500824,1/16/2026 0:00,E1058,C2194,P3014,8,9360.99,76447.26,R02
S500825,3/23/2026 0:00,E1045,C2035,P3035,1,45920.83,44265.39,R02
S500826,4/4/2026 0:00,E1091,C2390,P3028,7,47578.07,349666.49,R01
S500827,2/17/2026 0:00,E1035,C2275,P3058,7,41115.63,277843.79,R06
S500828,9/4/2026 0:00,E1103,C2187,P3030,8,45220.48,333693.47,R02
S500829,5/18/2026 0:00,E1031,C2437,P3026,3,41379.43,119207.57,R04
S500830,3/23/2026 0:00,E1073,C2243,P3007,1,60276.19,60962.67,R01
S500831,2/7/2026 0:00,E1072,C2264,P3039,11,26668.25,301327.15,R02
S500832,5/7/2026 0:00,E1120,C2010,P3031,9,61484.37,536213.77,R04
S500833,1/19/2026 0:00,E1057,C2023,P3005,1,21544.25,21310.96,R01
S500834,6/13/2026 0:00,E1069,C2166,P3035,11,45920.83,518633,R01
S500835,7/6/2026 0:00,E1014,C2029,P3050,6,12809.06,78547.61,R02
S500836,3/4/2026 0:00,E1004,C2271,P3047,9,46883.48,421385.31,R04
S500837,3/18/2026 0:00,E1027,C2087,P3052,2,64744.08,132369.8,R02
S500838,9/5/2026 0:00,E1059,C2023,P3014,4,9360.99,36934.22,R01
S500839,6/23/2026 0:00,E1025,C2210,P3036,2,30974.38,55797.08,R03
S500840,5/11/2026 0:00,E1055,C2046,P3027,4,3495.09,12668.86,R04
S500841,7/21/2026 0:00,E1072,C2028,P3024,2,36395.04,76209.12,R02
S500842,4/12/2026 0:00,E1045,C2026,P3040,1,17956.07,16550.99,R02
S500843,3/6/2026 0:00,E1062,C2266,P3029,11,71367.4,754171.58,R02
S500844,9/4/2026 0:00,E1060,C2175,P3053,3,16451.3,51331.59,R02
S500845,4/30/2026 0:00,E1051,C2004,P3045,8,50149.35,372812.64,R06
S500846,4/1/2026 0:00,E1044,C2311,P3022,5,19428.07,99721.24,R06
S500847,8/26/2026 0:00,E1078,C2322,P3008,4,40552.31,165897.9,R01
S500848,1/8/2026 0:00,E1115,C2067,P3015,5,13790.91,72260.88,R04
S500849,6/28/2026 0:00,E1102,C2135,P3049,6,44098.98,249314.19,R04
S500850,8/26/2026 0:00,E1068,C2055,P3005,6,21544.25,122453.05,R05
S500851,8/22/2026 0:00,E1012,C2031,P3052,5,64744.08,335190.36,R06
S500852,7/28/2026 0:00,E1105,C2074,P3004,11,19444.05,200005.98,R06
S500853,3/14/2026 0:00,E1100,C2019,P3011,6,53782.26,316944.82,R01
S500854,5/14/2026 0:00,E1092,C2156,P3018,9,39505.96,357723.14,R05
S500855,4/17/2026 0:00,E1019,C2337,P3042,5,20791.75,97802.59,R03
S500856,3/30/2026 0:00,E1087,C2156,P3049,6,44098.98,275379.24,R05
S500857,2/8/2026 0:00,E1102,C2147,P3030,4,45220.48,180855.63,R04
S500858,4/23/2026 0:00,E1106,C2087,P3015,3,13790.91,37528,R02
S500859,7/7/2026 0:00,E1054,C2020,P3006,6,23219.92,128224.2,R06
S500860,1/28/2026 0:00,E1048,C2269,P3055,11,2016.98,20603.03,R04
S500861,4/7/2026 0:00,E1046,C2333,P3053,11,16451.3,169517.15,R04
S500862,7/1/2026 0:00,E1023,C2043,P3016,5,51163.56,258274.06,R02
S500863,2/6/2026 0:00,E1055,C2395,P3047,4,46883.48,171282.28,R04
S500864,5/17/2026 0:00,E1061,C2432,P3040,5,17956.07,85523.79,R03
S500865,3/23/2026 0:00,E1096,C2399,P3009,7,23520.25,170685.34,R03
S500866,2/25/2026 0:00,E1116,C2401,P3043,1,61740.42,60721.71,R06
S500867,7/6/2026 0:00,E1109,C2438,P3059,1,17588.05,16529.68,R02
S500868,3/26/2026 0:00,E1031,C2306,P3034,11,16100.35,184818.22,R04
S500869,1/2/2026 0:00,E1009,C2028,P3027,1,3495.09,3273.67,R04
S500870,7/8/2026 0:00,E1100,C2260,P3013,2,31162.8,64554.67,R01
S500871,2/27/2026 0:00,E1059,C2022,P3036,9,30974.38,281240.84,R01
S500872,4/17/2026 0:00,E1113,C2375,P3027,5,3495.09,17669.05,R06
S500873,5/3/2026 0:00,E1075,C2101,P3009,9,23520.25,214802.64,R05
S500874,7/7/2026 0:00,E1117,C2039,P3005,5,21544.25,105134.37,R05
S500875,8/18/2026 0:00,E1021,C2290,P3051,7,55331.31,395912.55,R04
S500876,6/17/2026 0:00,E1106,C2353,P3022,6,19428.07,119532.63,R02
S500877,6/13/2026 0:00,E1026,C2300,P3031,2,61484.37,117321.16,R05
S500878,4/24/2026 0:00,E1020,C2170,P3003,3,36568.91,105324.13,R02
S500879,4/17/2026 0:00,E1006,C2296,P3030,5,45220.48,233634.66,R02
S500880,2/6/2026 0:00,E1077,C2353,P3021,4,42656.59,166993.62,R05
S500881,3/20/2026 0:00,E1081,C2396,P3035,11,45920.83,520303.98,R06
S500882,4/2/2026 0:00,E1074,C2130,P3006,6,23219.92,138485.75,R05
S500883,1/18/2026 0:00,E1085,C2156,P3028,8,47578.07,376451.07,R02
S500884,4/8/2026 0:00,E1089,C2074,P3032,8,66344.43,480146.39,R06
S500885,3/4/2026 0:00,E1028,C2342,P3042,3,20791.75,58737.78,R04
S500886,5/30/2026 0:00,E1042,C2090,P3037,4,63029.63,245893.37,R03
S500887,5/19/2026 0:00,E1098,C2067,P3025,1,60497.94,59777.87,R03
S500888,7/5/2026 0:00,E1027,C2236,P3032,2,66344.43,131967.72,R02
S500889,7/4/2026 0:00,E1028,C2200,P3035,9,45920.83,416359.61,R04
S500890,7/24/2026 0:00,E1064,C2332,P3022,10,19428.07,193976.65,R02
S500891,1/4/2026 0:00,E1085,C2227,P3024,10,36395.04,373881.33,R02
S500892,8/2/2026 0:00,E1052,C2348,P3039,2,26668.25,50366.75,R05
S500893,5/15/2026 0:00,E1044,C2233,P3054,6,7404.66,44260.71,R06
S500894,3/2/2026 0:00,E1030,C2266,P3030,7,45220.48,287318.15,R01
S500895,4/17/2026 0:00,E1041,C2086,P3050,6,12809.06,74704.63,R01
S500896,2/23/2026 0:00,E1062,C2102,P3032,8,66344.43,499018.89,R02
S500897,3/29/2026 0:00,E1043,C2441,P3031,9,61484.37,529638.52,R01
S500898,3/9/2026 0:00,E1034,C2214,P3023,8,72228.78,550787.45,R06
S500899,8/8/2026 0:00,E1085,C2108,P3040,5,17956.07,81616.14,R02
S500900,7/26/2026 0:00,E1103,C2165,P3033,8,17298.96,134239.5,R02
S500901,5/9/2026 0:00,E1085,C2091,P3025,10,60497.94,634740.99,R02
S500902,2/24/2026 0:00,E1099,C2192,P3036,10,30974.38,292658.46,R01
S500903,1/3/2026 0:00,E1113,C2335,P3024,9,36395.04,330969.11,R06
S500904,7/25/2026 0:00,E1017,C2086,P3031,8,61484.37,483103.97,R02
S500905,6/15/2026 0:00,E1024,C2222,P3058,2,41115.63,78019.69,R02
S500906,8/30/2026 0:00,E1008,C2363,P3039,2,26668.25,48719.75,R06
S500907,5/1/2026 0:00,E1027,C2424,P3046,3,7391.26,20674.36,R02
S500908,5/9/2026 0:00,E1098,C2101,P3013,7,31162.8,221908.62,R03
S500909,4/12/2026 0:00,E1013,C2226,P3010,9,45872.45,388845.95,R05
S500910,2/7/2026 0:00,E1074,C2364,P3023,8,72228.78,532554.57,R05
S500911,3/26/2026 0:00,E1006,C2060,P3018,9,39505.96,337667.43,R02
S500912,8/28/2026 0:00,E1108,C2250,P3032,6,66344.43,393133.12,R05
S500913,6/6/2026 0:00,E1094,C2048,P3033,1,17298.96,17394.44,R04
S500914,5/13/2026 0:00,E1119,C2117,P3036,4,30974.38,118706.8,R06
S500915,8/29/2026 0:00,E1071,C2227,P3028,6,47578.07,278252.37,R05
S500916,7/21/2026 0:00,E1051,C2362,P3016,6,51163.56,297230.87,R06
S500917,4/2/2026 0:00,E1027,C2403,P3016,8,51163.56,368930.4,R02
S500918,1/21/2026 0:00,E1006,C2033,P3018,1,39505.96,37899.65,R02
S500919,8/30/2026 0:00,E1023,C2044,P3008,11,40552.31,440766.21,R02
S500920,7/18/2026 0:00,E1081,C2165,P3042,2,20791.75,40980.19,R06
S500921,7/14/2026 0:00,E1014,C2368,P3016,2,51163.56,103602.64,R02
S500922,4/19/2026 0:00,E1029,C2345,P3055,6,2016.98,12108.61,R04
S500923,2/16/2026 0:00,E1034,C2292,P3056,11,48237.37,499581.48,R06
S500924,3/25/2026 0:00,E1109,C2337,P3011,7,53782.26,353264.79,R02
S500925,3/24/2026 0:00,E1024,C2344,P3006,2,23219.92,45029.06,R02
S500926,2/4/2026 0:00,E1099,C2405,P3001,5,26533.8,133988.45,R01
S500927,7/15/2026 0:00,E1109,C2386,P3012,6,20628.64,113136.63,R02
S500928,3/10/2026 0:00,E1019,C2287,P3057,4,45630.28,190232.45,R03
S500929,5/9/2026 0:00,E1116,C2364,P3038,1,67526.73,66275.66,R06
S500930,7/15/2026 0:00,E1119,C2225,P3028,3,47578.07,135021.03,R06
S500931,5/20/2026 0:00,E1031,C2286,P3045,10,50149.35,503503.83,R04
S500932,7/7/2026 0:00,E1027,C2204,P3058,9,41115.63,335519.16,R02
S500933,1/27/2026 0:00,E1017,C2172,P3017,6,13812.52,80609.28,R02
S500934,2/25/2026 0:00,E1079,C2012,P3001,2,26533.8,51629.23,R02
S500935,8/22/2026 0:00,E1041,C2307,P3032,9,66344.43,551897.2,R01
S500936,1/23/2026 0:00,E1034,C2121,P3008,4,40552.31,166363.12,R06
S500937,6/2/2026 0:00,E1027,C2433,P3054,11,7404.66,83041.34,R02
S500938,1/21/2026 0:00,E1050,C2244,P3040,8,17956.07,132574.67,R02
S500939,3/2/2026 0:00,E1067,C2152,P3056,10,48237.37,460461.44,R01
S500940,3/4/2026 0:00,E1115,C2152,P3043,7,61740.42,395475.24,R04
S500941,5/2/2026 0:00,E1039,C2188,P3046,11,7391.26,83522.75,R04
S500942,2/21/2026 0:00,E1003,C2395,P3024,3,36395.04,103561.87,R05
S500943,3/29/2026 0:00,E1115,C2013,P3010,8,45872.45,354464.66,R04
S500944,6/2/2026 0:00,E1007,C2091,P3047,4,46883.48,177891.07,R01
S500945,8/25/2026 0:00,E1048,C2200,P3039,2,26668.25,50483.21,R04
S500946,2/24/2026 0:00,E1052,C2074,P3039,11,26668.25,296898.93,R05
S500947,2/15/2026 0:00,E1039,C2256,P3010,5,45872.45,232145.55,R04
S500948,2/1/2026 0:00,E1108,C2448,P3036,1,30974.38,30282.67,R05
S500949,2/24/2026 0:00,E1090,C2276,P3025,8,60497.94,483326.53,R03
S500950,4/6/2026 0:00,E1019,C2328,P3060,8,29470.22,230280.18,R03
S500951,5/13/2026 0:00,E1028,C2329,P3050,3,12809.06,34749.25,R04
S500952,2/5/2026 0:00,E1043,C2071,P3059,1,17588.05,16003.38,R01
S500953,4/20/2026 0:00,E1074,C2078,P3057,4,45630.28,174775.12,R05
S500954,8/22/2026 0:00,E1094,C2284,P3010,9,45872.45,417996.99,R04
S500955,6/26/2026 0:00,E1076,C2130,P3019,9,53251.21,496985.84,R05
S500956,4/16/2026 0:00,E1018,C2377,P3046,1,7391.26,6685.07,R04
S500957,2/27/2026 0:00,E1064,C2043,P3045,11,50149.35,526931.74,R02
S500958,2/8/2026 0:00,E1030,C2008,P3015,7,13790.91,90123.2,R01
S500959,3/21/2026 0:00,E1060,C2013,P3016,6,51163.56,313821.15,R02
S500960,4/7/2026 0:00,E1072,C2213,P3002,7,7831.21,56292.82,R02
S500961,4/23/2026 0:00,E1080,C2111,P3029,7,71367.4,465082.03,R01
S500962,8/1/2026 0:00,E1023,C2291,P3004,8,19444.05,156582.79,R02
S500963,3/2/2026 0:00,E1120,C2023,P3053,8,16451.3,132895.37,R04
S500964,5/17/2026 0:00,E1007,C2302,P3050,10,12809.06,118683.45,R01
S500965,1/6/2026 0:00,E1027,C2254,P3029,11,71367.4,757607.65,R02
S500966,8/31/2026 0:00,E1041,C2015,P3031,2,61484.37,122114.19,R01
S500967,4/19/2026 0:00,E1013,C2130,P3017,4,13812.52,49941.1,R05
S500968,2/4/2026 0:00,E1101,C2061,P3010,4,45872.45,176276.59,R01
S500969,2/8/2026 0:00,E1015,C2115,P3027,11,3495.09,35495.02,R02
S500970,5/30/2026 0:00,E1023,C2320,P3053,10,16451.3,161434.05,R02
S500971,6/18/2026 0:00,E1053,C2308,P3041,8,58594.28,481146.99,R06
S500972,4/28/2026 0:00,E1024,C2420,P3015,3,13790.91,40492.03,R02
S500973,1/5/2026 0:00,E1050,C2023,P3060,3,29470.22,80046.79,R02
S500974,6/19/2026 0:00,E1073,C2325,P3044,2,31924.43,57748.01,R01
S500975,3/28/2026 0:00,E1106,C2067,P3031,1,61484.37,60920.28,R02
S500976,7/28/2026 0:00,E1052,C2249,P3021,8,42656.59,323916.14,R05
S500977,3/17/2026 0:00,E1091,C2175,P3060,9,29470.22,261492.2,R01
S500978,8/3/2026 0:00,E1014,C2339,P3059,9,17588.05,146348.58,R02
S500979,7/27/2026 0:00,E1087,C2002,P3058,11,41115.63,459747.69,R05
S500980,7/14/2026 0:00,E1107,C2172,P3041,8,58594.28,482398.72,R03
S500981,6/7/2026 0:00,E1011,C2448,P3046,5,7391.26,38190.04,R01
S500982,2/26/2026 0:00,E1119,C2334,P3045,1,50149.35,47421.79,R06
S500983,5/7/2026 0:00,E1057,C2284,P3060,9,29470.22,264996,R01
S500984,8/2/2026 0:00,E1010,C2054,P3026,6,41379.43,233840.88,R05
S500985,7/20/2026 0:00,E1081,C2067,P3038,7,67526.73,479500.2,R06
S500986,1/29/2026 0:00,E1054,C2420,P3051,8,55331.31,406388,R06
S500987,8/27/2026 0:00,E1003,C2102,P3036,5,30974.38,157104.34,R05
S500988,6/14/2026 0:00,E1026,C2120,P3052,6,64744.08,375240.88,R05
S500989,3/28/2026 0:00,E1014,C2191,P3017,7,13812.52,99427.04,R02
S500990,5/21/2026 0:00,E1100,C2409,P3051,7,55331.31,391517.57,R01
S500991,6/9/2026 0:00,E1053,C2304,P3003,2,36568.91,69954.71,R06
S500992,2/15/2026 0:00,E1060,C2423,P3014,11,9360.99,106629.54,R02
S500993,4/26/2026 0:00,E1035,C2047,P3049,1,44098.98,41563.31,R06
S500994,8/27/2026 0:00,E1036,C2222,P3013,8,31162.8,260533.05,R05
S500995,4/22/2026 0:00,E1104,C2021,P3041,5,58594.28,297389.56,R04
S500996,5/31/2026 0:00,E1004,C2158,P3027,10,3495.09,36649.56,R04
S500997,2/14/2026 0:00,E1108,C2348,P3001,2,26533.8,48189.93,R05
S500998,5/25/2026 0:00,E1061,C2159,P3057,3,45630.28,128828.71,R03
S500999,9/4/2026 0:00,E1072,C2377,P3017,6,13812.52,83802.46,R02
S501000,4/14/2026 0:00,E1050,C2372,P3048,10,34019.63,353238.56,R02
S501001,3/26/2026 0:00,E1066,C2410,P3050,6,12809.06,69500.6,R04
S501002,7/13/2026 0:00,E1115,C2235,P3034,8,16100.35,115922.7,R04
S501003,8/17/2026 0:00,E1020,C2150,P3014,5,9360.99,43923.47,R02
S501004,5/14/2026 0:00,E1069,C2405,P3054,5,7404.66,38056.87,R01
S501005,4/18/2026 0:00,E1084,C2257,P3055,7,2016.98,14331.67,R01
S501006,1/18/2026 0:00,E1105,C2165,P3059,10,17588.05,167269.68,R06
S501007,4/4/2026 0:00,E1075,C2077,P3017,5,13812.52,62177.18,R05
S501008,5/30/2026 0:00,E1118,C2085,P3003,9,36568.91,323592.9,R02
S501009,9/3/2026 0:00,E1078,C2046,P3034,6,16100.35,90389.94,R01
S501010,2/2/2026 0:00,E1006,C2393,P3040,7,17956.07,127180.86,R02
S501011,6/7/2026 0:00,E1069,C2401,P3025,8,60497.94,467989.05,R01
S501012,7/28/2026 0:00,E1012,C2047,P3002,5,7831.21,39226.15,R06
S501013,5/6/2026 0:00,E1096,C2213,P3034,11,16100.35,182035.54,R03
S501014,8/23/2026 0:00,E1070,C2059,P3026,4,41379.43,162267.61,R06
S501015,6/9/2026 0:00,E1071,C2054,P3031,8,61484.37,467474.68,R05
S501016,6/19/2026 0:00,E1002,C2342,P3009,10,23520.25,238832.03,R06
S501017,8/31/2026 0:00,E1093,C2012,P3030,9,45220.48,382474.95,R05
S501018,7/25/2026 0:00,E1094,C2192,P3020,1,8239.05,8516.94,R04
S501019,5/2/2026 0:00,E1065,C2006,P3021,3,42656.59,116543.88,R02
S501020,5/18/2026 0:00,E1030,C2309,P3029,4,71367.4,292697.77,R01
S501021,8/27/2026 0:00,E1084,C2144,P3059,7,17588.05,112495.52,R01
S501022,4/25/2026 0:00,E1013,C2346,P3025,6,60497.94,329745.43,R05
S501023,6/13/2026 0:00,E1079,C2261,P3038,10,67526.73,644534.9,R02
S501024,6/11/2026 0:00,E1043,C2073,P3058,10,41115.63,429034.36,R01
S501025,7/20/2026 0:00,E1003,C2174,P3044,11,31924.43,367857.29,R05
S501026,8/22/2026 0:00,E1038,C2232,P3025,1,60497.94,56281.87,R01
S501027,1/28/2026 0:00,E1047,C2270,P3009,4,23520.25,86770.5,R02
S501028,1/11/2026 0:00,E1082,C2428,P3039,6,26668.25,152479.93,R04
S501029,7/25/2026 0:00,E1050,C2447,P3044,3,31924.43,91038.55,R02
S501030,6/16/2026 0:00,E1025,C2362,P3026,2,41379.43,83912.43,R03
S501031,9/4/2026 0:00,E1101,C2222,P3057,2,45630.28,88212.44,R01
S501032,2/16/2026 0:00,E1023,C2052,P3037,10,63029.63,641000.33,R02
S501033,9/3/2026 0:00,E1102,C2116,P3016,4,51163.56,207172.91,R04
S501034,5/7/2026 0:00,E1012,C2026,P3037,1,63029.63,62194.27,R06
S501035,5/27/2026 0:00,E1060,C2053,P3012,10,20628.64,211449.09,R02
S501036,4/28/2026 0:00,E1048,C2365,P3024,2,36395.04,67647.25,R04
S501037,5/23/2026 0:00,E1030,C2029,P3026,10,41379.43,382458.31,R01
S501038,5/6/2026 0:00,E1036,C2019,P3020,2,8239.05,16685.68,R05
S501039,6/5/2026 0:00,E1114,C2303,P3009,4,23520.25,88127.51,R05
S501040,6/1/2026 0:00,E1120,C2392,P3023,4,72228.78,260144.71,R04
S501041,3/13/2026 0:00,E1016,C2279,P3039,1,26668.25,27649.48,R02
S501042,4/17/2026 0:00,E1062,C2117,P3029,7,71367.4,496294.89,R02
S501043,5/17/2026 0:00,E1097,C2106,P3031,7,61484.37,416076.08,R04
S501044,6/24/2026 0:00,E1044,C2419,P3019,10,53251.21,537230.41,R06
S501045,2/2/2026 0:00,E1107,C2309,P3020,11,8239.05,86098.05,R03
S501046,7/9/2026 0:00,E1045,C2227,P3023,10,72228.78,753382.22,R02
S501047,8/13/2026 0:00,E1082,C2352,P3043,10,61740.42,562018.75,R04
S501048,1/19/2026 0:00,E1076,C2186,P3027,1,3495.09,3481.61,R05
S501049,7/14/2026 0:00,E1051,C2261,P3030,11,45220.48,505679.27,R06
S501050,3/15/2026 0:00,E1066,C2016,P3021,8,42656.59,331141.02,R04
S501051,6/17/2026 0:00,E1033,C2273,P3044,10,31924.43,323472.77,R01
S501052,6/24/2026 0:00,E1066,C2160,P3035,7,45920.83,333993.95,R04
S501053,8/22/2026 0:00,E1117,C2358,P3049,7,44098.98,312273.41,R05
S501054,7/12/2026 0:00,E1003,C2250,P3007,11,60276.19,627502.58,R05
S501055,6/6/2026 0:00,E1025,C2224,P3022,6,19428.07,114735.61,R03
S501056,6/27/2026 0:00,E1089,C2256,P3010,4,45872.45,190231.31,R06
S501057,4/8/2026 0:00,E1068,C2180,P3023,11,72228.78,768587.26,R05
S501058,8/31/2026 0:00,E1039,C2020,P3015,8,13790.91,110576.04,R04
S501059,5/21/2026 0:00,E1032,C2112,P3030,2,45220.48,87712.1,R02
S501060,9/3/2026 0:00,E1117,C2120,P3034,7,16100.35,103483.57,R05
S501061,5/9/2026 0:00,E1106,C2194,P3013,3,31162.8,84961.29,R02
S501062,6/11/2026 0:00,E1027,C2111,P3060,3,29470.22,92198.27,R02
S501063,4/3/2026 0:00,E1030,C2210,P3004,7,19444.05,135003.32,R01
S501064,6/25/2026 0:00,E1069,C2001,P3018,3,39505.96,108511.68,R01
S501065,8/27/2026 0:00,E1080,C2058,P3056,5,48237.37,248088.6,R01
S501066,7/24/2026 0:00,E1026,C2093,P3023,8,72228.78,565351.4,R05
S501067,2/17/2026 0:00,E1050,C2221,P3033,4,17298.96,70288.43,R02
S501068,6/26/2026 0:00,E1067,C2211,P3034,7,16100.35,103575.07,R01
S501069,9/2/2026 0:00,E1055,C2428,P3034,7,16100.35,116763.86,R04
S501070,3/5/2026 0:00,E1069,C2232,P3036,2,30974.38,61241.32,R01
S501071,3/2/2026 0:00,E1120,C2262,P3035,8,45920.83,371311.83,R04
S501072,6/6/2026 0:00,E1092,C2364,P3017,10,13812.52,124962.83,R05
S501073,2/8/2026 0:00,E1019,C2103,P3028,10,47578.07,450705.03,R03
S501074,5/8/2026 0:00,E1010,C2050,P3014,9,9360.99,79203.82,R05
S501075,3/29/2026 0:00,E1039,C2374,P3034,6,16100.35,100701.82,R04
S501076,1/26/2026 0:00,E1089,C2110,P3048,5,34019.63,157817.2,R06
S501077,1/17/2026 0:00,E1022,C2088,P3011,1,53782.26,54108.06,R01
S501078,3/12/2026 0:00,E1067,C2020,P3057,1,45630.28,41359.88,R01
S501079,1/13/2026 0:00,E1022,C2014,P3013,9,31162.8,260735.21,R01
S501080,3/10/2026 0:00,E1028,C2133,P3033,4,17298.96,65790.69,R04
S501081,1/26/2026 0:00,E1108,C2425,P3057,1,45630.28,46505.28,R05
S501082,2/18/2026 0:00,E1072,C2296,P3055,11,2016.98,22597.16,R02
S501083,7/14/2026 0:00,E1046,C2034,P3002,10,7831.21,81670.93,R04
S501084,1/7/2026 0:00,E1102,C2380,P3034,3,16100.35,50113.07,R04
S501085,2/27/2026 0:00,E1029,C2208,P3053,6,16451.3,90043.94,R04
S501086,2/18/2026 0:00,E1047,C2301,P3029,11,71367.4,804259.34,R02
S501087,4/13/2026 0:00,E1018,C2199,P3037,11,63029.63,670914.89,R04
S501088,2/22/2026 0:00,E1042,C2080,P3004,8,19444.05,160200.76,R03
S501089,7/12/2026 0:00,E1118,C2071,P3012,10,20628.64,188420.54,R02
S501090,8/29/2026 0:00,E1004,C2155,P3026,2,41379.43,84696.69,R04
S501091,3/3/2026 0:00,E1078,C2078,P3058,8,41115.63,303909.1,R01
S501092,1/17/2026 0:00,E1105,C2078,P3028,1,47578.07,45202.79,R06
S501093,6/20/2026 0:00,E1078,C2172,P3003,11,36568.91,363772.88,R01
S501094,1/25/2026 0:00,E1068,C2289,P3020,2,8239.05,15136.11,R05
S501095,5/11/2026 0:00,E1048,C2033,P3010,8,45872.45,354817.49,R04
S501096,7/26/2026 0:00,E1088,C2300,P3052,7,64744.08,463519.39,R04
S501097,1/29/2026 0:00,E1089,C2276,P3018,5,39505.96,200700.25,R06
S501098,4/27/2026 0:00,E1031,C2367,P3053,10,16451.3,153868.13,R04
S501099,8/23/2026 0:00,E1071,C2420,P3053,2,16451.3,30360.99,R05
S501100,6/9/2026 0:00,E1010,C2007,P3053,9,16451.3,141900.78,R05
S501101,1/26/2026 0:00,E1087,C2160,P3027,5,3495.09,18043.23,R05
S501102,5/4/2026 0:00,E1012,C2240,P3031,8,61484.37,449432.92,R06
S501103,5/24/2026 0:00,E1071,C2023,P3027,4,3495.09,13720.84,R05
S501104,1/25/2026 0:00,E1101,C2423,P3042,9,20791.75,170905.9,R01
S501105,2/23/2026 0:00,E1093,C2024,P3001,10,26533.8,257518.97,R05
S501106,6/5/2026 0:00,E1115,C2214,P3006,7,23219.92,149376.79,R04
S501107,3/14/2026 0:00,E1068,C2070,P3011,2,53782.26,98104.28,R05
S501108,4/30/2026 0:00,E1090,C2368,P3034,3,16100.35,44853.68,R03
S501109,2/25/2026 0:00,E1032,C2216,P3039,2,26668.25,50045.02,R02
S501110,3/6/2026 0:00,E1034,C2104,P3020,5,8239.05,38782.85,R06
S501111,4/3/2026 0:00,E1041,C2215,P3053,2,16451.3,32796.99,R01
S501112,3/27/2026 0:00,E1096,C2054,P3021,5,42656.59,193713.66,R03
S501113,3/21/2026 0:00,E1048,C2294,P3021,9,42656.59,350171.88,R04
S501114,6/18/2026 0:00,E1038,C2330,P3018,2,39505.96,73347.23,R01
S501115,8/31/2026 0:00,E1117,C2336,P3021,9,42656.59,395737.35,R05
S501116,4/18/2026 0:00,E1094,C2203,P3019,7,53251.21,370630.29,R04
S501117,6/28/2026 0:00,E1062,C2288,P3004,7,19444.05,137408.93,R02
S501118,4/28/2026 0:00,E1032,C2045,P3013,5,31162.8,148888.74,R02
S501119,8/21/2026 0:00,E1012,C2317,P3018,8,39505.96,294551.08,R06
S501120,7/18/2026 0:00,E1089,C2198,P3052,7,64744.08,410468.37,R06
S501121,7/25/2026 0:00,E1003,C2216,P3029,6,71367.4,416762.93,R05
S501122,6/6/2026 0:00,E1106,C2309,P3025,2,60497.94,119319.14,R02
S501123,3/24/2026 0:00,E1107,C2384,P3056,6,48237.37,299423.95,R03
S501124,5/27/2026 0:00,E1028,C2435,P3013,2,31162.8,64339.59,R04
S501125,7/13/2026 0:00,E1101,C2332,P3027,1,3495.09,3368.23,R01
S501126,6/18/2026 0:00,E1003,C2184,P3060,9,29470.22,255560.74,R05
S501127,6/22/2026 0:00,E1105,C2027,P3019,5,53251.21,246065.44,R06
S501128,1/15/2026 0:00,E1103,C2166,P3049,10,44098.98,413920.68,R02
S501129,5/11/2026 0:00,E1022,C2318,P3001,10,26533.8,275646.26,R01
S501130,5/19/2026 0:00,E1060,C2274,P3038,4,67526.73,248810.45,R02
S501131,6/30/2026 0:00,E1006,C2383,P3019,11,53251.21,612301.28,R02
S501132,6/23/2026 0:00,E1054,C2365,P3052,8,64744.08,505371.98,R06
S501133,1/30/2026 0:00,E1047,C2103,P3001,5,26533.8,128488.73,R02
S501134,2/26/2026 0:00,E1087,C2448,P3040,7,17956.07,116415.85,R05
S501135,8/20/2026 0:00,E1095,C2333,P3017,3,13812.52,41405.7,R05
S501136,5/26/2026 0:00,E1021,C2373,P3021,8,42656.59,330665.98,R04
S501137,6/28/2026 0:00,E1063,C2104,P3022,8,19428.07,148523.63,R05
S501138,5/8/2026 0:00,E1039,C2414,P3015,3,13790.91,38877.02,R04
S501139,2/17/2026 0:00,E1021,C2245,P3050,9,12809.06,104903.09,R04
S501140,7/13/2026 0:00,E1116,C2305,P3039,8,26668.25,208630.89,R06
S501141,8/12/2026 0:00,E1026,C2169,P3048,1,34019.63,32214.42,R05
S501142,5/16/2026 0:00,E1003,C2116,P3039,8,26668.25,214664.43,R05
S501143,1/22/2026 0:00,E1033,C2141,P3032,11,66344.43,736012.63,R01
S501144,1/6/2026 0:00,E1027,C2418,P3049,4,44098.98,167543.68,R02
S501145,7/23/2026 0:00,E1072,C2356,P3004,6,19444.05,116707.24,R02
S501146,8/27/2026 0:00,E1043,C2125,P3044,10,31924.43,299706.96,R01
S501147,7/4/2026 0:00,E1069,C2025,P3045,9,50149.35,455440.58,R01
S501148,4/14/2026 0:00,E1099,C2194,P3032,5,66344.43,299349.91,R01
S501149,2/5/2026 0:00,E1002,C2384,P3004,7,19444.05,125592.8,R06
S501150,3/20/2026 0:00,E1053,C2100,P3053,1,16451.3,15410.78,R06
S501151,8/8/2026 0:00,E1006,C2402,P3001,9,26533.8,242610.82,R02
S501152,4/26/2026 0:00,E1014,C2005,P3033,6,17298.96,94447.8,R02
S501153,2/26/2026 0:00,E1020,C2019,P3007,11,60276.19,615437.64,R02
S501154,2/18/2026 0:00,E1013,C2170,P3009,4,23520.25,89733.86,R05
S501155,6/22/2026 0:00,E1050,C2274,P3001,6,26533.8,143501.62,R02
S501156,3/23/2026 0:00,E1026,C2254,P3016,5,51163.56,259480.64,R05
S501157,3/7/2026 0:00,E1059,C2121,P3018,3,39505.96,116623.46,R01
S501158,3/18/2026 0:00,E1117,C2032,P3054,7,7404.66,53652.04,R05
S501159,2/14/2026 0:00,E1036,C2149,P3047,3,46883.48,127240.08,R05
S501160,9/3/2026 0:00,E1078,C2266,P3006,2,23219.92,43686.36,R01
S501161,3/20/2026 0:00,E1096,C2037,P3002,4,7831.21,31628.31,R03
S501162,1/20/2026 0:00,E1006,C2177,P3009,7,23520.25,164851.24,R02
S501163,7/11/2026 0:00,E1100,C2342,P3004,5,19444.05,91042.74,R01
S501164,8/9/2026 0:00,E1023,C2013,P3045,9,50149.35,446538.76,R02
S501165,5/3/2026 0:00,E1105,C2183,P3023,10,72228.78,736057.24,R06
S501166,8/22/2026 0:00,E1079,C2145,P3054,7,7404.66,46908.89,R02
S501167,8/9/2026 0:00,E1059,C2265,P3043,9,61740.42,559911.42,R01
S501168,3/8/2026 0:00,E1049,C2088,P3045,9,50149.35,423277.12,R04
S501169,3/24/2026 0:00,E1056,C2428,P3043,2,61740.42,128688.98,R06
S501170,1/3/2026 0:00,E1004,C2046,P3051,1,55331.31,54265.24,R04
S501171,7/1/2026 0:00,E1055,C2392,P3008,11,40552.31,403701.78,R04
S501172,7/25/2026 0:00,E1086,C2119,P3039,4,26668.25,102460.97,R02
S501173,3/5/2026 0:00,E1032,C2421,P3025,4,60497.94,252868.51,R02
S501174,2/9/2026 0:00,E1071,C2019,P3016,2,51163.56,103304.95,R05
S501175,2/28/2026 0:00,E1090,C2447,P3035,3,45920.83,130195.45,R03
S501176,7/2/2026 0:00,E1106,C2220,P3017,3,13812.52,40869.45,R02
S501177,3/3/2026 0:00,E1120,C2430,P3018,5,39505.96,195527.88,R04
S501178,5/12/2026 0:00,E1034,C2233,P3060,1,29470.22,26626.41,R06
S501179,3/1/2026 0:00,E1074,C2094,P3027,9,3495.09,29154.03,R05
S501180,4/26/2026 0:00,E1090,C2251,P3015,8,13790.91,108425.96,R03
S501181,3/16/2026 0:00,E1052,C2250,P3060,8,29470.22,226428.63,R05
S501182,5/2/2026 0:00,E1086,C2282,P3017,3,13812.52,38475.01,R02
S501183,8/11/2026 0:00,E1017,C2232,P3043,2,61740.42,125444.22,R02
S501184,4/17/2026 0:00,E1116,C2046,P3005,1,21544.25,20970.08,R06
S501185,4/6/2026 0:00,E1118,C2374,P3016,6,51163.56,290556.62,R02
S501186,4/1/2026 0:00,E1078,C2046,P3015,10,13790.91,127462.71,R01
S501187,6/7/2026 0:00,E1079,C2014,P3042,1,20791.75,20618.65,R02
S501188,8/23/2026 0:00,E1111,C2085,P3046,11,7391.26,81298.92,R02
S501189,5/10/2026 0:00,E1108,C2319,P3034,5,16100.35,80537.14,R05
S501190,3/3/2026 0:00,E1041,C2328,P3048,9,34019.63,285676.03,R01
S501191,2/18/2026 0:00,E1091,C2003,P3019,11,53251.21,579496.09,R01
S501192,5/17/2026 0:00,E1048,C2028,P3008,9,40552.31,378040.75,R04
S501193,4/2/2026 0:00,E1098,C2381,P3047,4,46883.48,178715.73,R03
S501194,6/8/2026 0:00,E1090,C2157,P3010,7,45872.45,299148.25,R03
S501195,5/4/2026 0:00,E1114,C2343,P3005,11,21544.25,240736.46,R05
S501196,8/14/2026 0:00,E1049,C2402,P3052,7,64744.08,419912.43,R04
S501197,3/2/2026 0:00,E1046,C2419,P3048,4,34019.63,127650.13,R04
S501198,9/5/2026 0:00,E1010,C2333,P3053,5,16451.3,75272.65,R05
S501199,7/26/2026 0:00,E1106,C2332,P3026,11,41379.43,427945.76,R02
S501200,2/17/2026 0:00,E1116,C2175,P3022,9,19428.07,168129.59,R06
S501201,6/2/2026 0:00,E1089,C2114,P3044,7,31924.43,203274.52,R06
S501202,6/13/2026 0:00,E1052,C2389,P3023,7,72228.78,521151.91,R05
S501203,5/16/2026 0:00,E1079,C2331,P3013,10,31162.8,304476.52,R02
S501204,7/20/2026 0:00,E1062,C2250,P3009,7,23520.25,162701.54,R02
S501205,2/27/2026 0:00,E1098,C2059,P3049,9,44098.98,379305.72,R03
S501206,4/11/2026 0:00,E1116,C2203,P3020,5,8239.05,41214.83,R06
S501207,4/22/2026 0:00,E1016,C2315,P3028,6,47578.07,275410.59,R02
S501208,6/22/2026 0:00,E1037,C2239,P3044,3,31924.43,97132.99,R02
S501209,3/3/2026 0:00,E1115,C2234,P3057,1,45630.28,46689.37,R04
S501210,2/8/2026 0:00,E1065,C2303,P3037,11,63029.63,693864.9,R02
S501211,8/12/2026 0:00,E1071,C2095,P3024,2,36395.04,70875.73,R05
S501212,2/27/2026 0:00,E1088,C2141,P3044,8,31924.43,259824.1,R04
S501213,9/1/2026 0:00,E1082,C2334,P3033,1,17298.96,16851.66,R04
S501214,7/28/2026 0:00,E1043,C2113,P3020,10,8239.05,75529.55,R01
S501215,4/9/2026 0:00,E1076,C2109,P3060,7,29470.22,189262.39,R05
S501216,8/17/2026 0:00,E1025,C2362,P3048,5,34019.63,177291.17,R03
S501217,7/30/2026 0:00,E1084,C2345,P3030,6,45220.48,252882.27,R01
S501218,7/11/2026 0:00,E1051,C2289,P3044,8,31924.43,261113.42,R06
S501219,2/13/2026 0:00,E1019,C2097,P3009,4,23520.25,88154.44,R03
S501220,1/29/2026 0:00,E1008,C2446,P3045,6,50149.35,290249.5,R06
S501221,2/28/2026 0:00,E1005,C2335,P3049,11,44098.98,484236.1,R02
S501222,3/12/2026 0:00,E1092,C2016,P3017,3,13812.52,38281.26,R05
S501223,4/2/2026 0:00,E1071,C2044,P3036,7,30974.38,219116.13,R05
S501224,1/9/2026 0:00,E1062,C2442,P3014,2,9360.99,18787.26,R02
S501225,5/7/2026 0:00,E1057,C2376,P3019,8,53251.21,418112.5,R01
S501226,8/8/2026 0:00,E1017,C2230,P3007,7,60276.19,415555.16,R02
S501227,5/14/2026 0:00,E1101,C2390,P3059,8,17588.05,128866.34,R01
S501228,6/6/2026 0:00,E1092,C2108,P3003,2,36568.91,70606.69,R05
S501229,7/5/2026 0:00,E1084,C2217,P3033,3,17298.96,47381.11,R01
S501230,5/25/2026 0:00,E1030,C2399,P3044,4,31924.43,120824.96,R01
S501231,5/24/2026 0:00,E1024,C2260,P3032,9,66344.43,618026.32,R02
S501232,8/3/2026 0:00,E1119,C2312,P3047,5,46883.48,231177.75,R06
S501233,8/11/2026 0:00,E1015,C2320,P3011,6,53782.26,326374.05,R02
S501234,5/11/2026 0:00,E1081,C2196,P3042,1,20791.75,20502.39,R06
S501235,1/21/2026 0:00,E1051,C2418,P3002,4,7831.21,29105.02,R06
S501236,3/5/2026 0:00,E1034,C2095,P3026,4,41379.43,163733.65,R06
S501237,3/31/2026 0:00,E1026,C2056,P3004,10,19444.05,197028.16,R05
S501238,2/5/2026 0:00,E1022,C2032,P3017,8,13812.52,101744.21,R01
S501239,8/22/2026 0:00,E1018,C2231,P3017,8,13812.52,112990.39,R04
S501240,8/17/2026 0:00,E1024,C2372,P3028,10,47578.07,467839.36,R02
S501241,9/2/2026 0:00,E1059,C2009,P3030,6,45220.48,244364.59,R01
S501242,8/2/2026 0:00,E1109,C2191,P3040,8,17956.07,140483.52,R02
S501243,3/3/2026 0:00,E1083,C2361,P3023,9,72228.78,623634.59,R02
S501244,6/19/2026 0:00,E1060,C2200,P3046,5,7391.26,34904,R02
S501245,3/17/2026 0:00,E1015,C2334,P3024,1,36395.04,36966.03,R02
S501246,6/19/2026 0:00,E1095,C2161,P3029,1,71367.4,73859.91,R05
S501247,7/8/2026 0:00,E1021,C2087,P3004,2,19444.05,39448.01,R04
S501248,1/13/2026 0:00,E1031,C2021,P3038,2,67526.73,138702.05,R04
S501249,1/11/2026 0:00,E1020,C2311,P3029,5,71367.4,369796.3,R02
S501250,2/23/2026 0:00,E1055,C2076,P3019,7,53251.21,386511.17,R04
S501251,1/16/2026 0:00,E1105,C2441,P3027,7,3495.09,22439.77,R06
S501252,1/8/2026 0:00,E1058,C2386,P3029,4,71367.4,276465.27,R02
S501253,4/14/2026 0:00,E1079,C2141,P3056,4,48237.37,173662.82,R02
S501254,2/28/2026 0:00,E1084,C2126,P3036,11,30974.38,332530.51,R01
S501255,2/26/2026 0:00,E1024,C2251,P3035,10,45920.83,476950.54,R02
S501256,2/9/2026 0:00,E1064,C2388,P3052,3,64744.08,180609.83,R02
S501257,8/25/2026 0:00,E1112,C2084,P3006,11,23219.92,254389.27,R02
S501258,7/6/2026 0:00,E1034,C2434,P3059,2,17588.05,35058.5,R06
S501259,5/10/2026 0:00,E1105,C2371,P3023,3,72228.78,200229.68,R06
S501260,4/4/2026 0:00,E1106,C2048,P3039,8,26668.25,199644.73,R02
S501261,8/10/2026 0:00,E1019,C2379,P3046,1,7391.26,7164.37,R03
S501262,7/23/2026 0:00,E1075,C2078,P3044,4,31924.43,118533.03,R05
S501263,5/18/2026 0:00,E1034,C2030,P3048,7,34019.63,235220.01,R06
S501264,2/13/2026 0:00,E1033,C2285,P3052,5,64744.08,314876.77,R01
S501265,5/19/2026 0:00,E1063,C2136,P3008,2,40552.31,79310.56,R05
S501266,7/26/2026 0:00,E1056,C2140,P3055,1,2016.98,1855.96,R06
S501267,3/21/2026 0:00,E1018,C2041,P3002,6,7831.21,45934.17,R04
S501268,3/22/2026 0:00,E1020,C2282,P3013,5,31162.8,141389.01,R02
S501269,8/6/2026 0:00,E1093,C2050,P3040,3,17956.07,55604.4,R05
S501270,1/2/2026 0:00,E1072,C2258,P3057,11,45630.28,477583.03,R02
S501271,6/27/2026 0:00,E1101,C2311,P3021,11,42656.59,482572.15,R01
S501272,5/20/2026 0:00,E1103,C2360,P3031,11,61484.37,679877.75,R02
S501273,4/25/2026 0:00,E1035,C2440,P3052,9,64744.08,591393.99,R06
S501274,3/31/2026 0:00,E1086,C2270,P3048,3,34019.63,96668.31,R02
S501275,1/23/2026 0:00,E1026,C2134,P3036,2,30974.38,57870.15,R05
S501276,5/26/2026 0:00,E1070,C2234,P3048,5,34019.63,163466.21,R06
S501277,3/3/2026 0:00,E1076,C2128,P3052,9,64744.08,526544.5,R05
S501278,8/12/2026 0:00,E1076,C2104,P3038,8,67526.73,560641.14,R05
S501279,4/23/2026 0:00,E1090,C2254,P3027,6,3495.09,20090.87,R03
S501280,5/8/2026 0:00,E1087,C2095,P3036,3,30974.38,97409.79,R05
S501281,3/3/2026 0:00,E1012,C2337,P3048,6,34019.63,207019.81,R06
S501282,2/7/2026 0:00,E1093,C2217,P3023,5,72228.78,329391.14,R05
S501283,8/27/2026 0:00,E1017,C2061,P3055,1,2016.98,2015.02,R02
S501284,7/14/2026 0:00,E1092,C2268,P3021,5,42656.59,200619.46,R05
S501285,6/15/2026 0:00,E1063,C2241,P3013,7,31162.8,204300.34,R05
S501286,7/14/2026 0:00,E1096,C2013,P3037,9,63029.63,532370.92,R03
S501287,8/10/2026 0:00,E1115,C2147,P3047,1,46883.48,48637.45,R04
S501288,3/2/2026 0:00,E1082,C2428,P3026,3,41379.43,121034.46,R04
S501289,5/9/2026 0:00,E1008,C2240,P3040,8,17956.07,143708.98,R06
S501290,8/10/2026 0:00,E1017,C2089,P3007,6,60276.19,340732.44,R02
S501291,6/22/2026 0:00,E1101,C2095,P3046,5,7391.26,36159.64,R01
S501292,8/12/2026 0:00,E1017,C2315,P3039,10,26668.25,254019.09,R02
S501293,6/5/2026 0:00,E1042,C2293,P3022,2,19428.07,36842.26,R03
S501294,5/29/2026 0:00,E1013,C2025,P3039,3,26668.25,74968.08,R05
S501295,5/2/2026 0:00,E1036,C2272,P3023,2,72228.78,138874.42,R05
S501296,4/20/2026 0:00,E1115,C2166,P3058,1,41115.63,41074.7,R04
S501297,1/13/2026 0:00,E1022,C2427,P3030,7,45220.48,295432,R01
S501298,6/4/2026 0:00,E1052,C2250,P3018,3,39505.96,123829.45,R05
S501299,4/10/2026 0:00,E1045,C2087,P3042,7,20791.75,133708.46,R02
S501300,5/15/2026 0:00,E1102,C2142,P3018,7,39505.96,268807.15,R04
S501301,1/22/2026 0:00,E1114,C2134,P3046,8,7391.26,53971.23,R05
S501302,3/15/2026 0:00,E1018,C2279,P3010,1,45872.45,41441.16,R04
S501303,8/19/2026 0:00,E1033,C2126,P3039,5,26668.25,138461.77,R01
S501304,6/30/2026 0:00,E1043,C2316,P3030,10,45220.48,461953.3,R01
S501305,7/26/2026 0:00,E1007,C2396,P3026,9,41379.43,373950.45,R01
S501306,7/26/2026 0:00,E1090,C2141,P3007,11,60276.19,682782.45,R03
S501307,5/12/2026 0:00,E1028,C2356,P3007,7,60276.19,430552.27,R04
S501308,8/12/2026 0:00,E1021,C2103,P3005,1,21544.25,21481.46,R04
S501309,1/23/2026 0:00,E1026,C2226,P3001,8,26533.8,218023.21,R05
S501310,4/29/2026 0:00,E1068,C2390,P3046,3,7391.26,21256.23,R05
S501311,3/11/2026 0:00,E1010,C2063,P3018,4,39505.96,155323.65,R05
S501312,8/4/2026 0:00,E1094,C2294,P3013,4,31162.8,126701.29,R04
S501313,3/25/2026 0:00,E1055,C2384,P3025,10,60497.94,552176.62,R04
S501314,4/11/2026 0:00,E1063,C2306,P3040,8,17956.07,147785.18,R05
S501315,3/25/2026 0:00,E1039,C2254,P3008,1,40552.31,37451.05,R04
S501316,7/23/2026 0:00,E1004,C2180,P3010,8,45872.45,377871.99,R04
S501317,6/10/2026 0:00,E1086,C2040,P3032,9,66344.43,565274.41,R02
S501318,1/28/2026 0:00,E1072,C2264,P3017,9,13812.52,117974.9,R02
S501319,5/16/2026 0:00,E1105,C2189,P3038,5,67526.73,307615.42,R06
S501320,1/1/2026 0:00,E1099,C2008,P3015,4,13790.91,56977.69,R01
S501321,6/14/2026 0:00,E1057,C2104,P3015,4,13790.91,51091.27,R01
S501322,3/4/2026 0:00,E1002,C2225,P3057,9,45630.28,408416.9,R06
S501323,1/22/2026 0:00,E1103,C2034,P3048,8,34019.63,271230.38,R02
S501324,3/11/2026 0:00,E1072,C2236,P3040,10,17956.07,169177.19,R02
S501325,5/5/2026 0:00,E1047,C2228,P3051,10,55331.31,579788.66,R02
S501326,5/29/2026 0:00,E1100,C2188,P3020,7,8239.05,52461.12,R01
S501327,4/6/2026 0:00,E1049,C2313,P3015,3,13790.91,41007.86,R04
S501328,6/12/2026 0:00,E1081,C2430,P3035,4,45920.83,178527.62,R06
S501329,3/20/2026 0:00,E1111,C2022,P3006,9,23219.92,195776.52,R02
S501330,1/5/2026 0:00,E1027,C2343,P3030,8,45220.48,334462.52,R02
S501331,3/1/2026 0:00,E1015,C2040,P3057,1,45630.28,46112.26,R02
S501332,4/30/2026 0:00,E1056,C2173,P3008,3,40552.31,126212.65,R06
S501333,2/15/2026 0:00,E1073,C2439,P3031,10,61484.37,563277.95,R01
S501334,6/27/2026 0:00,E1048,C2179,P3048,2,34019.63,63215.07,R04
S501335,6/25/2026 0:00,E1032,C2086,P3047,2,46883.48,98262.19,R02
S501336,5/14/2026 0:00,E1090,C2133,P3032,8,66344.43,478875.9,R03
S501337,8/5/2026 0:00,E1061,C2351,P3045,6,50149.35,293746.15,R03
S501338,2/25/2026 0:00,E1097,C2013,P3058,6,41115.63,241122.68,R04
S501339,4/20/2026 0:00,E1030,C2028,P3052,4,64744.08,243301.58,R01
S501340,7/6/2026 0:00,E1108,C2084,P3015,1,13790.91,13783.38,R05
S501341,9/5/2026 0:00,E1098,C2318,P3018,11,39505.96,452704.82,R03
S501342,8/20/2026 0:00,E1018,C2349,P3013,7,31162.8,211057.06,R04
S501343,6/6/2026 0:00,E1015,C2343,P3024,8,36395.04,294774.47,R02
S501344,7/18/2026 0:00,E1106,C2280,P3040,2,17956.07,35801.19,R02
S501345,4/14/2026 0:00,E1037,C2354,P3014,2,9360.99,18177.94,R02
S501346,3/18/2026 0:00,E1060,C2263,P3028,1,47578.07,43175.76,R02
S501347,8/18/2026 0:00,E1114,C2166,P3011,4,53782.26,217551.92,R05
S501348,5/26/2026 0:00,E1025,C2293,P3006,6,23219.92,132978.77,R03
S501349,1/2/2026 0:00,E1111,C2068,P3056,5,48237.37,225189.94,R02
S501350,1/8/2026 0:00,E1065,C2226,P3025,4,60497.94,252213.56,R02
S501351,3/16/2026 0:00,E1120,C2170,P3001,4,26533.8,107836.06,R04
S501352,8/13/2026 0:00,E1093,C2086,P3025,10,60497.94,631804.37,R05
S501353,7/1/2026 0:00,E1026,C2133,P3002,7,7831.21,51443.44,R05
S501354,5/5/2026 0:00,E1061,C2448,P3032,7,66344.43,476192.65,R03
S501355,2/7/2026 0:00,E1033,C2178,P3013,2,31162.8,61774.53,R01
S501356,6/25/2026 0:00,E1118,C2343,P3033,7,17298.96,126811.39,R02
S501357,1/27/2026 0:00,E1084,C2252,P3032,2,66344.43,138254.83,R01
S501358,1/20/2026 0:00,E1112,C2015,P3056,4,48237.37,201814.58,R02
S501359,5/20/2026 0:00,E1019,C2223,P3024,1,36395.04,37951.48,R03
S501360,2/12/2026 0:00,E1038,C2379,P3027,5,3495.09,15747.99,R01
S501361,7/8/2026 0:00,E1027,C2201,P3004,1,19444.05,19661.1,R02
S501362,1/31/2026 0:00,E1010,C2107,P3024,4,36395.04,136960.39,R05
S501363,4/1/2026 0:00,E1101,C2250,P3023,9,72228.78,653799.5,R01
S501364,8/12/2026 0:00,E1066,C2437,P3029,8,71367.4,597825.69,R04
S501365,3/2/2026 0:00,E1074,C2409,P3034,6,16100.35,87512.22,R05
S501366,7/21/2026 0:00,E1021,C2089,P3021,8,42656.59,336150.37,R04
S501367,7/14/2026 0:00,E1056,C2125,P3030,5,45220.48,228418.36,R06
S501368,4/19/2026 0:00,E1108,C2113,P3026,7,41379.43,271698.44,R05
S501369,4/1/2026 0:00,E1088,C2137,P3020,8,8239.05,61546.91,R04
S501370,6/12/2026 0:00,E1085,C2247,P3016,7,51163.56,325572.29,R02
S501371,4/5/2026 0:00,E1031,C2166,P3003,4,36568.91,133708.8,R04
S501372,5/23/2026 0:00,E1055,C2150,P3049,5,44098.98,220166.91,R04
S501373,5/24/2026 0:00,E1094,C2363,P3037,10,63029.63,615031.53,R04
S501374,1/13/2026 0:00,E1101,C2343,P3058,6,41115.63,223137.2,R01
S501375,4/23/2026 0:00,E1109,C2433,P3040,11,17956.07,206493.76,R02
S501376,2/4/2026 0:00,E1065,C2068,P3044,6,31924.43,191241.42,R02
S501377,9/1/2026 0:00,E1012,C2221,P3025,9,60497.94,532132.78,R06
S501378,7/22/2026 0:00,E1032,C2271,P3023,10,72228.78,679606.83,R02
S501379,7/6/2026 0:00,E1051,C2321,P3044,2,31924.43,63766.8,R06
S501380,5/29/2026 0:00,E1114,C2310,P3059,6,17588.05,100739.97,R05
S501381,8/31/2026 0:00,E1105,C2414,P3001,3,26533.8,80029.19,R06
S501382,7/1/2026 0:00,E1102,C2349,P3033,2,17298.96,34680.46,R04
S501383,7/22/2026 0:00,E1096,C2020,P3015,6,13790.91,75622.03,R03
S501384,6/7/2026 0:00,E1089,C2289,P3017,4,13812.52,57260.58,R06
S501385,2/17/2026 0:00,E1020,C2100,P3034,5,16100.35,78331.92,R02
S501386,9/2/2026 0:00,E1013,C2252,P3017,5,13812.52,66227.01,R05
S501387,2/4/2026 0:00,E1016,C2077,P3052,3,64744.08,202646.25,R02
S501388,3/27/2026 0:00,E1032,C2135,P3058,4,41115.63,158826.62,R02
S501389,6/15/2026 0:00,E1045,C2392,P3041,3,58594.28,177221.3,R02
S501390,6/8/2026 0:00,E1103,C2412,P3044,7,31924.43,223084.51,R02
S501391,7/25/2026 0:00,E1038,C2173,P3004,1,19444.05,17981.29,R01
S501392,6/1/2026 0:00,E1081,C2363,P3013,6,31162.8,196077.23,R06
S501393,4/24/2026 0:00,E1030,C2201,P3004,4,19444.05,75407.19,R01
S501394,6/26/2026 0:00,E1116,C2217,P3007,1,60276.19,57817.97,R06
S501395,8/12/2026 0:00,E1109,C2376,P3046,1,7391.26,7671.7,R02
S501396,4/10/2026 0:00,E1027,C2208,P3059,5,17588.05,86127.43,R02
S501397,6/9/2026 0:00,E1110,C2074,P3009,5,23520.25,118278.81,R01
S501398,7/2/2026 0:00,E1003,C2011,P3023,10,72228.78,741744,R05
S501399,7/26/2026 0:00,E1086,C2287,P3033,7,17298.96,113260.95,R02
S501400,8/23/2026 0:00,E1016,C2256,P3033,4,17298.96,64035.21,R02
S501401,7/5/2026 0:00,E1118,C2012,P3020,9,8239.05,67498.29,R02
S501402,4/9/2026 0:00,E1005,C2380,P3004,4,19444.05,80464.92,R02
S501403,1/3/2026 0:00,E1088,C2078,P3001,7,26533.8,172745.27,R04
S501404,7/27/2026 0:00,E1052,C2435,P3054,5,7404.66,35030.08,R05
S501405,7/16/2026 0:00,E1039,C2172,P3042,5,20791.75,98019.69,R04
S501406,3/26/2026 0:00,E1024,C2096,P3034,6,16100.35,91355.47,R02
S501407,5/5/2026 0:00,E1061,C2306,P3027,8,3495.09,27966.57,R03
S501408,5/18/2026 0:00,E1092,C2373,P3021,5,42656.59,222479.08,R05
S501409,3/24/2026 0:00,E1117,C2273,P3024,3,36395.04,103662.32,R05
S501410,1/25/2026 0:00,E1077,C2419,P3015,6,13790.91,79530.56,R05
S501411,3/9/2026 0:00,E1029,C2385,P3035,2,45920.83,93281.01,R04
S501412,3/2/2026 0:00,E1068,C2413,P3025,8,60497.94,466971.83,R05
S501413,1/29/2026 0:00,E1009,C2179,P3055,8,2016.98,16763.63,R04
S501414,5/7/2026 0:00,E1030,C2064,P3009,3,23520.25,68830.79,R01
S501415,1/19/2026 0:00,E1012,C2132,P3017,8,13812.52,105213.86,R06
S501416,6/20/2026 0:00,E1103,C2343,P3021,9,42656.59,401467.74,R02
S501417,7/13/2026 0:00,E1019,C2412,P3060,5,29470.22,142026.9,R03
S501418,3/15/2026 0:00,E1057,C2272,P3013,5,31162.8,145635.64,R01
S501419,3/2/2026 0:00,E1052,C2319,P3003,6,36568.91,203320.61,R05
S501420,6/20/2026 0:00,E1015,C2332,P3004,7,19444.05,142815.39,R02
S501421,6/2/2026 0:00,E1120,C2437,P3004,3,19444.05,59087.44,R04
S501422,1/20/2026 0:00,E1076,C2341,P3043,5,61740.42,296755.01,R05
S501423,2/17/2026 0:00,E1101,C2109,P3028,1,47578.07,48717.78,R01
S501424,7/30/2026 0:00,E1010,C2273,P3007,11,60276.19,651117.27,R05
S501425,3/28/2026 0:00,E1101,C2168,P3026,10,41379.43,392114.97,R01
S501426,6/1/2026 0:00,E1012,C2397,P3011,5,53782.26,272005.9,R06
S501427,5/19/2026 0:00,E1065,C2180,P3024,4,36395.04,147310.27,R02
S501428,4/20/2026 0:00,E1110,C2058,P3043,1,61740.42,60198.48,R01
S501429,8/14/2026 0:00,E1078,C2421,P3010,7,45872.45,291171.53,R01
S501430,7/2/2026 0:00,E1069,C2079,P3037,1,63029.63,57454.87,R01
S501431,1/28/2026 0:00,E1055,C2061,P3013,8,31162.8,253867.73,R04
S501432,7/16/2026 0:00,E1041,C2369,P3044,10,31924.43,326753.39,R01
S501433,7/10/2026 0:00,E1080,C2121,P3042,2,20791.75,41656,R01
S501434,2/28/2026 0:00,E1058,C2207,P3039,10,26668.25,273578.99,R02
S501435,5/13/2026 0:00,E1029,C2034,P3019,5,53251.21,268365.63,R04
S501436,2/20/2026 0:00,E1077,C2070,P3051,6,55331.31,343454.78,R05
S501437,5/29/2026 0:00,E1041,C2017,P3019,9,53251.21,442146.8,R01
S501438,1/12/2026 0:00,E1026,C2020,P3012,7,20628.64,138358.94,R05
S501439,2/19/2026 0:00,E1022,C2315,P3052,6,64744.08,376661.62,R01
S501440,5/12/2026 0:00,E1011,C2069,P3022,5,19428.07,91763.59,R01
S501441,9/3/2026 0:00,E1045,C2215,P3047,6,46883.48,283777.73,R02
S501442,4/23/2026 0:00,E1016,C2161,P3037,11,63029.63,718885.96,R02
S501443,6/19/2026 0:00,E1085,C2102,P3056,4,48237.37,185592.77,R02
S501444,7/31/2026 0:00,E1050,C2376,P3030,1,45220.48,47084.98,R02
S501445,6/15/2026 0:00,E1088,C2206,P3046,9,7391.26,65025.63,R04
S501446,6/2/2026 0:00,E1022,C2145,P3012,11,20628.64,222008.53,R01
S501447,1/14/2026 0:00,E1062,C2057,P3029,5,71367.4,353280.38,R02
S501448,7/22/2026 0:00,E1118,C2083,P3021,8,42656.59,320862.75,R02
S501449,2/1/2026 0:00,E1110,C2385,P3011,7,53782.26,360477.13,R01
S501450,5/19/2026 0:00,E1098,C2269,P3060,8,29470.22,231750.42,R03
S501451,7/8/2026 0:00,E1052,C2411,P3037,1,63029.63,65632.59,R05
S501452,5/26/2026 0:00,E1024,C2187,P3048,9,34019.63,305075.62,R02
S501453,6/4/2026 0:00,E1014,C2006,P3058,1,41115.63,39058.51,R02
S501454,2/24/2026 0:00,E1071,C2353,P3018,3,39505.96,106852.2,R05
S501455,7/1/2026 0:00,E1005,C2350,P3044,8,31924.43,267462.84,R02
S501456,7/29/2026 0:00,E1094,C2110,P3059,11,17588.05,188428.25,R04
S501457,4/30/2026 0:00,E1080,C2407,P3027,1,3495.09,3637.6,R01
S501458,8/3/2026 0:00,E1074,C2138,P3037,1,63029.63,61920.42,R05
S501459,3/16/2026 0:00,E1010,C2051,P3048,6,34019.63,202243.92,R05
S501460,1/21/2026 0:00,E1117,C2403,P3012,5,20628.64,103843.22,R05
S501461,6/21/2026 0:00,E1036,C2051,P3023,11,72228.78,753318,R05
S501462,5/13/2026 0:00,E1103,C2087,P3034,6,16100.35,97070.39,R02
S501463,3/28/2026 0:00,E1022,C2068,P3038,3,67526.73,198329.81,R01
S501464,6/18/2026 0:00,E1060,C2084,P3023,10,72228.78,722917.63,R02
S501465,2/28/2026 0:00,E1019,C2042,P3053,10,16451.3,168687.52,R03
S501466,3/30/2026 0:00,E1099,C2219,P3025,6,60497.94,336719.81,R01
S501467,8/21/2026 0:00,E1074,C2057,P3004,2,19444.05,38578.26,R05
S501468,7/1/2026 0:00,E1117,C2226,P3030,8,45220.48,328415.26,R05
S501469,7/21/2026 0:00,E1115,C2196,P3030,6,45220.48,248346.52,R04
S501470,5/30/2026 0:00,E1083,C2248,P3013,4,31162.8,124799.43,R02
S501471,3/24/2026 0:00,E1045,C2166,P3042,4,20791.75,75735.25,R02
S501472,3/6/2026 0:00,E1097,C2062,P3049,11,44098.98,479900.11,R04
S501473,3/5/2026 0:00,E1100,C2263,P3014,7,9360.99,61136.75,R01
S501474,3/12/2026 0:00,E1007,C2112,P3056,3,48237.37,136841.61,R01
S501475,1/4/2026 0:00,E1088,C2253,P3047,11,46883.48,474174.84,R04
S501476,7/12/2026 0:00,E1080,C2199,P3008,3,40552.31,114029.06,R01
S501477,5/23/2026 0:00,E1069,C2178,P3055,6,2016.98,12382.57,R01
S501478,4/14/2026 0:00,E1013,C2436,P3024,9,36395.04,326190.03,R05
S501479,7/23/2026 0:00,E1102,C2026,P3018,1,39505.96,41183.54,R04
S501480,5/30/2026 0:00,E1013,C2410,P3035,5,45920.83,208322.54,R05
S501481,8/2/2026 0:00,E1111,C2246,P3025,1,60497.94,61639.04,R02
S501482,8/30/2026 0:00,E1068,C2019,P3017,1,13812.52,13879.67,R05
S501483,6/24/2026 0:00,E1003,C2265,P3032,3,66344.43,186918.9,R05
S501484,7/28/2026 0:00,E1016,C2317,P3056,3,48237.37,146068.79,R02
S501485,4/3/2026 0:00,E1024,C2020,P3024,4,36395.04,146669.43,R02
S501486,6/23/2026 0:00,E1030,C2106,P3007,3,60276.19,175205.12,R01
S501487,5/22/2026 0:00,E1083,C2237,P3013,6,31162.8,187593.06,R02
S501488,6/27/2026 0:00,E1098,C2306,P3027,4,3495.09,13514.63,R03
S501489,5/28/2026 0:00,E1008,C2246,P3048,8,34019.63,258639.5,R06
S501490,6/27/2026 0:00,E1096,C2081,P3005,1,21544.25,20897.35,R03
S501491,4/22/2026 0:00,E1029,C2150,P3036,8,30974.38,256286.83,R04
S501492,6/10/2026 0:00,E1015,C2397,P3026,11,41379.43,435914.22,R02
S501493,4/29/2026 0:00,E1046,C2396,P3042,1,20791.75,19971.58,R04
S501494,2/28/2026 0:00,E1031,C2010,P3045,11,50149.35,546821.76,R04
S501495,2/12/2026 0:00,E1083,C2321,P3031,1,61484.37,62280.59,R02
S501496,7/26/2026 0:00,E1033,C2224,P3010,7,45872.45,324380.24,R01
S501497,1/12/2026 0:00,E1112,C2414,P3046,1,7391.26,6674.08,R02
S501498,2/9/2026 0:00,E1072,C2264,P3026,9,41379.43,373573.94,R02
S501499,4/28/2026 0:00,E1117,C2149,P3022,8,19428.07,150386.18,R05
S501500,1/20/2026 0:00,E1090,C2278,P3012,1,20628.64,20187.47,R03
S501501,8/10/2026 0:00,E1007,C2274,P3032,2,66344.43,130598.94,R01
S501502,6/15/2026 0:00,E1028,C2194,P3027,2,3495.09,7058.39,R04
S501503,5/11/2026 0:00,E1084,C2432,P3033,2,17298.96,35452.49,R01
S501504,6/5/2026 0:00,E1090,C2172,P3053,6,16451.3,98405.67,R03
S501505,7/3/2026 0:00,E1103,C2265,P3052,4,64744.08,254984.48,R02
S501506,3/31/2026 0:00,E1025,C2023,P3020,8,8239.05,63016.56,R03
S501507,4/4/2026 0:00,E1104,C2310,P3039,1,26668.25,24552.97,R04
S501508,1/13/2026 0:00,E1035,C2026,P3041,10,58594.28,611599.27,R06
S501509,7/24/2026 0:00,E1042,C2350,P3040,4,17956.07,69617.58,R03
S501510,3/7/2026 0:00,E1049,C2356,P3059,10,17588.05,173230.3,R04
S501511,2/6/2026 0:00,E1081,C2026,P3013,11,31162.8,347130.86,R06
S501512,6/26/2026 0:00,E1077,C2034,P3014,5,9360.99,42604.75,R05
S501513,8/18/2026 0:00,E1088,C2264,P3044,9,31924.43,295437.13,R04
S501514,3/7/2026 0:00,E1120,C2138,P3040,5,17956.07,91535.9,R04
S501515,2/5/2026 0:00,E1025,C2304,P3053,11,16451.3,183889.46,R03
S501516,7/1/2026 0:00,E1067,C2183,P3022,3,19428.07,52647.98,R01
S501517,1/26/2026 0:00,E1019,C2363,P3018,11,39505.96,425430.05,R03
S501518,3/16/2026 0:00,E1046,C2242,P3048,4,34019.63,123578.38,R04
S501519,7/19/2026 0:00,E1078,C2054,P3029,10,71367.4,701278.12,R01
S501520,4/18/2026 0:00,E1059,C2168,P3043,7,61740.42,435539.81,R01
S501521,6/17/2026 0:00,E1109,C2119,P3016,1,51163.56,46982.35,R02
S501522,2/12/2026 0:00,E1029,C2143,P3046,11,7391.26,81647.98,R04
S501523,5/30/2026 0:00,E1106,C2081,P3035,6,45920.83,266551.11,R02
S501524,5/28/2026 0:00,E1073,C2245,P3053,8,16451.3,134470.68,R01
S501525,1/8/2026 0:00,E1024,C2402,P3034,1,16100.35,15778.96,R02
S501526,1/29/2026 0:00,E1087,C2352,P3003,8,36568.91,278046.07,R05
S501527,2/9/2026 0:00,E1035,C2358,P3004,7,19444.05,129275.54,R06
S501528,8/6/2026 0:00,E1012,C2407,P3054,1,7404.66,7661.03,R06
S501529,6/7/2026 0:00,E1088,C2062,P3005,9,21544.25,187680.08,R04
S501530,7/28/2026 0:00,E1108,C2046,P3010,11,45872.45,484848.58,R05
S501531,5/8/2026 0:00,E1036,C2087,P3052,3,64744.08,175970.73,R05
S501532,3/25/2026 0:00,E1118,C2099,P3029,2,71367.4,136261.59,R02
S501533,4/26/2026 0:00,E1095,C2295,P3032,7,66344.43,477156.33,R05
S501534,7/2/2026 0:00,E1044,C2399,P3031,11,61484.37,685896.86,R06
S501535,5/24/2026 0:00,E1029,C2053,P3002,3,7831.21,21922.77,R04
S501536,6/23/2026 0:00,E1084,C2192,P3012,1,20628.64,19843.9,R01
S501537,3/3/2026 0:00,E1080,C2447,P3027,10,3495.09,32486.41,R01
S501538,8/23/2026 0:00,E1084,C2080,P3005,3,21544.25,67420.52,R01
S501539,1/7/2026 0:00,E1094,C2016,P3037,6,63029.63,374289.24,R04
S501540,7/27/2026 0:00,E1025,C2360,P3027,3,3495.09,10623.19,R03
S501541,2/14/2026 0:00,E1009,C2326,P3023,5,72228.78,363697.66,R04
S501542,7/6/2026 0:00,E1108,C2194,P3033,9,17298.96,160525.36,R05
S501543,8/27/2026 0:00,E1120,C2141,P3004,7,19444.05,141879.23,R04
S501544,7/3/2026 0:00,E1111,C2108,P3059,2,17588.05,31829.69,R02
S501545,6/25/2026 0:00,E1055,C2303,P3021,1,42656.59,44631.38,R04
S501546,6/4/2026 0:00,E1074,C2265,P3024,7,36395.04,262556.35,R05
S501547,6/30/2026 0:00,E1005,C2447,P3044,4,31924.43,122263.17,R02
S501548,8/3/2026 0:00,E1093,C2290,P3031,11,61484.37,693615.28,R05
S501549,3/29/2026 0:00,E1102,C2209,P3044,7,31924.43,225813.81,R04
S501550,3/14/2026 0:00,E1006,C2413,P3048,6,34019.63,207989.31,R02
S501551,6/12/2026 0:00,E1099,C2165,P3024,7,36395.04,237722.41,R01
S501552,6/28/2026 0:00,E1051,C2427,P3049,4,44098.98,175916.93,R06
S501553,7/31/2026 0:00,E1100,C2342,P3053,3,16451.3,44610.44,R01
S501554,2/6/2026 0:00,E1031,C2371,P3010,5,45872.45,235608.79,R04
S501555,8/22/2026 0:00,E1074,C2320,P3049,3,44098.98,137940.26,R05
S501556,7/28/2026 0:00,E1105,C2152,P3049,3,44098.98,132206.78,R06
S501557,8/27/2026 0:00,E1065,C2290,P3050,4,12809.06,50052.71,R02
S501558,8/11/2026 0:00,E1049,C2432,P3002,8,7831.21,63204.74,R04
S501559,4/29/2026 0:00,E1027,C2268,P3031,2,61484.37,116691.7,R02
S501560,2/26/2026 0:00,E1059,C2151,P3025,4,60497.94,240529.69,R01
S501561,1/8/2026 0:00,E1038,C2207,P3004,11,19444.05,215562.68,R01
S501562,7/26/2026 0:00,E1100,C2255,P3051,3,55331.31,152947.16,R01
S501563,4/5/2026 0:00,E1008,C2353,P3011,7,53782.26,346738.07,R06
S501564,4/27/2026 0:00,E1042,C2377,P3017,2,13812.52,27830.04,R03
S501565,8/10/2026 0:00,E1094,C2141,P3044,1,31924.43,30799.65,R04
S501566,4/20/2026 0:00,E1041,C2343,P3002,10,7831.21,80926.18,R01
S501567,1/20/2026 0:00,E1064,C2358,P3006,1,23219.92,21984.41,R02
S501568,5/4/2026 0:00,E1105,C2096,P3009,6,23520.25,127907.53,R06
S501569,8/19/2026 0:00,E1094,C2429,P3005,3,21544.25,64469.97,R04
S501570,2/22/2026 0:00,E1080,C2370,P3020,7,8239.05,57825.37,R01
S501571,4/29/2026 0:00,E1055,C2227,P3029,8,71367.4,561255.35,R04
S501572,1/12/2026 0:00,E1116,C2193,P3021,5,42656.59,213816.14,R06
S501573,6/26/2026 0:00,E1104,C2303,P3009,5,23520.25,115080.25,R04
S501574,1/17/2026 0:00,E1005,C2314,P3028,2,47578.07,95526.77,R02
S501575,3/5/2026 0:00,E1108,C2389,P3055,8,2016.98,14628.6,R05
S501576,2/11/2026 0:00,E1084,C2377,P3008,10,40552.31,387379.84,R01
S501577,4/4/2026 0:00,E1110,C2118,P3031,1,61484.37,57280.22,R01
S501578,6/6/2026 0:00,E1114,C2005,P3020,10,8239.05,75378.98,R05
S501579,5/27/2026 0:00,E1026,C2444,P3027,9,3495.09,29414.77,R05
S501580,8/26/2026 0:00,E1008,C2352,P3008,1,40552.31,37660.79,R06
S501581,1/11/2026 0:00,E1104,C2243,P3054,1,7404.66,7745.05,R04
S501582,4/8/2026 0:00,E1029,C2021,P3021,1,42656.59,40224.39,R04
S501583,6/27/2026 0:00,E1071,C2152,P3028,7,47578.07,311279.85,R05
S501584,3/12/2026 0:00,E1069,C2128,P3023,4,72228.78,296204.79,R01
S501585,4/18/2026 0:00,E1110,C2124,P3006,7,23219.92,156503.93,R01
S501586,2/27/2026 0:00,E1097,C2146,P3003,5,36568.91,176119.49,R04
S501587,2/3/2026 0:00,E1113,C2277,P3005,7,21544.25,145763.44,R06
S501588,1/20/2026 0:00,E1108,C2310,P3009,10,23520.25,226377.74,R05
S501589,2/19/2026 0:00,E1021,C2394,P3007,7,60276.19,400408.32,R04
S501590,4/12/2026 0:00,E1085,C2152,P3060,4,29470.22,111155.88,R02
S501591,8/4/2026 0:00,E1114,C2360,P3004,2,19444.05,40143.95,R05
S501592,5/18/2026 0:00,E1012,C2111,P3039,8,26668.25,197186.34,R06
S501593,6/9/2026 0:00,E1106,C2116,P3005,2,21544.25,39949.91,R02
S501594,2/21/2026 0:00,E1069,C2188,P3011,9,53782.26,477146.57,R01
S501595,1/15/2026 0:00,E1089,C2057,P3015,5,13790.91,65613.62,R06
S501596,8/17/2026 0:00,E1008,C2251,P3034,9,16100.35,139574.97,R06
S501597,3/25/2026 0:00,E1024,C2384,P3013,9,31162.8,286349.92,R02
S501598,5/11/2026 0:00,E1063,C2407,P3054,8,7404.66,61342.85,R05
S501599,2/6/2026 0:00,E1073,C2150,P3048,8,34019.63,277214.55,R01
S501600,5/6/2026 0:00,E1112,C2162,P3007,4,60276.19,225490.63,R02
S501601,2/9/2026 0:00,E1035,C2120,P3040,4,17956.07,75199.71,R06
S501602,3/13/2026 0:00,E1108,C2070,P3006,2,23219.92,44325.73,R05
S501603,2/9/2026 0:00,E1020,C2412,P3056,4,48237.37,178547.74,R02
S501604,8/24/2026 0:00,E1060,C2351,P3039,4,26668.25,103998.12,R02
S501605,2/25/2026 0:00,E1010,C2099,P3050,6,12809.06,77530.13,R05
S501606,5/31/2026 0:00,E1050,C2167,P3030,3,45220.48,123789.79,R02
S501607,4/14/2026 0:00,E1117,C2298,P3022,2,19428.07,38667.42,R05
S501608,5/19/2026 0:00,E1084,C2151,P3025,8,60497.94,497879.5,R01
S501609,4/20/2026 0:00,E1043,C2326,P3028,2,47578.07,89377.04,R01
S501610,7/11/2026 0:00,E1050,C2002,P3054,8,7404.66,59472.36,R02
S501611,5/16/2026 0:00,E1047,C2152,P3020,7,8239.05,55365.63,R02
S501612,4/3/2026 0:00,E1108,C2401,P3039,3,26668.25,76974.19,R05
S501613,4/4/2026 0:00,E1026,C2365,P3003,6,36568.91,206714.27,R05
S501614,2/25/2026 0:00,E1118,C2065,P3005,6,21544.25,128445.84,R02
S501615,3/1/2026 0:00,E1080,C2326,P3001,10,26533.8,253172.22,R01
S501616,5/18/2026 0:00,E1110,C2069,P3015,5,13790.91,70653.28,R01
S501617,2/8/2026 0:00,E1026,C2121,P3026,8,41379.43,345745.27,R05
S501618,1/28/2026 0:00,E1020,C2109,P3003,11,36568.91,418454.19,R02
S501619,2/18/2026 0:00,E1041,C2316,P3040,5,17956.07,82999.17,R01
S501620,6/13/2026 0:00,E1081,C2247,P3057,7,45630.28,288150.65,R06
S501621,5/5/2026 0:00,E1082,C2434,P3041,6,58594.28,339531.68,R04
S501622,1/13/2026 0:00,E1028,C2093,P3047,11,46883.48,520531.25,R04
S501623,8/12/2026 0:00,E1106,C2268,P3042,7,20791.75,152327.18,R02
S501624,2/5/2026 0:00,E1076,C2103,P3034,9,16100.35,147440.89,R05
S501625,4/11/2026 0:00,E1065,C2431,P3052,3,64744.08,191723.23,R02
S501626,1/26/2026 0:00,E1070,C2023,P3005,10,21544.25,194749.88,R06
S501627,3/27/2026 0:00,E1117,C2112,P3031,7,61484.37,440647.27,R05
S501628,1/4/2026 0:00,E1020,C2321,P3051,10,55331.31,512684.29,R02
S501629,8/11/2026 0:00,E1029,C2411,P3013,3,31162.8,84919.34,R04
S501630,3/23/2026 0:00,E1087,C2304,P3043,2,61740.42,126883.21,R05
S501631,7/11/2026 0:00,E1113,C2344,P3001,7,26533.8,182938.97,R06
S501632,6/15/2026 0:00,E1080,C2062,P3022,4,19428.07,71439.56,R01
S501633,5/7/2026 0:00,E1034,C2300,P3015,1,13790.91,13211.44,R06
S501634,3/29/2026 0:00,E1114,C2403,P3026,6,41379.43,226634.62,R05
S501635,5/7/2026 0:00,E1011,C2443,P3018,11,39505.96,432697.63,R01
S501636,4/30/2026 0:00,E1085,C2136,P3048,6,34019.63,192353.27,R02
S501637,8/3/2026 0:00,E1031,C2055,P3009,6,23520.25,145343.03,R04
S501638,1/22/2026 0:00,E1023,C2108,P3001,2,26533.8,50608.95,R02
S501639,5/10/2026 0:00,E1004,C2303,P3043,1,61740.42,60147.21,R04
S501640,1/31/2026 0:00,E1103,C2258,P3009,3,23520.25,64177.01,R02
S501641,4/29/2026 0:00,E1107,C2253,P3023,2,72228.78,135983.52,R03
S501642,1/11/2026 0:00,E1084,C2222,P3043,6,61740.42,371003.77,R01
S501643,8/8/2026 0:00,E1077,C2369,P3045,6,50149.35,304037.28,R05
S501644,2/15/2026 0:00,E1050,C2167,P3058,5,41115.63,192508.17,R02
S501645,4/6/2026 0:00,E1003,C2429,P3002,10,7831.21,76399.17,R05
S501646,7/9/2026 0:00,E1078,C2160,P3014,10,9360.99,95728.26,R01
S501647,7/16/2026 0:00,E1056,C2449,P3038,5,67526.73,323110.85,R06
S501648,7/11/2026 0:00,E1007,C2166,P3040,9,17956.07,148686.88,R01
S501649,8/18/2026 0:00,E1109,C2205,P3018,5,39505.96,190572.91,R02
S501650,1/10/2026 0:00,E1042,C2267,P3016,10,51163.56,506567.49,R03
S501651,6/17/2026 0:00,E1110,C2138,P3053,6,16451.3,88946.56,R01
S501652,5/8/2026 0:00,E1095,C2368,P3029,11,71367.4,747583.25,R05
S501653,8/26/2026 0:00,E1096,C2443,P3044,4,31924.43,126563.17,R03
S501654,6/1/2026 0:00,E1003,C2346,P3011,10,53782.26,560834.3,R05
S501655,4/9/2026 0:00,E1075,C2248,P3006,1,23219.92,22320.9,R05
S501656,6/21/2026 0:00,E1113,C2055,P3003,4,36568.91,135223.91,R06
S501657,4/22/2026 0:00,E1003,C2404,P3014,2,9360.99,18350.03,R05
S501658,3/1/2026 0:00,E1095,C2209,P3060,10,29470.22,277863.76,R05
S501659,7/9/2026 0:00,E1099,C2017,P3002,3,7831.21,21901.16,R01
S501660,3/28/2026 0:00,E1076,C2068,P3032,7,66344.43,459098.38,R05
S501661,5/25/2026 0:00,E1100,C2133,P3031,7,61484.37,446479.68,R01
S501662,3/6/2026 0:00,E1110,C2188,P3011,1,53782.26,55142.07,R01
S501663,9/4/2026 0:00,E1057,C2407,P3022,8,19428.07,144132.01,R01
S501664,8/11/2026 0:00,E1074,C2430,P3003,7,36568.91,259791.88,R05
S501665,8/11/2026 0:00,E1103,C2308,P3050,1,12809.06,11969.81,R02
S501666,8/22/2026 0:00,E1120,C2138,P3031,8,61484.37,464135.76,R04
S501667,2/26/2026 0:00,E1062,C2174,P3033,2,17298.96,35912.91,R02
S501668,7/2/2026 0:00,E1099,C2412,P3024,8,36395.04,301833.54,R01
S501669,4/16/2026 0:00,E1113,C2097,P3001,3,26533.8,73654.75,R06
S501670,6/30/2026 0:00,E1007,C2171,P3044,10,31924.43,290393.8,R01
S501671,7/3/2026 0:00,E1110,C2154,P3015,7,13790.91,91127.22,R01
S501672,8/14/2026 0:00,E1106,C2183,P3037,6,63029.63,373362.16,R02
S501673,1/9/2026 0:00,E1111,C2242,P3027,5,3495.09,18026.52,R02
S501674,1/22/2026 0:00,E1020,C2304,P3038,11,67526.73,681755.38,R02
S501675,5/21/2026 0:00,E1098,C2285,P3048,10,34019.63,327351.77,R03
S501676,3/30/2026 0:00,E1028,C2027,P3027,11,3495.09,36168.54,R04
S501677,6/25/2026 0:00,E1002,C2402,P3044,2,31924.43,57606.95,R06
S501678,1/18/2026 0:00,E1109,C2360,P3012,2,20628.64,42010.92,R02
S501679,4/25/2026 0:00,E1118,C2060,P3003,1,36568.91,37373.16,R02
S501680,7/23/2026 0:00,E1034,C2202,P3030,9,45220.48,379791.4,R06
S501681,6/17/2026 0:00,E1042,C2250,P3032,11,66344.43,673365.87,R03
S501682,5/25/2026 0:00,E1033,C2362,P3023,8,72228.78,532576.96,R01
S501683,5/23/2026 0:00,E1071,C2069,P3002,8,7831.21,60744.63,R05
S501684,4/16/2026 0:00,E1018,C2370,P3007,1,60276.19,56477.24,R04
S501685,1/15/2026 0:00,E1009,C2021,P3034,5,16100.35,78626.33,R04
S501686,7/26/2026 0:00,E1059,C2152,P3032,6,66344.43,381239.41,R01
S501687,3/4/2026 0:00,E1044,C2102,P3053,2,16451.3,30653.17,R06
S501688,9/4/2026 0:00,E1100,C2387,P3039,10,26668.25,270063.71,R01
S501689,6/16/2026 0:00,E1010,C2095,P3032,5,66344.43,306031.79,R05
S501690,1/13/2026 0:00,E1089,C2446,P3043,6,61740.42,377790.38,R06
S501691,3/22/2026 0:00,E1036,C2361,P3043,9,61740.42,546893.71,R05
S501692,2/1/2026 0:00,E1116,C2229,P3014,10,9360.99,95931.95,R06
S501693,5/17/2026 0:00,E1073,C2125,P3003,1,36568.91,32938.12,R01
S501694,2/9/2026 0:00,E1081,C2258,P3046,10,7391.26,74827.51,R06
S501695,5/28/2026 0:00,E1055,C2322,P3032,3,66344.43,180667.96,R04
S501696,8/6/2026 0:00,E1056,C2369,P3043,9,61740.42,579287.72,R06
S501697,8/7/2026 0:00,E1086,C2426,P3036,1,30974.38,31141.98,R02
S501698,8/1/2026 0:00,E1116,C2236,P3017,1,13812.52,13094.63,R06
S501699,3/23/2026 0:00,E1026,C2162,P3048,1,34019.63,32249.85,R05
S501700,3/18/2026 0:00,E1069,C2042,P3003,7,36568.91,263463.16,R01
S501701,7/27/2026 0:00,E1064,C2276,P3057,5,45630.28,236233.9,R02
S501702,7/20/2026 0:00,E1057,C2353,P3010,6,45872.45,284520.02,R01
S501703,7/10/2026 0:00,E1048,C2068,P3053,8,16451.3,134415.16,R04
S501704,3/17/2026 0:00,E1025,C2173,P3047,2,46883.48,95909.99,R03
S501705,6/21/2026 0:00,E1100,C2331,P3040,2,17956.07,35406.32,R01
S501706,2/7/2026 0:00,E1048,C2125,P3018,3,39505.96,107167.97,R04
S501707,7/30/2026 0:00,E1023,C2170,P3003,3,36568.91,100164,R02
S501708,7/7/2026 0:00,E1012,C2047,P3039,3,26668.25,79799.38,R06
S501709,3/12/2026 0:00,E1050,C2261,P3010,4,45872.45,176182.28,R02
S501710,8/15/2026 0:00,E1009,C2217,P3052,3,64744.08,191337.49,R04
S501711,2/17/2026 0:00,E1041,C2305,P3009,2,23520.25,43966.95,R01
S501712,1/18/2026 0:00,E1109,C2124,P3046,9,7391.26,66349.22,R02
S501713,5/24/2026 0:00,E1036,C2293,P3055,6,2016.98,11332.5,R05
S501714,7/2/2026 0:00,E1051,C2162,P3046,3,7391.26,21489.1,R06
S501715,2/8/2026 0:00,E1048,C2201,P3011,9,53782.26,470394.27,R04
S501716,7/15/2026 0:00,E1039,C2402,P3060,4,29470.22,109234.35,R04
S501717,7/6/2026 0:00,E1009,C2275,P3033,4,17298.96,71370.75,R04
S501718,3/30/2026 0:00,E1056,C2206,P3036,8,30974.38,242559.91,R06
S501719,8/12/2026 0:00,E1038,C2040,P3026,7,41379.43,298350.78,R01
S501720,3/3/2026 0:00,E1093,C2273,P3027,7,3495.09,22982.53,R05
S501721,8/20/2026 0:00,E1094,C2188,P3038,10,67526.73,625196.49,R04
S501722,5/21/2026 0:00,E1042,C2355,P3022,7,19428.07,122764.37,R03
S501723,4/19/2026 0:00,E1035,C2093,P3026,10,41379.43,378240.97,R06
S501724,3/22/2026 0:00,E1098,C2042,P3022,11,19428.07,197065.26,R03
S501725,8/29/2026 0:00,E1081,C2379,P3005,5,21544.25,98223.29,R06
S501726,8/17/2026 0:00,E1110,C2107,P3035,7,45920.83,332545.94,R01
S501727,5/14/2026 0:00,E1018,C2328,P3002,4,7831.21,32474.95,R04
S501728,7/30/2026 0:00,E1034,C2065,P3035,8,45920.83,382283.34,R06
S501729,3/18/2026 0:00,E1049,C2365,P3009,9,23520.25,220991.85,R04
S501730,7/7/2026 0:00,E1112,C2309,P3051,3,55331.31,161640.78,R02
S501731,3/31/2026 0:00,E1054,C2135,P3051,7,55331.31,379380.56,R06
S501732,1/14/2026 0:00,E1120,C2389,P3049,10,44098.98,405545.05,R04
S501733,4/5/2026 0:00,E1082,C2024,P3018,9,39505.96,327307.68,R04
S501734,2/23/2026 0:00,E1095,C2028,P3043,1,61740.42,62722.92,R05
S501735,5/12/2026 0:00,E1010,C2062,P3012,2,20628.64,42427.31,R05
S501736,2/8/2026 0:00,E1034,C2273,P3003,7,36568.91,260515.09,R06
S501737,3/13/2026 0:00,E1062,C2229,P3018,2,39505.96,81001.94,R02
S501738,1/25/2026 0:00,E1115,C2020,P3056,7,48237.37,317903.51,R04
S501739,3/18/2026 0:00,E1095,C2003,P3038,1,67526.73,65494.84,R05
S501740,6/9/2026 0:00,E1079,C2421,P3007,3,60276.19,175201.17,R02
S501741,7/6/2026 0:00,E1022,C2218,P3033,5,17298.96,90758.35,R01
S501742,8/18/2026 0:00,E1060,C2399,P3006,11,23219.92,266242.94,R02
S501743,7/10/2026 0:00,E1087,C2307,P3018,6,39505.96,234611.58,R05
S501744,6/15/2026 0:00,E1071,C2432,P3045,9,50149.35,415550.74,R05
S501745,4/30/2026 0:00,E1011,C2136,P3022,9,19428.07,164149.8,R01
S501746,8/8/2026 0:00,E1007,C2397,P3051,3,55331.31,158451.87,R01
S501747,2/22/2026 0:00,E1117,C2432,P3039,8,26668.25,219955.83,R05
S501748,8/10/2026 0:00,E1014,C2003,P3051,4,55331.31,204857.51,R02
S501749,7/14/2026 0:00,E1067,C2193,P3009,7,23520.25,153604.5,R01
S501750,6/5/2026 0:00,E1021,C2073,P3035,6,45920.83,262412.11,R04
S501751,5/11/2026 0:00,E1059,C2415,P3023,8,72228.78,600386.73,R01
S501752,8/25/2026 0:00,E1113,C2361,P3012,6,20628.64,120748.32,R06
S501753,9/3/2026 0:00,E1048,C2118,P3052,4,64744.08,258205.97,R04
S501754,8/14/2026 0:00,E1009,C2154,P3024,2,36395.04,69738.97,R04
S501755,7/27/2026 0:00,E1011,C2209,P3050,7,12809.06,83232.61,R01
S501756,5/30/2026 0:00,E1075,C2440,P3040,11,17956.07,184366.12,R05
S501757,4/6/2026 0:00,E1115,C2034,P3009,11,23520.25,264000.87,R04
S501758,6/15/2026 0:00,E1107,C2137,P3013,4,31162.8,128892.12,R03
S501759,7/19/2026 0:00,E1069,C2318,P3040,9,17956.07,157396.66,R01
S501760,9/4/2026 0:00,E1012,C2120,P3054,9,7404.66,63546.37,R06
S501761,3/13/2026 0:00,E1013,C2115,P3042,7,20791.75,148624.15,R05
S501762,3/3/2026 0:00,E1011,C2013,P3017,5,13812.52,69129.19,R01
S501763,7/4/2026 0:00,E1026,C2069,P3007,3,60276.19,163854.39,R05
S501764,1/6/2026 0:00,E1051,C2425,P3017,3,13812.52,39473.88,R06
S501765,7/25/2026 0:00,E1051,C2333,P3055,9,2016.98,18195.04,R06
S501766,2/1/2026 0:00,E1091,C2257,P3050,9,12809.06,113673.59,R01
S501767,4/9/2026 0:00,E1012,C2089,P3024,11,36395.04,419045.61,R06
S501768,5/18/2026 0:00,E1064,C2047,P3002,4,7831.21,32261.99,R02
S501769,5/11/2026 0:00,E1120,C2260,P3035,11,45920.83,459142.56,R04
S501770,7/6/2026 0:00,E1037,C2228,P3028,1,47578.07,47999.87,R02
S501771,3/17/2026 0:00,E1041,C2447,P3019,10,53251.21,506125.59,R01
S501772,6/26/2026 0:00,E1055,C2180,P3033,5,17298.96,86694.81,R04
S501773,2/28/2026 0:00,E1092,C2010,P3021,8,42656.59,338721.88,R05
S501774,1/31/2026 0:00,E1080,C2284,P3053,10,16451.3,160475.45,R01
S501775,4/3/2026 0:00,E1105,C2377,P3010,4,45872.45,188616.95,R06
S501776,3/10/2026 0:00,E1058,C2126,P3053,10,16451.3,165550,R02
S501777,7/9/2026 0:00,E1106,C2134,P3046,10,7391.26,76383.74,R02
S501778,2/21/2026 0:00,E1002,C2155,P3045,4,50149.35,189011.01,R06
S501779,3/30/2026 0:00,E1058,C2248,P3009,9,23520.25,201567.89,R02
S501780,5/7/2026 0:00,E1120,C2140,P3038,9,67526.73,603664.27,R04
S501781,6/18/2026 0:00,E1005,C2318,P3006,7,23219.92,169848.78,R02
S501782,1/31/2026 0:00,E1031,C2436,P3051,10,55331.31,528821.98,R04
S501783,8/1/2026 0:00,E1013,C2176,P3053,8,16451.3,119086.89,R05
S501784,3/25/2026 0:00,E1036,C2323,P3042,4,20791.75,80412.77,R05
S501785,8/19/2026 0:00,E1079,C2174,P3055,8,2016.98,15838.77,R02
S501786,5/7/2026 0:00,E1054,C2074,P3035,6,45920.83,281076.29,R06
S501787,5/30/2026 0:00,E1032,C2351,P3018,3,39505.96,119618.92,R02
S501788,5/12/2026 0:00,E1104,C2143,P3053,7,16451.3,120306.64,R04
S501789,1/13/2026 0:00,E1109,C2292,P3019,3,53251.21,162533.73,R02
S501790,2/14/2026 0:00,E1089,C2398,P3005,11,21544.25,223903.72,R06
S501791,5/7/2026 0:00,E1070,C2112,P3025,7,60497.94,421879.32,R06
S501792,6/19/2026 0:00,E1054,C2206,P3011,5,53782.26,269136.16,R06
S501793,4/24/2026 0:00,E1082,C2131,P3010,4,45872.45,192609.81,R04
S501794,6/26/2026 0:00,E1008,C2369,P3017,3,13812.52,38156.15,R06
S501795,1/20/2026 0:00,E1023,C2110,P3036,8,30974.38,230126.96,R02
S501796,9/1/2026 0:00,E1095,C2370,P3026,4,41379.43,152826.99,R05
S501797,7/24/2026 0:00,E1077,C2067,P3031,8,61484.37,486149.05,R05
S501798,3/22/2026 0:00,E1058,C2382,P3032,10,66344.43,610564.58,R02
S501799,7/1/2026 0:00,E1099,C2086,P3021,3,42656.59,127765.17,R01
S501800,6/13/2026 0:00,E1060,C2275,P3018,10,39505.96,403184.44,R02
S501801,8/13/2026 0:00,E1095,C2227,P3060,9,29470.22,255927.36,R05
S501802,5/9/2026 0:00,E1066,C2438,P3018,6,39505.96,233267.55,R04
S501803,5/23/2026 0:00,E1105,C2325,P3001,5,26533.8,137565.59,R06
S501804,7/24/2026 0:00,E1013,C2010,P3014,5,9360.99,46123.23,R05
S501805,1/17/2026 0:00,E1008,C2417,P3008,3,40552.31,113297.98,R06
S501806,6/1/2026 0:00,E1057,C2397,P3002,2,7831.21,14902.46,R01
S501807,2/27/2026 0:00,E1105,C2384,P3051,6,55331.31,325174.43,R06
S501808,3/13/2026 0:00,E1108,C2355,P3015,11,13790.91,140054.71,R05
S501809,8/30/2026 0:00,E1064,C2435,P3060,1,29470.22,29230.86,R02
S501810,8/7/2026 0:00,E1114,C2288,P3034,7,16100.35,118324.83,R05
S501811,4/19/2026 0:00,E1092,C2112,P3036,5,30974.38,154543.61,R05
S501812,1/23/2026 0:00,E1106,C2024,P3001,4,26533.8,101450.57,R02
S501813,6/23/2026 0:00,E1075,C2291,P3051,9,55331.31,472964.17,R05
S501814,3/13/2026 0:00,E1107,C2339,P3021,10,42656.59,443517.84,R03
S501815,1/8/2026 0:00,E1100,C2326,P3042,1,20791.75,21430.62,R01
S501816,2/28/2026 0:00,E1111,C2168,P3001,11,26533.8,283364.84,R02
S501817,8/6/2026 0:00,E1079,C2438,P3032,4,66344.43,252908.2,R02
S501818,4/21/2026 0:00,E1057,C2109,P3020,3,8239.05,24879.53,R01
S501819,7/6/2026 0:00,E1037,C2428,P3054,6,7404.66,42081.07,R02
S501820,1/13/2026 0:00,E1091,C2190,P3047,5,46883.48,215174.19,R01
S501821,6/16/2026 0:00,E1025,C2355,P3036,7,30974.38,205225.71,R03
S501822,8/17/2026 0:00,E1046,C2196,P3039,1,26668.25,25738.71,R04
S501823,8/29/2026 0:00,E1018,C2033,P3030,5,45220.48,212154.53,R04
S501824,6/5/2026 0:00,E1003,C2205,P3007,2,60276.19,112417.75,R05
S501825,8/5/2026 0:00,E1014,C2312,P3022,2,19428.07,35006.31,R02
S501826,7/8/2026 0:00,E1032,C2420,P3057,11,45630.28,499235.9,R02
S501827,1/16/2026 0:00,E1095,C2182,P3050,11,12809.06,139796.04,R05
S501828,4/29/2026 0:00,E1116,C2147,P3045,2,50149.35,93097.63,R06
S501829,1/2/2026 0:00,E1029,C2427,P3010,9,45872.45,430005.02,R04
S501830,9/3/2026 0:00,E1062,C2268,P3056,10,48237.37,463771.26,R02
S501831,7/29/2026 0:00,E1028,C2011,P3008,3,40552.31,109956.2,R04
S501832,5/25/2026 0:00,E1016,C2070,P3027,4,3495.09,13043.2,R02
S501833,1/30/2026 0:00,E1097,C2256,P3010,5,45872.45,230236.15,R04
S501834,4/13/2026 0:00,E1106,C2396,P3014,4,9360.99,34831.98,R02
S501835,1/13/2026 0:00,E1081,C2219,P3046,4,7391.26,26847.62,R06
S501836,4/6/2026 0:00,E1034,C2297,P3059,5,17588.05,87294.41,R06
S501837,8/30/2026 0:00,E1021,C2409,P3052,10,64744.08,633037.33,R04
S501838,8/9/2026 0:00,E1044,C2362,P3054,9,7404.66,67587.58,R06
S501839,8/26/2026 0:00,E1013,C2259,P3011,9,53782.26,491734.02,R05
S501840,4/4/2026 0:00,E1103,C2003,P3006,6,23219.92,145448.23,R02
S501841,3/23/2026 0:00,E1075,C2084,P3021,11,42656.59,426313.33,R05
S501842,1/13/2026 0:00,E1024,C2156,P3033,3,17298.96,47010.71,R02
S501843,6/20/2026 0:00,E1074,C2151,P3019,6,53251.21,334869.03,R05
S501844,8/1/2026 0:00,E1098,C2176,P3039,10,26668.25,265809.7,R03
S501845,4/4/2026 0:00,E1114,C2195,P3024,4,36395.04,146643.71,R05
S501846,5/29/2026 0:00,E1015,C2426,P3018,3,39505.96,108381.32,R02
S501847,4/22/2026 0:00,E1093,C2107,P3035,6,45920.83,250857.75,R05
S501848,2/24/2026 0:00,E1026,C2424,P3052,11,64744.08,658085.92,R05
S501849,3/22/2026 0:00,E1079,C2134,P3043,6,61740.42,357135.98,R02
S501850,6/17/2026 0:00,E1087,C2276,P3037,2,63029.63,115536.64,R05
S501851,7/30/2026 0:00,E1111,C2395,P3019,9,53251.21,463421.35,R02
S501852,4/26/2026 0:00,E1032,C2352,P3053,8,16451.3,129534.95,R02
S501853,5/23/2026 0:00,E1103,C2380,P3024,6,36395.04,196544.12,R02
S501854,7/20/2026 0:00,E1114,C2155,P3056,1,48237.37,44240.27,R05
S501855,6/29/2026 0:00,E1109,C2277,P3034,2,16100.35,30792.86,R02
S501856,7/21/2026 0:00,E1056,C2236,P3022,4,19428.07,70562.71,R06
S501857,4/18/2026 0:00,E1006,C2240,P3004,7,19444.05,125223.68,R02
S501858,8/11/2026 0:00,E1014,C2370,P3057,9,45630.28,383884.13,R02
S501859,2/22/2026 0:00,E1029,C2013,P3010,10,45872.45,442412.35,R04
S501860,8/3/2026 0:00,E1045,C2342,P3002,5,7831.21,39438.98,R02
S501861,5/8/2026 0:00,E1091,C2035,P3008,10,40552.31,373042.03,R01
S501862,6/29/2026 0:00,E1117,C2047,P3033,2,17298.96,34967.9,R05
S501863,6/7/2026 0:00,E1101,C2214,P3059,11,17588.05,198935.8,R01
S501864,6/10/2026 0:00,E1049,C2412,P3038,11,67526.73,741101.81,R04
S501865,2/26/2026 0:00,E1105,C2405,P3043,11,61740.42,615684.57,R06
S501866,2/21/2026 0:00,E1073,C2146,P3059,1,17588.05,16991.78,R01
S501867,5/17/2026 0:00,E1039,C2159,P3028,10,47578.07,475309.63,R04
S501868,7/1/2026 0:00,E1098,C2444,P3010,1,45872.45,48018.22,R03
S501869,4/21/2026 0:00,E1069,C2125,P3045,5,50149.35,261471.5,R01
S501870,1/1/2026 0:00,E1064,C2110,P3001,7,26533.8,178187.42,R02
S501871,2/13/2026 0:00,E1111,C2037,P3034,9,16100.35,143800.39,R02
S501872,8/15/2026 0:00,E1041,C2277,P3003,9,36568.91,340185.96,R01
S501873,3/16/2026 0:00,E1038,C2014,P3009,8,23520.25,192801.5,R01
S501874,4/8/2026 0:00,E1116,C2347,P3005,1,21544.25,20939.14,R06
S501875,7/27/2026 0:00,E1088,C2232,P3042,5,20791.75,97636.62,R04
S501876,1/9/2026 0:00,E1009,C2316,P3010,6,45872.45,253371.43,R04
S501877,2/1/2026 0:00,E1083,C2124,P3012,6,20628.64,120454.39,R02
S501878,1/15/2026 0:00,E1054,C2279,P3018,4,39505.96,159355.49,R06
S501879,5/20/2026 0:00,E1093,C2111,P3058,1,41115.63,42984.97,R05
S501880,8/13/2026 0:00,E1034,C2124,P3021,3,42656.59,131715.73,R06
S501881,8/25/2026 0:00,E1112,C2413,P3021,10,42656.59,396977.64,R02
S501882,7/25/2026 0:00,E1083,C2431,P3001,4,26533.8,106980.75,R02
S501883,7/4/2026 0:00,E1044,C2030,P3003,4,36568.91,137991.35,R06
S501884,5/16/2026 0:00,E1078,C2115,P3005,4,21544.25,86394.24,R01
S501885,3/13/2026 0:00,E1114,C2090,P3025,5,60497.94,302450.62,R05
S501886,6/4/2026 0:00,E1112,C2212,P3058,11,41115.63,425526.64,R02
S501887,7/9/2026 0:00,E1028,C2038,P3049,9,44098.98,371155.74,R04
S501888,1/12/2026 0:00,E1114,C2083,P3008,4,40552.31,148517.27,R05
S501889,3/6/2026 0:00,E1009,C2027,P3017,9,13812.52,112823.82,R04
S501890,4/17/2026 0:00,E1024,C2217,P3009,9,23520.25,217771.85,R02
S501891,8/20/2026 0:00,E1108,C2360,P3032,1,66344.43,60206.07,R05
S501892,2/11/2026 0:00,E1115,C2372,P3006,5,23219.92,106035.06,R04
S501893,7/9/2026 0:00,E1066,C2215,P3049,9,44098.98,371421.47,R04
S501894,4/25/2026 0:00,E1095,C2221,P3040,4,17956.07,74205.17,R05
S501895,5/19/2026 0:00,E1116,C2015,P3021,5,42656.59,202606.23,R06
S501896,4/13/2026 0:00,E1021,C2443,P3007,4,60276.19,223930.85,R04
S501897,6/20/2026 0:00,E1017,C2259,P3007,2,60276.19,121436.43,R02
S501898,4/5/2026 0:00,E1018,C2266,P3047,10,46883.48,444389.97,R04
S501899,1/17/2026 0:00,E1082,C2120,P3039,2,26668.25,50669.94,R04
S501900,8/13/2026 0:00,E1020,C2401,P3054,2,7404.66,14969.95,R02
S501901,6/9/2026 0:00,E1009,C2128,P3027,1,3495.09,3277.51,R04
S501902,8/9/2026 0:00,E1039,C2211,P3008,3,40552.31,125855.8,R04
S501903,8/1/2026 0:00,E1039,C2011,P3009,11,23520.25,254638.36,R04
S501904,3/26/2026 0:00,E1055,C2176,P3028,10,47578.07,466586.12,R04
S501905,6/17/2026 0:00,E1095,C2133,P3015,1,13790.91,12959.5,R05
S501906,5/31/2026 0:00,E1107,C2325,P3002,4,7831.21,32116.24,R03
S501907,2/25/2026 0:00,E1102,C2320,P3007,1,60276.19,59427.05,R04
S501908,5/14/2026 0:00,E1092,C2014,P3047,4,46883.48,173155.22,R05
S501909,3/27/2026 0:00,E1032,C2050,P3018,3,39505.96,110333.6,R02
S501910,6/27/2026 0:00,E1046,C2410,P3022,9,19428.07,169648.73,R04
S501911,4/12/2026 0:00,E1062,C2072,P3050,1,12809.06,13026.13,R02
S501912,6/14/2026 0:00,E1078,C2069,P3010,8,45872.45,381986.97,R01
S501913,8/25/2026 0:00,E1018,C2391,P3054,11,7404.66,81412.55,R04
S501914,7/11/2026 0:00,E1081,C2383,P3050,9,12809.06,112505.73,R06
S501915,8/31/2026 0:00,E1075,C2016,P3033,7,17298.96,113537.72,R05
S501916,2/23/2026 0:00,E1041,C2439,P3007,1,60276.19,60332.26,R01
S501917,7/19/2026 0:00,E1044,C2334,P3003,4,36568.91,153199.74,R06
S501918,8/21/2026 0:00,E1050,C2357,P3014,10,9360.99,90935.78,R02
S501919,6/26/2026 0:00,E1013,C2056,P3044,1,31924.43,29508.43,R05
S501920,8/15/2026 0:00,E1098,C2105,P3046,4,7391.26,27066.83,R03
S501921,4/25/2026 0:00,E1091,C2132,P3036,3,30974.38,87383.85,R01
S501922,5/19/2026 0:00,E1105,C2048,P3013,2,31162.8,61416.66,R06
S501923,3/29/2026 0:00,E1019,C2248,P3016,1,51163.56,53313.49,R03
S501924,2/18/2026 0:00,E1081,C2273,P3016,6,51163.56,290058.94,R06
S501925,5/29/2026 0:00,E1098,C2111,P3054,7,7404.66,49023.74,R03
S501926,4/25/2026 0:00,E1007,C2420,P3005,6,21544.25,125668.94,R01
S501927,7/13/2026 0:00,E1110,C2326,P3052,9,64744.08,604711.79,R01
S501928,3/4/2026 0:00,E1045,C2336,P3025,9,60497.94,524258.47,R02
S501929,4/14/2026 0:00,E1118,C2349,P3038,2,67526.73,126070.3,R02
S501930,3/24/2026 0:00,E1036,C2038,P3038,2,67526.73,124852.82,R05
S501931,4/13/2026 0:00,E1100,C2357,P3050,9,12809.06,111656.2,R01
S501932,6/5/2026 0:00,E1104,C2240,P3038,1,67526.73,68884.13,R04
S501933,1/17/2026 0:00,E1056,C2318,P3039,5,26668.25,125834.52,R06
S501934,1/6/2026 0:00,E1064,C2121,P3056,1,48237.37,47122.04,R02
S501935,5/27/2026 0:00,E1071,C2048,P3056,7,48237.37,334437.34,R05
S501936,7/3/2026 0:00,E1084,C2010,P3048,9,34019.63,296247.53,R01
S501937,8/18/2026 0:00,E1017,C2233,P3041,6,58594.28,326517.87,R02
S501938,1/28/2026 0:00,E1009,C2036,P3026,2,41379.43,85925.37,R04
S501939,7/13/2026 0:00,E1091,C2413,P3059,6,17588.05,103926.1,R01
S501940,2/7/2026 0:00,E1098,C2004,P3013,9,31162.8,283093.2,R03
S501941,4/29/2026 0:00,E1092,C2044,P3044,3,31924.43,95333.35,R05
S501942,2/6/2026 0:00,E1118,C2056,P3051,9,55331.31,522735.07,R02
S501943,4/25/2026 0:00,E1088,C2042,P3026,8,41379.43,320590.12,R04
S501944,9/1/2026 0:00,E1032,C2255,P3055,7,2016.98,13606.99,R02
S501945,3/9/2026 0:00,E1109,C2228,P3055,8,2016.98,15393.93,R02
S501946,8/2/2026 0:00,E1011,C2114,P3001,10,26533.8,253197.27,R01
S501947,8/6/2026 0:00,E1058,C2237,P3008,6,40552.31,229047.28,R02
S501948,6/26/2026 0:00,E1078,C2397,P3004,3,19444.05,61079.27,R01
S501949,2/12/2026 0:00,E1119,C2174,P3021,7,42656.59,307738.34,R06
S501950,6/13/2026 0:00,E1094,C2255,P3022,4,19428.07,73632.46,R04
S501951,2/27/2026 0:00,E1072,C2417,P3051,11,55331.31,575646.36,R02
S501952,1/13/2026 0:00,E1021,C2277,P3053,10,16451.3,150616.6,R04
S501953,2/21/2026 0:00,E1006,C2335,P3058,5,41115.63,212065.09,R02
S501954,2/27/2026 0:00,E1024,C2441,P3037,8,63029.63,481932.07,R02
S501955,2/1/2026 0:00,E1010,C2069,P3049,7,44098.98,304337.92,R05
S501956,7/28/2026 0:00,E1060,C2326,P3003,7,36568.91,264956.26,R02
S501957,4/15/2026 0:00,E1061,C2230,P3019,8,53251.21,409486.94,R03
S501958,8/16/2026 0:00,E1095,C2067,P3001,10,26533.8,270918.11,R05
S501959,9/4/2026 0:00,E1082,C2304,P3029,3,71367.4,206510.74,R04
S501960,7/7/2026 0:00,E1056,C2417,P3023,3,72228.78,217800.35,R06
S501961,8/26/2026 0:00,E1048,C2036,P3033,2,17298.96,33375.84,R04
S501962,3/24/2026 0:00,E1023,C2417,P3055,1,2016.98,1934.11,R02
S501963,7/5/2026 0:00,E1066,C2159,P3052,10,64744.08,678910.56,R04
S501964,4/9/2026 0:00,E1009,C2149,P3041,6,58594.28,348701.29,R04
S501965,8/26/2026 0:00,E1021,C2027,P3023,6,72228.78,413918.01,R04
S501966,4/14/2026 0:00,E1053,C2072,P3005,10,21544.25,202230.04,R06
S501967,7/3/2026 0:00,E1080,C2248,P3007,8,60276.19,436864.93,R01
S501968,1/28/2026 0:00,E1041,C2101,P3057,6,45630.28,275420.25,R01
S501969,5/9/2026 0:00,E1038,C2190,P3058,6,41115.63,235795.74,R01
S501970,6/19/2026 0:00,E1052,C2096,P3006,1,23219.92,23758.35,R05
S501971,7/29/2026 0:00,E1035,C2384,P3049,7,44098.98,294672.11,R06
S501972,2/17/2026 0:00,E1077,C2282,P3022,7,19428.07,130012.56,R05
S501973,2/9/2026 0:00,E1120,C2322,P3049,10,44098.98,448432.45,R04
S501974,4/7/2026 0:00,E1106,C2396,P3013,9,31162.8,273010.43,R02
S501975,7/10/2026 0:00,E1034,C2278,P3012,7,20628.64,149127.32,R06
S501976,7/23/2026 0:00,E1032,C2017,P3004,8,19444.05,153766.71,R02
S501977,7/19/2026 0:00,E1056,C2263,P3008,4,40552.31,151843.54,R06
S501978,8/4/2026 0:00,E1046,C2107,P3037,9,63029.63,558894.26,R04
S501979,7/27/2026 0:00,E1035,C2068,P3031,1,61484.37,55372.84,R06
S501980,4/24/2026 0:00,E1116,C2128,P3037,8,63029.63,477441.69,R06
S501981,5/12/2026 0:00,E1073,C2293,P3045,3,50149.35,140096.15,R01
S501982,6/15/2026 0:00,E1115,C2294,P3026,1,41379.43,41301.98,R04
S501983,8/24/2026 0:00,E1120,C2096,P3043,2,61740.42,113652.48,R04
S501984,6/4/2026 0:00,E1064,C2395,P3008,6,40552.31,229570.18,R02
S501985,5/17/2026 0:00,E1024,C2001,P3040,5,17956.07,85264.06,R02
S501986,4/21/2026 0:00,E1048,C2409,P3033,3,17298.96,46732.83,R04
S501987,5/24/2026 0:00,E1058,C2298,P3045,9,50149.35,409375.91,R02
S501988,7/3/2026 0:00,E1008,C2180,P3029,8,71367.4,540490.4,R06
S501989,3/17/2026 0:00,E1120,C2408,P3005,3,21544.25,60325.2,R04
S501990,1/31/2026 0:00,E1091,C2181,P3028,2,47578.07,87309.19,R01
S501991,8/4/2026 0:00,E1063,C2235,P3053,8,16451.3,121492.75,R05
S501992,4/29/2026 0:00,E1004,C2440,P3040,5,17956.07,92054.54,R04
S501993,5/22/2026 0:00,E1039,C2319,P3017,9,13812.52,124623.21,R04
S501994,8/25/2026 0:00,E1086,C2337,P3055,1,2016.98,1961.75,R02
S501995,1/25/2026 0:00,E1035,C2008,P3023,10,72228.78,748529.39,R06
S501996,2/3/2026 0:00,E1115,C2443,P3045,3,50149.35,136070.17,R04
S501997,3/8/2026 0:00,E1046,C2429,P3009,5,23520.25,111925.84,R04
S501998,6/1/2026 0:00,E1110,C2027,P3002,2,7831.21,16030.61,R01
S501999,4/28/2026 0:00,E1031,C2308,P3032,3,66344.43,197887.52,R04
S502000,8/22/2026 0:00,E1018,C2146,P3051,4,55331.31,231783.55,R04
S502001,3/14/2026 0:00,E1061,C2091,P3052,4,64744.08,269769.74,R03
S502002,1/26/2026 0:00,E1011,C2342,P3049,11,44098.98,448945.48,R01
S502003,5/28/2026 0:00,E1101,C2272,P3031,9,61484.37,578702.11,R01
S502004,7/11/2026 0:00,E1086,C2322,P3007,1,60276.19,62797.56,R02
S502005,4/14/2026 0:00,E1019,C2005,P3030,9,45220.48,389093.96,R03
S502006,1/10/2026 0:00,E1047,C2082,P3058,9,41115.63,387592.46,R02
S502007,7/30/2026 0:00,E1110,C2387,P3003,11,36568.91,364195,R01
S502008,3/8/2026 0:00,E1093,C2219,P3051,6,55331.31,331693.25,R05
S502009,6/1/2026 0:00,E1061,C2118,P3051,11,55331.31,572078.37,R03
S502010,1/5/2026 0:00,E1064,C2081,P3056,1,48237.37,44350.38,R02
S502011,7/14/2026 0:00,E1061,C2070,P3009,11,23520.25,255263.69,R03
S502012,7/5/2026 0:00,E1051,C2115,P3010,6,45872.45,260358.97,R06
S502013,1/27/2026 0:00,E1102,C2263,P3046,8,7391.26,59131.49,R04
S502014,7/27/2026 0:00,E1065,C2306,P3050,5,12809.06,62828.26,R02
S502015,4/23/2026 0:00,E1089,C2142,P3058,5,41115.63,197126.51,R06
S502016,1/15/2026 0:00,E1033,C2422,P3047,1,46883.48,43473.8,R01
S502017,6/12/2026 0:00,E1011,C2207,P3026,1,41379.43,40973.4,R01
S502018,7/23/2026 0:00,E1012,C2111,P3001,8,26533.8,217446.53,R06
S502019,4/15/2026 0:00,E1104,C2303,P3030,5,45220.48,223841.53,R04
S502020,6/30/2026 0:00,E1072,C2112,P3057,8,45630.28,361967.99,R02
S502021,2/13/2026 0:00,E1107,C2417,P3038,10,67526.73,659584.63,R03
S502022,1/26/2026 0:00,E1064,C2043,P3015,2,13790.91,26429.89,R02
S502023,6/24/2026 0:00,E1049,C2347,P3025,4,60497.94,234397.75,R04
S502024,6/11/2026 0:00,E1035,C2285,P3006,11,23219.92,267789.39,R06
S502025,8/3/2026 0:00,E1102,C2128,P3018,10,39505.96,399978.2,R04
S502026,4/5/2026 0:00,E1103,C2185,P3001,9,26533.8,230346.69,R02
S502027,6/27/2026 0:00,E1018,C2229,P3056,3,48237.37,140167.35,R04
S502028,3/25/2026 0:00,E1106,C2389,P3003,6,36568.91,213916.01,R02
S502029,5/20/2026 0:00,E1106,C2221,P3017,11,13812.52,151770.15,R02
S502030,8/3/2026 0:00,E1056,C2352,P3048,7,34019.63,230967.98,R06
S502031,5/12/2026 0:00,E1078,C2444,P3008,3,40552.31,122013,R01
S502032,3/28/2026 0:00,E1087,C2117,P3060,1,29470.22,27978.38,R05
S502033,6/25/2026 0:00,E1042,C2070,P3049,2,44098.98,84810.8,R03
S502034,7/2/2026 0:00,E1020,C2386,P3040,11,17956.07,203364.84,R02
S502035,4/22/2026 0:00,E1069,C2070,P3017,10,13812.52,131127.2,R01
S502036,5/9/2026 0:00,E1084,C2110,P3025,7,60497.94,442400.78,R01
S502037,9/3/2026 0:00,E1055,C2427,P3041,7,58594.28,379757.16,R04
S502038,3/30/2026 0:00,E1117,C2132,P3012,1,20628.64,19313.6,R05
S502039,3/7/2026 0:00,E1066,C2056,P3029,10,71367.4,691944.03,R04
S502040,6/7/2026 0:00,E1085,C2443,P3025,7,60497.94,431790.69,R02
S502041,5/11/2026 0:00,E1049,C2089,P3051,10,55331.31,558700.33,R04
S502042,5/2/2026 0:00,E1007,C2137,P3036,11,30974.38,315562.92,R01
S502043,5/29/2026 0:00,E1017,C2131,P3053,6,16451.3,92341.42,R02
S502044,8/5/2026 0:00,E1074,C2218,P3054,11,7404.66,80334.52,R05
S502045,3/25/2026 0:00,E1114,C2176,P3025,6,60497.94,342760.05,R05
S502046,6/26/2026 0:00,E1019,C2171,P3029,7,71367.4,481261.89,R03
S502047,4/26/2026 0:00,E1054,C2100,P3011,7,53782.26,366306.88,R06
S502048,8/2/2026 0:00,E1050,C2129,P3060,1,29470.22,29150.08,R02
S502049,8/1/2026 0:00,E1045,C2057,P3004,10,19444.05,182318.63,R02
S502050,7/9/2026 0:00,E1041,C2181,P3014,5,9360.99,43269.82,R01
S502051,8/13/2026 0:00,E1051,C2246,P3046,8,7391.26,56752.13,R06
S502052,4/26/2026 0:00,E1115,C2144,P3038,8,67526.73,492839.21,R04
S502053,2/7/2026 0:00,E1013,C2051,P3017,3,13812.52,40567.98,R05
S502054,5/23/2026 0:00,E1111,C2368,P3002,3,7831.21,24103.07,R02
S502055,4/20/2026 0:00,E1011,C2218,P3008,7,40552.31,260545.53,R01
S502056,6/29/2026 0:00,E1073,C2104,P3036,4,30974.38,113602.82,R01
S502057,7/26/2026 0:00,E1112,C2383,P3010,6,45872.45,251023.04,R02
S502058,2/15/2026 0:00,E1057,C2055,P3007,9,60276.19,557230.03,R01
S502059,1/25/2026 0:00,E1002,C2257,P3036,10,30974.38,282519.1,R06
S502060,1/21/2026 0:00,E1051,C2346,P3016,2,51163.56,107189.63,R06
S502061,8/4/2026 0:00,E1037,C2156,P3014,2,9360.99,17856.08,R02
S502062,5/1/2026 0:00,E1022,C2053,P3016,6,51163.56,291421.8,R01
S502063,5/2/2026 0:00,E1038,C2442,P3025,3,60497.94,165839.03,R01
S502064,5/13/2026 0:00,E1118,C2329,P3041,1,58594.28,57882.14,R02
S502065,3/11/2026 0:00,E1025,C2444,P3004,2,19444.05,38416.87,R03
S502066,4/23/2026 0:00,E1057,C2187,P3029,7,71367.4,486618.34,R01
S502067,4/17/2026 0:00,E1026,C2364,P3056,4,48237.37,182656.21,R05
S502068,4/22/2026 0:00,E1008,C2150,P3006,2,23219.92,44363.38,R06
S502069,4/18/2026 0:00,E1108,C2264,P3001,11,26533.8,276716.51,R05
S502070,2/16/2026 0:00,E1083,C2250,P3039,8,26668.25,205648.89,R02
S502071,8/3/2026 0:00,E1095,C2433,P3001,4,26533.8,100963.04,R05
S502072,7/15/2026 0:00,E1096,C2298,P3051,4,55331.31,221619.07,R03
S502073,4/1/2026 0:00,E1073,C2411,P3040,2,17956.07,33914.27,R01
S502074,1/18/2026 0:00,E1099,C2423,P3057,1,45630.28,43468.58,R01
S502075,5/29/2026 0:00,E1073,C2211,P3003,1,36568.91,35300.66,R01
S502076,8/8/2026 0:00,E1025,C2025,P3001,3,26533.8,71688.57,R03
S502077,8/15/2026 0:00,E1012,C2294,P3001,6,26533.8,155033.66,R06
S502078,8/2/2026 0:00,E1075,C2341,P3039,7,26668.25,175173.35,R05
S502079,4/14/2026 0:00,E1013,C2152,P3021,9,42656.59,348751.88,R05
S502080,5/31/2026 0:00,E1036,C2024,P3045,5,50149.35,259937.42,R05
S502081,7/11/2026 0:00,E1065,C2252,P3030,9,45220.48,385968.79,R02
S502082,7/14/2026 0:00,E1070,C2060,P3032,8,66344.43,511601.96,R06
S502083,2/9/2026 0:00,E1102,C2434,P3033,1,17298.96,17715.89,R04
S502084,8/30/2026 0:00,E1094,C2367,P3048,11,34019.63,346156.6,R04
S502085,5/18/2026 0:00,E1059,C2066,P3022,3,19428.07,59889.73,R01
S502086,3/30/2026 0:00,E1014,C2398,P3030,8,45220.48,338699.84,R02
S502087,6/29/2026 0:00,E1024,C2053,P3054,9,7404.66,65865.94,R02
S502088,8/29/2026 0:00,E1085,C2416,P3046,4,7391.26,29649.35,R02
S502089,7/19/2026 0:00,E1108,C2106,P3004,6,19444.05,120835.29,R05
S502090,9/4/2026 0:00,E1103,C2096,P3023,4,72228.78,286356.98,R02
S502091,7/22/2026 0:00,E1041,C2176,P3055,9,2016.98,17571.65,R01
S502092,3/2/2026 0:00,E1090,C2039,P3044,2,31924.43,62944.79,R03
S502093,7/11/2026 0:00,E1082,C2168,P3025,6,60497.94,337691.89,R04
S502094,1/5/2026 0:00,E1099,C2042,P3012,11,20628.64,227677.74,R01
S502095,5/2/2026 0:00,E1013,C2367,P3017,3,13812.52,38455.39,R05
S502096,8/25/2026 0:00,E1035,C2104,P3053,10,16451.3,161812.87,R06
S502097,6/30/2026 0:00,E1073,C2333,P3015,4,13790.91,55005.9,R01
S502098,2/24/2026 0:00,E1077,C2204,P3010,2,45872.45,94936.47,R05
S502099,2/6/2026 0:00,E1032,C2008,P3035,11,45920.83,488726.82,R02
S502100,2/25/2026 0:00,E1095,C2282,P3055,8,2016.98,16398.85,R05
S502101,7/6/2026 0:00,E1064,C2396,P3052,10,64744.08,598966.63,R02
S502102,8/25/2026 0:00,E1014,C2043,P3052,8,64744.08,478292.73,R02
S502103,4/12/2026 0:00,E1032,C2435,P3029,1,71367.4,69848.68,R02
S502104,4/3/2026 0:00,E1003,C2110,P3012,10,20628.64,204110.31,R05
S502105,7/16/2026 0:00,E1105,C2210,P3001,6,26533.8,158383.09,R06
S502106,3/14/2026 0:00,E1016,C2237,P3001,1,26533.8,26848.25,R02
S502107,2/28/2026 0:00,E1059,C2356,P3010,6,45872.45,259887.54,R01
S502108,8/28/2026 0:00,E1077,C2319,P3018,7,39505.96,274714.1,R05
S502109,1/2/2026 0:00,E1035,C2049,P3047,2,46883.48,87036.45,R06
S502110,7/12/2026 0:00,E1105,C2115,P3002,9,7831.21,65748.07,R06
S502111,4/14/2026 0:00,E1070,C2155,P3049,8,44098.98,321074.56,R06
S502112,7/7/2026 0:00,E1077,C2137,P3008,9,40552.31,369368.72,R05
S502113,2/20/2026 0:00,E1030,C2167,P3022,10,19428.07,189627.47,R01
S502114,1/30/2026 0:00,E1068,C2321,P3022,4,19428.07,72717.55,R05
S502115,1/11/2026 0:00,E1017,C2199,P3026,4,41379.43,162776.03,R02
S502116,8/8/2026 0:00,E1041,C2071,P3026,8,41379.43,315521.81,R01
S502117,4/18/2026 0:00,E1079,C2007,P3009,1,23520.25,24121.93,R02
S502118,3/17/2026 0:00,E1038,C2200,P3021,8,42656.59,334162.23,R01
S502119,6/16/2026 0:00,E1083,C2336,P3031,7,61484.37,389276.07,R02
S502120,3/31/2026 0:00,E1022,C2067,P3052,7,64744.08,474855.75,R01
S502121,7/24/2026 0:00,E1046,C2138,P3043,9,61740.42,506290.15,R04
S502122,5/3/2026 0:00,E1020,C2242,P3006,10,23219.92,233219.42,R02
S502123,7/19/2026 0:00,E1073,C2213,P3056,7,48237.37,326042.11,R01
S502124,7/10/2026 0:00,E1104,C2181,P3014,2,9360.99,17549.94,R04
S502125,7/11/2026 0:00,E1009,C2254,P3033,1,17298.96,17324.37,R04
S502126,7/8/2026 0:00,E1079,C2101,P3007,1,60276.19,55386.86,R02
S502127,5/5/2026 0:00,E1103,C2351,P3024,7,36395.04,262086.47,R02
S502128,7/1/2026 0:00,E1068,C2087,P3009,5,23520.25,110261.97,R05
S502129,8/8/2026 0:00,E1043,C2185,P3011,4,53782.26,205280.01,R01
S502130,5/2/2026 0:00,E1077,C2091,P3056,5,48237.37,239955.96,R05
S502131,4/4/2026 0:00,E1090,C2248,P3023,10,72228.78,650170.54,R03
S502132,7/20/2026 0:00,E1072,C2214,P3048,10,34019.63,330300.77,R02
S502133,4/13/2026 0:00,E1063,C2359,P3051,6,55331.31,343321.04,R05
S502134,8/11/2026 0:00,E1027,C2249,P3002,10,7831.21,78473.61,R02
S502135,7/5/2026 0:00,E1073,C2126,P3015,6,13790.91,79285.46,R01
S502136,8/1/2026 0:00,E1105,C2411,P3035,1,45920.83,45877.83,R06
S502137,7/3/2026 0:00,E1085,C2438,P3036,2,30974.38,64456.78,R02
S502138,8/27/2026 0:00,E1072,C2369,P3052,3,64744.08,180280.69,R02
S502139,6/11/2026 0:00,E1109,C2004,P3054,4,7404.66,29019.49,R02
S502140,9/4/2026 0:00,E1030,C2088,P3028,6,47578.07,266973.1,R01
S502141,1/31/2026 0:00,E1109,C2151,P3039,11,26668.25,301603.79,R02
S502142,2/21/2026 0:00,E1105,C2176,P3044,9,31924.43,289663.69,R06
S502143,3/30/2026 0:00,E1068,C2211,P3004,2,19444.05,39672.14,R05
S502144,3/17/2026 0:00,E1020,C2426,P3010,8,45872.45,382191.56,R02
S502145,5/9/2026 0:00,E1070,C2259,P3006,9,23219.92,195363.51,R06
S502146,7/2/2026 0:00,E1060,C2091,P3057,2,45630.28,82801.42,R02
S502147,1/22/2026 0:00,E1072,C2259,P3030,9,45220.48,384044.88,R02
S502148,2/9/2026 0:00,E1115,C2412,P3054,7,7404.66,49752.62,R04
S502149,4/11/2026 0:00,E1059,C2191,P3046,9,7391.26,66107.18,R01
S502150,4/21/2026 0:00,E1038,C2081,P3035,6,45920.83,280940.61,R01
S502151,5/9/2026 0:00,E1063,C2415,P3049,2,44098.98,84005.95,R05
S502152,3/6/2026 0:00,E1094,C2138,P3043,8,61740.42,479611.71,R04
S502153,7/10/2026 0:00,E1031,C2433,P3010,10,45872.45,466899.01,R04
S502154,8/22/2026 0:00,E1073,C2350,P3058,9,41115.63,345543.72,R01
S502155,7/1/2026 0:00,E1075,C2126,P3053,8,16451.3,122735.88,R05
S502156,6/19/2026 0:00,E1026,C2369,P3032,2,66344.43,131147.67,R05
S502157,5/29/2026 0:00,E1099,C2405,P3042,8,20791.75,160580.26,R01
S502158,3/20/2026 0:00,E1067,C2356,P3042,3,20791.75,65015.88,R01
S502159,7/28/2026 0:00,E1117,C2309,P3003,3,36568.91,104611.36,R05
S502160,1/22/2026 0:00,E1007,C2343,P3056,9,48237.37,440185.3,R01
S502161,6/15/2026 0:00,E1019,C2230,P3026,9,41379.43,367746.24,R03
S502162,4/9/2026 0:00,E1011,C2345,P3015,9,13790.91,112722.45,R01
S502163,8/25/2026 0:00,E1094,C2310,P3017,4,13812.52,50424.42,R04
S502164,7/27/2026 0:00,E1012,C2441,P3027,7,3495.09,22764.62,R06
S502165,1/8/2026 0:00,E1099,C2020,P3018,8,39505.96,291229.37,R01
S502166,7/9/2026 0:00,E1067,C2369,P3051,5,55331.31,262659.31,R01
S502167,6/24/2026 0:00,E1079,C2049,P3019,1,53251.21,52550.87,R02
S502168,1/17/2026 0:00,E1103,C2135,P3012,9,20628.64,183866.98,R02
S502169,1/17/2026 0:00,E1086,C2029,P3024,6,36395.04,215785.86,R02
S502170,9/3/2026 0:00,E1067,C2048,P3005,3,21544.25,59309.68,R01
S502171,3/31/2026 0:00,E1054,C2269,P3024,3,36395.04,108096.96,R06
S502172,5/21/2026 0:00,E1069,C2003,P3027,10,3495.09,33603.96,R01
S502173,5/25/2026 0:00,E1084,C2258,P3048,1,34019.63,35225.89,R01
S502174,6/15/2026 0:00,E1107,C2016,P3030,8,45220.48,375075.89,R03
S502175,3/22/2026 0:00,E1080,C2094,P3015,2,13790.91,28001.78,R01
S502176,8/28/2026 0:00,E1032,C2358,P3047,1,46883.48,47139.75,R02
S502177,3/19/2026 0:00,E1093,C2134,P3059,7,17588.05,112927.6,R05
S502178,6/22/2026 0:00,E1018,C2301,P3038,11,67526.73,677951.18,R04
S502179,1/6/2026 0:00,E1057,C2327,P3044,9,31924.43,294826.12,R01
S502180,6/12/2026 0:00,E1112,C2133,P3034,6,16100.35,93129.48,R02
S502181,4/20/2026 0:00,E1095,C2312,P3027,8,3495.09,27057.71,R05
S502182,1/14/2026 0:00,E1037,C2383,P3020,8,8239.05,67703.17,R02
S502183,8/27/2026 0:00,E1103,C2032,P3041,9,58594.28,523770.27,R02
S502184,3/13/2026 0:00,E1027,C2305,P3032,7,66344.43,430467.71,R02
S502185,7/8/2026 0:00,E1055,C2269,P3004,9,19444.05,163035.79,R04
S502186,5/23/2026 0:00,E1018,C2414,P3005,9,21544.25,174693.9,R04
S502187,2/23/2026 0:00,E1088,C2025,P3053,11,16451.3,182158.76,R04
S502188,1/27/2026 0:00,E1026,C2316,P3058,1,41115.63,39999,R05
S502189,1/13/2026 0:00,E1003,C2059,P3008,6,40552.31,253653.38,R05
S502190,8/29/2026 0:00,E1088,C2213,P3022,8,19428.07,156528.37,R04
S502191,6/8/2026 0:00,E1006,C2156,P3042,10,20791.75,190342.84,R02
S502192,9/2/2026 0:00,E1005,C2314,P3007,9,60276.19,501382.23,R02
S502193,9/5/2026 0:00,E1037,C2276,P3022,4,19428.07,75789.58,R02
S502194,6/12/2026 0:00,E1007,C2418,P3046,2,7391.26,15355.06,R01
S502195,3/1/2026 0:00,E1118,C2389,P3030,11,45220.48,466131.09,R02
S502196,1/6/2026 0:00,E1022,C2210,P3037,9,63029.63,580788.62,R01
S502197,7/16/2026 0:00,E1079,C2444,P3016,9,51163.56,435993.74,R02
S502198,8/2/2026 0:00,E1120,C2427,P3015,8,13790.91,103761.11,R04
S502199,2/27/2026 0:00,E1103,C2057,P3005,3,21544.25,66908.4,R02
S502200,2/18/2026 0:00,E1091,C2185,P3003,5,36568.91,165855.78,R01
S502201,5/31/2026 0:00,E1027,C2054,P3023,2,72228.78,144329.16,R02
S502202,8/5/2026 0:00,E1057,C2209,P3010,3,45872.45,124746.7,R01
S502203,6/11/2026 0:00,E1041,C2368,P3005,1,21544.25,21977.6,R01
S502204,1/26/2026 0:00,E1086,C2429,P3023,4,72228.78,295967.73,R02
S502205,2/16/2026 0:00,E1034,C2342,P3015,5,13790.91,71299.25,R06
S502206,1/5/2026 0:00,E1015,C2293,P3018,2,39505.96,73316.23,R02
S502207,8/6/2026 0:00,E1058,C2340,P3025,3,60497.94,166733.78,R02
S502208,1/20/2026 0:00,E1102,C2304,P3008,6,40552.31,237360.03,R04
S502209,5/14/2026 0:00,E1083,C2252,P3031,6,61484.37,347046.64,R02
S502210,7/17/2026 0:00,E1022,C2374,P3021,7,42656.59,295892.23,R01
S502211,2/28/2026 0:00,E1048,C2438,P3002,9,7831.21,68864.21,R04
S502212,7/11/2026 0:00,E1017,C2304,P3022,4,19428.07,71629.57,R02
S502213,8/30/2026 0:00,E1112,C2112,P3008,5,40552.31,204969.74,R02
S502214,5/26/2026 0:00,E1017,C2366,P3023,11,72228.78,810857.92,R02
S502215,5/12/2026 0:00,E1086,C2006,P3032,2,66344.43,138587.74,R02
S502216,1/17/2026 0:00,E1030,C2418,P3008,6,40552.31,233418.49,R01
S502217,1/14/2026 0:00,E1094,C2191,P3004,4,19444.05,73938.74,R04
S502218,7/25/2026 0:00,E1009,C2334,P3030,5,45220.48,210012.82,R04
S502219,1/13/2026 0:00,E1090,C2432,P3019,7,53251.21,345595.47,R03
S502220,5/15/2026 0:00,E1004,C2279,P3023,6,72228.78,410905.77,R04
S502221,5/8/2026 0:00,E1091,C2382,P3018,8,39505.96,330988.05,R01
S502222,2/13/2026 0:00,E1020,C2340,P3053,6,16451.3,90203.02,R02
S502223,4/29/2026 0:00,E1099,C2013,P3029,10,71367.4,670072.04,R01
S502224,5/23/2026 0:00,E1068,C2303,P3023,8,72228.78,527499.35,R05
S502225,1/19/2026 0:00,E1081,C2044,P3033,4,17298.96,65116.38,R06
S502226,3/4/2026 0:00,E1088,C2105,P3052,7,64744.08,414169.27,R04
S502227,8/23/2026 0:00,E1076,C2160,P3047,3,46883.48,137309.48,R05
S502228,8/27/2026 0:00,E1084,C2154,P3018,1,39505.96,38153.01,R01
S502229,8/24/2026 0:00,E1023,C2242,P3054,9,7404.66,61717.6,R02
S502230,6/12/2026 0:00,E1048,C2181,P3044,9,31924.43,266121.75,R04
S502231,3/22/2026 0:00,E1115,C2014,P3033,6,17298.96,103162.32,R04
S502232,6/12/2026 0:00,E1093,C2180,P3007,2,60276.19,115497.4,R05
S502233,5/27/2026 0:00,E1014,C2377,P3051,8,55331.31,402116.64,R02
S502234,5/28/2026 0:00,E1034,C2292,P3028,10,47578.07,493874.11,R06
S502235,4/10/2026 0:00,E1006,C2264,P3001,6,26533.8,152952.96,R02
S502236,6/12/2026 0:00,E1092,C2168,P3056,7,48237.37,333831.54,R05
S502237,6/9/2026 0:00,E1079,C2214,P3039,1,26668.25,27543.28,R02
S502238,5/2/2026 0:00,E1028,C2150,P3034,3,16100.35,46384.65,R04
S502239,6/25/2026 0:00,E1080,C2016,P3039,1,26668.25,27284.26,R01
S502240,2/13/2026 0:00,E1025,C2091,P3019,10,53251.21,552328.38,R03
S502241,4/14/2026 0:00,E1069,C2120,P3031,1,61484.37,56941.3,R01
S502242,6/1/2026 0:00,E1113,C2444,P3013,11,31162.8,354402.45,R06
S502243,3/2/2026 0:00,E1117,C2253,P3057,1,45630.28,41887.45,R05
S502244,5/5/2026 0:00,E1065,C2060,P3024,4,36395.04,137030.11,R02
S502245,5/25/2026 0:00,E1115,C2266,P3005,7,21544.25,154011.7,R04
S502246,3/12/2026 0:00,E1096,C2409,P3023,7,72228.78,523349.43,R03
S502247,4/17/2026 0:00,E1101,C2031,P3019,5,53251.21,266953.86,R01
S502248,2/19/2026 0:00,E1050,C2021,P3001,6,26533.8,145785.81,R02
S502249,3/6/2026 0:00,E1065,C2219,P3033,2,17298.96,33852.29,R02
S502250,4/9/2026 0:00,E1080,C2081,P3059,5,17588.05,86699.86,R01
S502251,2/1/2026 0:00,E1013,C2289,P3050,7,12809.06,84487.95,R05
S502252,6/13/2026 0:00,E1029,C2031,P3056,9,48237.37,455276.33,R04
S502253,5/21/2026 0:00,E1046,C2234,P3033,6,17298.96,98639.8,R04
S502254,7/17/2026 0:00,E1095,C2405,P3032,10,66344.43,618023.72,R05
S502255,2/27/2026 0:00,E1045,C2036,P3059,4,17588.05,64479.23,R02
S502256,5/8/2026 0:00,E1018,C2449,P3028,3,47578.07,136564.55,R04
S502257,5/22/2026 0:00,E1042,C2132,P3037,9,63029.63,569474.93,R03
S502258,6/14/2026 0:00,E1051,C2324,P3041,7,58594.28,383381.67,R06
S502259,4/22/2026 0:00,E1087,C2346,P3012,11,20628.64,230416.71,R05
S502260,7/26/2026 0:00,E1059,C2132,P3009,6,23520.25,129875.55,R01
S502261,8/27/2026 0:00,E1089,C2009,P3050,7,12809.06,86621.16,R06
S502262,3/9/2026 0:00,E1086,C2030,P3055,8,2016.98,16222.26,R02
S502263,2/9/2026 0:00,E1066,C2115,P3011,5,53782.26,247478.1,R04
S502264,7/6/2026 0:00,E1077,C2301,P3033,3,17298.96,51361.11,R05
S502265,7/27/2026 0:00,E1059,C2004,P3019,3,53251.21,162923.6,R01
S502266,8/8/2026 0:00,E1100,C2325,P3054,2,7404.66,14651.34,R01
S502267,5/24/2026 0:00,E1076,C2237,P3057,8,45630.28,356543.91,R05
S502268,7/9/2026 0:00,E1076,C2023,P3042,1,20791.75,21327.03,R05
S502269,5/12/2026 0:00,E1109,C2016,P3034,8,16100.35,134961.26,R02
S502270,6/22/2026 0:00,E1072,C2022,P3007,3,60276.19,167663.7,R02
S502271,3/31/2026 0:00,E1102,C2072,P3031,9,61484.37,555407.84,R04
S502272,1/28/2026 0:00,E1090,C2304,P3052,11,64744.08,649582.86,R03
S502273,4/6/2026 0:00,E1078,C2446,P3002,2,7831.21,14196.83,R01
S502274,8/25/2026 0:00,E1045,C2444,P3019,10,53251.21,501691.81,R02
S502275,7/13/2026 0:00,E1024,C2230,P3038,9,67526.73,635476.61,R02
S502276,1/31/2026 0:00,E1028,C2107,P3032,6,66344.43,391231.52,R04
S502277,1/3/2026 0:00,E1060,C2208,P3010,1,45872.45,43131.14,R02
S502278,9/3/2026 0:00,E1111,C2389,P3041,5,58594.28,269500.85,R02
S502279,5/16/2026 0:00,E1038,C2208,P3008,10,40552.31,420944.13,R01
S502280,1/24/2026 0:00,E1007,C2263,P3026,9,41379.43,355415.99,R01
S502281,1/15/2026 0:00,E1067,C2051,P3030,6,45220.48,256672.69,R01
S502282,6/20/2026 0:00,E1007,C2065,P3011,7,53782.26,387278.61,R01
S502283,6/8/2026 0:00,E1052,C2265,P3041,4,58594.28,232188.14,R05
S502284,7/20/2026 0:00,E1023,C2338,P3020,1,8239.05,7623.56,R02
S502285,8/19/2026 0:00,E1107,C2301,P3060,5,29470.22,141932.5,R03
S502286,2/14/2026 0:00,E1090,C2378,P3020,2,8239.05,17124.61,R03
S502287,7/13/2026 0:00,E1026,C2175,P3009,8,23520.25,194781.64,R05
S502288,1/8/2026 0:00,E1081,C2023,P3008,4,40552.31,147694.18,R06
S502289,3/12/2026 0:00,E1092,C2152,P3060,1,29470.22,27710.61,R05
S502290,9/5/2026 0:00,E1074,C2266,P3015,10,13790.91,127315.05,R05
S502291,4/18/2026 0:00,E1053,C2329,P3034,7,16100.35,110456.49,R06
S502292,4/25/2026 0:00,E1090,C2304,P3024,11,36395.04,405348.76,R03
S502293,4/13/2026 0:00,E1050,C2163,P3033,2,17298.96,32671.91,R02
S502294,8/22/2026 0:00,E1104,C2438,P3041,3,58594.28,178190.96,R04
S502295,5/5/2026 0:00,E1072,C2343,P3041,9,58594.28,527510.59,R02
S502296,2/26/2026 0:00,E1120,C2367,P3045,9,50149.35,455511.56,R04
S502297,7/27/2026 0:00,E1101,C2238,P3040,2,17956.07,37428.95,R01
S502298,8/15/2026 0:00,E1108,C2199,P3027,3,3495.09,10104.57,R05
S502299,1/30/2026 0:00,E1067,C2016,P3021,11,42656.59,446411.33,R01
S502300,7/21/2026 0:00,E1062,C2309,P3005,9,21544.25,194397.94,R02
S502301,8/18/2026 0:00,E1048,C2296,P3035,1,45920.83,46891.3,R04
S502302,5/26/2026 0:00,E1037,C2356,P3021,2,42656.59,79231.78,R02
S502303,4/24/2026 0:00,E1060,C2276,P3004,11,19444.05,219663.7,R02
S502304,7/16/2026 0:00,E1078,C2239,P3049,2,44098.98,80143.53,R01
S502305,4/27/2026 0:00,E1039,C2069,P3048,10,34019.63,306502.94,R04
S502306,8/9/2026 0:00,E1012,C2301,P3016,3,51163.56,141789.18,R06
S502307,6/16/2026 0:00,E1013,C2006,P3057,10,45630.28,477657.81,R05
S502308,3/1/2026 0:00,E1044,C2220,P3031,3,61484.37,180493.79,R06
S502309,4/8/2026 0:00,E1116,C2254,P3026,10,41379.43,375305.27,R06
S502310,6/20/2026 0:00,E1041,C2433,P3052,2,64744.08,135907.71,R01
S502311,5/6/2026 0:00,E1073,C2295,P3035,8,45920.83,371678.31,R01
S502312,6/22/2026 0:00,E1012,C2358,P3006,8,23219.92,190533.52,R06
S502313,5/31/2026 0:00,E1037,C2386,P3033,8,17298.96,128972.89,R02
S502314,7/16/2026 0:00,E1054,C2107,P3021,2,42656.59,78131.3,R06
S502315,4/4/2026 0:00,E1032,C2295,P3016,9,51163.56,450002.17,R02
S502316,5/14/2026 0:00,E1034,C2118,P3047,11,46883.48,523880.22,R06
S502317,7/3/2026 0:00,E1014,C2405,P3039,7,26668.25,185868.89,R02
S502318,5/2/2026 0:00,E1019,C2168,P3034,5,16100.35,80071.78,R03
S502319,8/26/2026 0:00,E1043,C2251,P3042,7,20791.75,147516.45,R01
S502320,4/18/2026 0:00,E1060,C2082,P3057,8,45630.28,340968.84,R02
S502321,1/4/2026 0:00,E1058,C2054,P3060,9,29470.22,265027.19,R02
S502322,4/3/2026 0:00,E1025,C2240,P3015,2,13790.91,26445.91,R03
S502323,5/31/2026 0:00,E1075,C2366,P3006,6,23219.92,126845.27,R05
S502324,1/6/2026 0:00,E1032,C2012,P3002,9,7831.21,65569.88,R02
S502325,2/1/2026 0:00,E1057,C2209,P3024,6,36395.04,222541.23,R01
S502326,4/16/2026 0:00,E1107,C2165,P3056,2,48237.37,99792.47,R03
S502327,5/26/2026 0:00,E1011,C2366,P3049,1,44098.98,41559.91,R01
S502328,1/15/2026 0:00,E1062,C2294,P3028,3,47578.07,132536.44,R02
S502329,6/17/2026 0:00,E1003,C2399,P3001,11,26533.8,263854.64,R05
S502330,5/2/2026 0:00,E1104,C2007,P3001,5,26533.8,138261.61,R04
S502331,4/6/2026 0:00,E1016,C2078,P3028,7,47578.07,333905.16,R02
S502332,7/20/2026 0:00,E1004,C2434,P3036,10,30974.38,323234.54,R04
S502333,8/17/2026 0:00,E1045,C2065,P3020,10,8239.05,84827.39,R02
S502334,7/21/2026 0:00,E1032,C2102,P3048,3,34019.63,97065.15,R02
S502335,7/31/2026 0:00,E1072,C2023,P3008,9,40552.31,334642.61,R02
S502336,1/6/2026 0:00,E1069,C2357,P3001,10,26533.8,258667.01,R01
S502337,4/22/2026 0:00,E1058,C2300,P3026,4,41379.43,149631.67,R02
S502338,4/30/2026 0:00,E1065,C2287,P3051,10,55331.31,510424.42,R02
S502339,5/3/2026 0:00,E1077,C2171,P3043,2,61740.42,115456.42,R05
S502340,7/10/2026 0:00,E1016,C2077,P3049,3,44098.98,132276.7,R02
S502341,3/8/2026 0:00,E1111,C2048,P3025,5,60497.94,295375.63,R02
S502342,4/16/2026 0:00,E1118,C2255,P3010,3,45872.45,130098.34,R02
S502343,5/19/2026 0:00,E1094,C2082,P3012,5,20628.64,101566.68,R04
S502344,2/12/2026 0:00,E1011,C2383,P3041,4,58594.28,215341.1,R01
S502345,5/25/2026 0:00,E1039,C2209,P3007,11,60276.19,671893.77,R04
S502346,4/6/2026 0:00,E1049,C2209,P3012,10,20628.64,207690.23,R04
S502347,5/12/2026 0:00,E1059,C2445,P3047,3,46883.48,131153.08,R01
S502348,7/10/2026 0:00,E1052,C2084,P3040,6,17956.07,106762.35,R05
S502349,7/15/2026 0:00,E1116,C2010,P3017,8,13812.52,107792.4,R06
S502350,3/22/2026 0:00,E1073,C2029,P3005,4,21544.25,78345.45,R01
S502351,2/10/2026 0:00,E1016,C2304,P3014,9,9360.99,79339.14,R02
S502352,7/30/2026 0:00,E1019,C2446,P3034,6,16100.35,101424.71,R03
S502353,5/13/2026 0:00,E1084,C2116,P3048,5,34019.63,155627.96,R01
S502354,6/9/2026 0:00,E1118,C2269,P3017,3,13812.52,40441.47,R02
S502355,8/2/2026 0:00,E1107,C2428,P3035,5,45920.83,235895.32,R03
S502356,9/5/2026 0:00,E1090,C2047,P3055,5,2016.98,9531.22,R03
S502357,7/17/2026 0:00,E1003,C2359,P3001,4,26533.8,99672.23,R05
S502358,2/4/2026 0:00,E1106,C2448,P3059,6,17588.05,109076.05,R02
S502359,1/22/2026 0:00,E1086,C2091,P3050,3,12809.06,36341.53,R02
S502360,7/12/2026 0:00,E1100,C2053,P3050,10,12809.06,127799.07,R01
S502361,7/31/2026 0:00,E1045,C2218,P3036,1,30974.38,31316.55,R02
S502362,5/30/2026 0:00,E1027,C2348,P3015,7,13790.91,98302.28,R02
S502363,4/22/2026 0:00,E1073,C2077,P3060,7,29470.22,216443.96,R01
S502364,9/4/2026 0:00,E1039,C2204,P3019,4,53251.21,217366.93,R04
S502365,1/11/2026 0:00,E1096,C2044,P3051,9,55331.31,497260.62,R03
S502366,7/24/2026 0:00,E1044,C2156,P3042,2,20791.75,43010.63,R06
S502367,8/22/2026 0:00,E1006,C2002,P3005,1,21544.25,22316.86,R02
S502368,1/3/2026 0:00,E1012,C2357,P3019,3,53251.21,167098.3,R06
S502369,5/17/2026 0:00,E1067,C2313,P3043,7,61740.42,439300.9,R01
S502370,3/1/2026 0:00,E1035,C2057,P3039,9,26668.25,223030.63,R06
S502371,3/17/2026 0:00,E1002,C2290,P3005,2,21544.25,43367.32,R06
S502372,3/28/2026 0:00,E1085,C2058,P3052,6,64744.08,353995.74,R02
S502373,1/14/2026 0:00,E1003,C2254,P3012,3,20628.64,58648.94,R05
S502374,8/13/2026 0:00,E1087,C2180,P3019,5,53251.21,244255.61,R05
S502375,1/18/2026 0:00,E1021,C2157,P3047,9,46883.48,439880.62,R04
S502376,4/23/2026 0:00,E1063,C2035,P3012,3,20628.64,58841.94,R05
S502377,8/21/2026 0:00,E1089,C2075,P3036,1,30974.38,31190.65,R06
S502378,3/14/2026 0:00,E1022,C2432,P3012,5,20628.64,101668.02,R01
S502379,1/23/2026 0:00,E1090,C2289,P3018,1,39505.96,36192.47,R03
S502380,7/21/2026 0:00,E1070,C2371,P3049,8,44098.98,347218.32,R06
S502381,3/24/2026 0:00,E1013,C2075,P3051,7,55331.31,386991.32,R05
S502382,5/5/2026 0:00,E1023,C2329,P3048,11,34019.63,386276.01,R02
S502383,6/24/2026 0:00,E1021,C2078,P3043,2,61740.42,112430.89,R04
S502384,3/10/2026 0:00,E1084,C2255,P3034,11,16100.35,167247.15,R01
S502385,2/16/2026 0:00,E1002,C2265,P3048,9,34019.63,307355.8,R06
S502386,4/26/2026 0:00,E1031,C2304,P3033,5,17298.96,78290.75,R04
S502387,8/3/2026 0:00,E1099,C2067,P3049,7,44098.98,287248.9,R01
S502388,1/30/2026 0:00,E1025,C2221,P3018,4,39505.96,147404.73,R03
S502389,1/25/2026 0:00,E1015,C2164,P3057,1,45630.28,45648.48,R02
S502390,6/5/2026 0:00,E1037,C2375,P3029,8,71367.4,538335.2,R02
S502391,8/14/2026 0:00,E1071,C2220,P3045,1,50149.35,49644.81,R05
S502392,8/25/2026 0:00,E1077,C2172,P3005,3,21544.25,67528.44,R05
S502393,9/5/2026 0:00,E1025,C2254,P3025,6,60497.94,369879.49,R03
S502394,4/22/2026 0:00,E1062,C2210,P3024,8,36395.04,276583.5,R02
S502395,8/27/2026 0:00,E1097,C2188,P3029,8,71367.4,554302.03,R04
S502396,1/25/2026 0:00,E1057,C2191,P3059,2,17588.05,32717.33,R01
S502397,3/15/2026 0:00,E1079,C2389,P3038,9,67526.73,548399.57,R02
S502398,7/25/2026 0:00,E1082,C2215,P3033,4,17298.96,65283.32,R04
S502399,8/22/2026 0:00,E1025,C2375,P3010,4,45872.45,175308.23,R03
S502400,8/26/2026 0:00,E1079,C2086,P3037,2,63029.63,124124.89,R02
S502401,2/27/2026 0:00,E1025,C2106,P3060,1,29470.22,30696.48,R03
S502402,4/4/2026 0:00,E1056,C2332,P3033,10,17298.96,180285.92,R06
S502403,4/29/2026 0:00,E1027,C2296,P3023,7,72228.78,460357.58,R02
S502404,5/7/2026 0:00,E1068,C2019,P3058,11,41115.63,448742.79,R05
S502405,6/18/2026 0:00,E1082,C2047,P3011,10,53782.26,487457.07,R04
S502406,1/25/2026 0:00,E1039,C2065,P3024,3,36395.04,108880.73,R04
S502407,3/19/2026 0:00,E1112,C2023,P3024,4,36395.04,133592.43,R02
S502408,4/9/2026 0:00,E1067,C2146,P3007,11,60276.19,690859.45,R01
S502409,4/26/2026 0:00,E1115,C2434,P3050,9,12809.06,118699.73,R04
S502410,2/17/2026 0:00,E1077,C2286,P3021,6,42656.59,231202.81,R05
S502411,8/14/2026 0:00,E1053,C2382,P3020,1,8239.05,8381.75,R06
S502412,1/10/2026 0:00,E1036,C2066,P3053,9,16451.3,147378.33,R05
S502413,4/9/2026 0:00,E1045,C2005,P3010,9,45872.45,402243.97,R02
S502414,7/22/2026 0:00,E1030,C2093,P3025,5,60497.94,299584.34,R01
S502415,1/11/2026 0:00,E1038,C2353,P3047,8,46883.48,375719.52,R01
S502416,3/26/2026 0:00,E1083,C2426,P3036,7,30974.38,223903.89,R02
S502417,5/29/2026 0:00,E1060,C2094,P3048,11,34019.63,379867.96,R02
S502418,8/2/2026 0:00,E1056,C2106,P3047,8,46883.48,369931.91,R06
S502419,6/22/2026 0:00,E1041,C2133,P3015,9,13790.91,127058.84,R01
S502420,5/15/2026 0:00,E1044,C2434,P3044,2,31924.43,66916.06,R06
S502421,9/4/2026 0:00,E1029,C2341,P3040,10,17956.07,169689.76,R04
S502422,7/28/2026 0:00,E1030,C2314,P3040,5,17956.07,82397.09,R01
S502423,7/11/2026 0:00,E1045,C2079,P3050,8,12809.06,103468.23,R02
S502424,5/6/2026 0:00,E1004,C2212,P3006,3,23219.92,72919.1,R04
S502425,3/5/2026 0:00,E1118,C2008,P3037,11,63029.63,636130.62,R02
S502426,1/2/2026 0:00,E1011,C2159,P3002,11,7831.21,83107.28,R01
S502427,3/17/2026 0:00,E1061,C2268,P3012,6,20628.64,112550.7,R03
S502428,5/1/2026 0:00,E1108,C2149,P3058,6,41115.63,250759.24,R05
S502429,2/11/2026 0:00,E1015,C2350,P3004,7,19444.05,141866.59,R02
S502430,7/29/2026 0:00,E1078,C2446,P3023,11,72228.78,774533.79,R01
S502431,2/23/2026 0:00,E1049,C2091,P3013,3,31162.8,89882.38,R04
S502432,3/16/2026 0:00,E1044,C2236,P3017,8,13812.52,114495.61,R06
S502433,1/16/2026 0:00,E1096,C2289,P3031,8,61484.37,452529.03,R03
S502434,8/29/2026 0:00,E1033,C2410,P3016,9,51163.56,476007.28,R01
S502435,8/31/2026 0:00,E1033,C2356,P3041,8,58594.28,449450.42,R01
S502436,1/18/2026 0:00,E1044,C2168,P3026,3,41379.43,122141.02,R06
S502437,8/15/2026 0:00,E1033,C2193,P3028,6,47578.07,279543.18,R01
S502438,9/2/2026 0:00,E1027,C2187,P3001,9,26533.8,236988.54,R02
S502439,7/6/2026 0:00,E1117,C2271,P3047,1,46883.48,48820.63,R05
S502440,3/31/2026 0:00,E1002,C2114,P3012,3,20628.64,64526.53,R06
S502441,5/24/2026 0:00,E1058,C2385,P3037,2,63029.63,129169.42,R02
S502442,1/6/2026 0:00,E1108,C2011,P3055,8,2016.98,14985.86,R05
S502443,7/4/2026 0:00,E1003,C2055,P3056,6,48237.37,274960.95,R05
S502444,4/18/2026 0:00,E1083,C2258,P3050,10,12809.06,124654.41,R02
S502445,8/23/2026 0:00,E1031,C2065,P3020,11,8239.05,93875.82,R04
S502446,6/24/2026 0:00,E1105,C2172,P3002,11,7831.21,84259.33,R06
S502447,8/27/2026 0:00,E1073,C2272,P3036,8,30974.38,259346.09,R01
S502448,2/17/2026 0:00,E1054,C2150,P3015,2,13790.91,28894.06,R06
S502449,2/11/2026 0:00,E1093,C2362,P3038,11,67526.73,735208.35,R05
S502450,3/17/2026 0:00,E1010,C2146,P3022,6,19428.07,120254.81,R05
S502451,7/7/2026 0:00,E1023,C2431,P3044,7,31924.43,234618.51,R02
S502452,3/18/2026 0:00,E1035,C2209,P3050,8,12809.06,105286.12,R06
S502453,5/12/2026 0:00,E1112,C2286,P3032,9,66344.43,596226.11,R02
S502454,8/19/2026 0:00,E1051,C2010,P3059,5,17588.05,90294.41,R06
S502455,9/3/2026 0:00,E1002,C2227,P3020,11,8239.05,82690.24,R06
S502456,5/10/2026 0:00,E1075,C2186,P3036,3,30974.38,92479.26,R05
S502457,8/6/2026 0:00,E1086,C2062,P3033,2,17298.96,32261.81,R02
S502458,2/28/2026 0:00,E1055,C2085,P3015,8,13790.91,101215.3,R04
S502459,6/4/2026 0:00,E1085,C2134,P3050,1,12809.06,13243.68,R02
S502460,1/27/2026 0:00,E1102,C2323,P3046,10,7391.26,73613.01,R04
S502461,3/20/2026 0:00,E1042,C2297,P3003,6,36568.91,205487.72,R03
S502462,3/13/2026 0:00,E1047,C2171,P3029,2,71367.4,136742.41,R02
S502463,1/7/2026 0:00,E1070,C2213,P3047,3,46883.48,147119.16,R06
S502464,7/10/2026 0:00,E1010,C2018,P3027,8,3495.09,28780.73,R05
S502465,4/21/2026 0:00,E1107,C2314,P3005,1,21544.25,19440.18,R03
S502466,4/29/2026 0:00,E1023,C2060,P3059,6,17588.05,110484.98,R02
S502467,6/23/2026 0:00,E1019,C2088,P3056,3,48237.37,138240.5,R03
S502468,3/4/2026 0:00,E1078,C2027,P3031,6,61484.37,370497.21,R01
S502469,8/20/2026 0:00,E1108,C2068,P3022,3,19428.07,58686.46,R05
S502470,5/4/2026 0:00,E1045,C2278,P3035,11,45920.83,523693.97,R02
S502471,1/12/2026 0:00,E1041,C2408,P3054,11,7404.66,84119.53,R01
S502472,5/21/2026 0:00,E1075,C2040,P3007,8,60276.19,454366.47,R05
S502473,2/12/2026 0:00,E1007,C2109,P3006,5,23219.92,115696.77,R01
S502474,1/17/2026 0:00,E1085,C2074,P3026,4,41379.43,158740.73,R02
S502475,3/4/2026 0:00,E1050,C2066,P3054,9,7404.66,65231.23,R02
S502476,7/28/2026 0:00,E1113,C2168,P3001,5,26533.8,130440.4,R06
S502477,4/30/2026 0:00,E1008,C2262,P3019,4,53251.21,204367.82,R06
S502478,2/5/2026 0:00,E1082,C2368,P3007,8,60276.19,467542.68,R04
S502479,8/1/2026 0:00,E1071,C2274,P3036,8,30974.38,230759.46,R05
S502480,1/8/2026 0:00,E1017,C2337,P3012,8,20628.64,163568.11,R02
S502481,3/10/2026 0:00,E1002,C2358,P3020,4,8239.05,33412.44,R06
S502482,3/31/2026 0:00,E1117,C2237,P3023,1,72228.78,69661.85,R05
S502483,7/27/2026 0:00,E1038,C2215,P3025,2,60497.94,126640.58,R01
S502484,2/5/2026 0:00,E1105,C2366,P3030,4,45220.48,164346.41,R06
S502485,1/28/2026 0:00,E1085,C2286,P3059,10,17588.05,173835.73,R02
S502486,4/28/2026 0:00,E1120,C2378,P3029,2,71367.4,140956.34,R04
S502487,4/3/2026 0:00,E1038,C2149,P3031,11,61484.37,612377.49,R01
S502488,6/24/2026 0:00,E1083,C2318,P3018,10,39505.96,368861.43,R02
S502489,3/17/2026 0:00,E1066,C2394,P3041,3,58594.28,182081.38,R04
S502490,4/11/2026 0:00,E1092,C2376,P3019,9,53251.21,470479.44,R05
S502491,6/7/2026 0:00,E1088,C2107,P3054,9,7404.66,64339.99,R04
S502492,5/31/2026 0:00,E1064,C2141,P3004,11,19444.05,205826.34,R02
S502493,5/24/2026 0:00,E1074,C2076,P3001,9,26533.8,246738.26,R05
S502494,1/14/2026 0:00,E1063,C2009,P3041,7,58594.28,391725.19,R05
S502495,7/21/2026 0:00,E1034,C2196,P3059,4,17588.05,72383.62,R06
S502496,3/12/2026 0:00,E1068,C2295,P3015,1,13790.91,13051.43,R05
S502497,8/25/2026 0:00,E1031,C2280,P3054,3,7404.66,21763.6,R04
S502498,6/29/2026 0:00,E1113,C2381,P3008,8,40552.31,298975.3,R06
S502499,5/4/2026 0:00,E1021,C2118,P3015,4,13790.91,56474.03,R04
S502500,5/5/2026 0:00,E1062,C2290,P3015,10,13790.91,139342.83,R02
S502501,2/6/2026 0:00,E1084,C2061,P3050,10,12809.06,125466.53,R01
S502502,1/29/2026 0:00,E1109,C2425,P3039,2,26668.25,48210.07,R02
S502503,7/14/2026 0:00,E1076,C2389,P3022,8,19428.07,151101.99,R05
S502504,5/23/2026 0:00,E1025,C2335,P3018,7,39505.96,258228.98,R03
S502505,8/16/2026 0:00,E1005,C2306,P3016,11,51163.56,541416.25,R02
S502506,6/24/2026 0:00,E1038,C2388,P3002,10,7831.21,80541.17,R01
S502507,6/23/2026 0:00,E1005,C2051,P3036,9,30974.38,283073.76,R02
S502508,6/29/2026 0:00,E1079,C2052,P3020,2,8239.05,15428.33,R02
S502509,1/19/2026 0:00,E1091,C2122,P3016,5,51163.56,268031.31,R01
S502510,7/24/2026 0:00,E1079,C2167,P3003,6,36568.91,227198.6,R02
S502511,4/16/2026 0:00,E1019,C2008,P3056,2,48237.37,94477.81,R03
S502512,1/21/2026 0:00,E1090,C2369,P3030,2,45220.48,88588.96,R03
S502513,3/5/2026 0:00,E1068,C2045,P3055,10,2016.98,20879.57,R05
S502514,6/14/2026 0:00,E1050,C2344,P3002,4,7831.21,31181.43,R02
S502515,1/27/2026 0:00,E1034,C2245,P3035,8,45920.83,360204.19,R06
S502516,2/24/2026 0:00,E1060,C2284,P3026,11,41379.43,460805.27,R02
S502517,9/1/2026 0:00,E1085,C2375,P3057,5,45630.28,213381.92,R02
S502518,1/29/2026 0:00,E1075,C2107,P3005,9,21544.25,200055.8,R05
S502519,5/28/2026 0:00,E1029,C2027,P3002,4,7831.21,30689.33,R04
S502520,1/25/2026 0:00,E1036,C2193,P3051,3,55331.31,164421.12,R05
S502521,3/11/2026 0:00,E1105,C2418,P3056,10,48237.37,440644.31,R06
S502522,3/4/2026 0:00,E1011,C2337,P3020,8,8239.05,62381.23,R01
S502523,6/13/2026 0:00,E1067,C2357,P3034,1,16100.35,15520.9,R01
S502524,5/10/2026 0:00,E1044,C2062,P3034,9,16100.35,139409.35,R06
S502525,5/30/2026 0:00,E1087,C2062,P3054,4,7404.66,30114.53,R05
S502526,8/12/2026 0:00,E1010,C2422,P3056,11,48237.37,500020.47,R05
S502527,1/16/2026 0:00,E1062,C2282,P3055,9,2016.98,16833.41,R02
S502528,5/26/2026 0:00,E1113,C2121,P3020,8,8239.05,65081.42,R06
S502529,7/16/2026 0:00,E1016,C2280,P3050,3,12809.06,38129.45,R02
S502530,7/1/2026 0:00,E1101,C2039,P3025,3,60497.94,166654.43,R01
S502531,4/10/2026 0:00,E1059,C2380,P3020,9,8239.05,66763.76,R01
S502532,1/30/2026 0:00,E1071,C2277,P3025,3,60497.94,188326.58,R05
S502533,2/14/2026 0:00,E1107,C2094,P3053,4,16451.3,60010.76,R03
S502534,1/19/2026 0:00,E1023,C2431,P3014,9,9360.99,87170.67,R02
S502535,8/3/2026 0:00,E1066,C2115,P3060,4,29470.22,113151.76,R04
S502536,2/3/2026 0:00,E1043,C2176,P3047,11,46883.48,514665.38,R01
S502537,5/21/2026 0:00,E1089,C2121,P3044,3,31924.43,88862.5,R06
S502538,6/20/2026 0:00,E1073,C2013,P3043,7,61740.42,442377.08,R01
S502539,3/3/2026 0:00,E1058,C2387,P3043,6,61740.42,343410.96,R02
S502540,4/28/2026 0:00,E1024,C2416,P3039,1,26668.25,25547.55,R02
S502541,8/9/2026 0:00,E1110,C2163,P3012,10,20628.64,193022.98,R01
S502542,4/10/2026 0:00,E1026,C2275,P3048,8,34019.63,279131.31,R05
S502543,1/22/2026 0:00,E1093,C2398,P3005,1,21544.25,22163.66,R05
S502544,6/29/2026 0:00,E1107,C2176,P3002,4,7831.21,29940.42,R03
S502545,6/29/2026 0:00,E1007,C2337,P3054,6,7404.66,42033.59,R01
S502546,4/21/2026 0:00,E1035,C2379,P3016,6,51163.56,311903.75,R06
S502547,6/13/2026 0:00,E1065,C2324,P3055,7,2016.98,14567.51,R02
S502548,3/14/2026 0:00,E1010,C2173,P3030,11,45220.48,494243.25,R05
S502549,8/19/2026 0:00,E1062,C2275,P3047,5,46883.48,243585.59,R02
S502550,8/31/2026 0:00,E1051,C2064,P3043,5,61740.42,295568.85,R06
S502551,5/27/2026 0:00,E1099,C2101,P3038,4,67526.73,249250.06,R01
S502552,2/7/2026 0:00,E1053,C2322,P3045,6,50149.35,278914.57,R06
S502553,3/11/2026 0:00,E1062,C2066,P3051,7,55331.31,387503.07,R02
S502554,4/26/2026 0:00,E1072,C2331,P3042,10,20791.75,199835.53,R02
S502555,8/27/2026 0:00,E1038,C2045,P3024,10,36395.04,336088.97,R01
S502556,3/20/2026 0:00,E1032,C2087,P3051,1,55331.31,52223.57,R02
S502557,7/4/2026 0:00,E1100,C2067,P3030,9,45220.48,398678.08,R01
S502558,5/28/2026 0:00,E1043,C2259,P3037,8,63029.63,462998.92,R01
S502559,1/9/2026 0:00,E1064,C2422,P3057,7,45630.28,287635.7,R02
S502560,2/1/2026 0:00,E1095,C2205,P3059,9,17588.05,164243.41,R05
S502561,5/12/2026 0:00,E1060,C2426,P3053,3,16451.3,46675.42,R02
S502562,2/19/2026 0:00,E1015,C2424,P3039,10,26668.25,248874.7,R02
S502563,3/23/2026 0:00,E1037,C2178,P3011,4,53782.26,216155.66,R02
S502564,1/5/2026 0:00,E1037,C2419,P3014,7,9360.99,67362.37,R02
S502565,5/28/2026 0:00,E1119,C2280,P3023,6,72228.78,431137.26,R06
S502566,3/28/2026 0:00,E1081,C2344,P3053,2,16451.3,30868.31,R06
S502567,5/6/2026 0:00,E1009,C2017,P3016,2,51163.56,105319.73,R04
S502568,3/16/2026 0:00,E1027,C2296,P3050,10,12809.06,125088.68,R02
S502569,6/14/2026 0:00,E1037,C2202,P3021,7,42656.59,285809.83,R02
S502570,1/22/2026 0:00,E1050,C2450,P3055,9,2016.98,17984.16,R02
S502571,7/5/2026 0:00,E1087,C2172,P3055,11,2016.98,22299.75,R05
S502572,3/9/2026 0:00,E1029,C2407,P3004,9,19444.05,173084.52,R04
S502573,8/9/2026 0:00,E1070,C2262,P3033,7,17298.96,125698.7,R06
S502574,2/13/2026 0:00,E1064,C2194,P3054,11,7404.66,80979.06,R02
S502575,2/3/2026 0:00,E1082,C2149,P3047,8,46883.48,386990.16,R04
S502576,3/18/2026 0:00,E1088,C2375,P3014,10,9360.99,92490.68,R04
S502577,2/11/2026 0:00,E1078,C2376,P3019,3,53251.21,151678.39,R01
S502578,5/17/2026 0:00,E1082,C2035,P3059,1,17588.05,17233.55,R04
S502579,4/16/2026 0:00,E1053,C2369,P3005,7,21544.25,137681.84,R06
S502580,4/5/2026 0:00,E1106,C2029,P3036,8,30974.38,231570.96,R02
S502581,5/15/2026 0:00,E1104,C2263,P3031,2,61484.37,124805.25,R04
S502582,3/9/2026 0:00,E1044,C2221,P3045,9,50149.35,450992.71,R06
S502583,5/27/2026 0:00,E1103,C2053,P3018,4,39505.96,146168.54,R02
S502584,8/22/2026 0:00,E1030,C2421,P3044,10,31924.43,308294.95,R01
S502585,8/10/2026 0:00,E1084,C2279,P3031,11,61484.37,623100.26,R01
S502586,6/8/2026 0:00,E1011,C2353,P3055,9,2016.98,18667.86,R01
S502587,5/8/2026 0:00,E1108,C2392,P3030,3,45220.48,124316.81,R05
S502588,6/12/2026 0:00,E1041,C2076,P3021,8,42656.59,340616.37,R01
S502589,7/4/2026 0:00,E1084,C2176,P3047,11,46883.48,511102.6,R01
S502590,3/26/2026 0:00,E1002,C2010,P3030,2,45220.48,87810.62,R06
S502591,7/8/2026 0:00,E1041,C2117,P3055,3,2016.98,5698.38,R01
S502592,6/8/2026 0:00,E1022,C2280,P3041,1,58594.28,56285.28,R01
S502593,3/24/2026 0:00,E1067,C2218,P3004,5,19444.05,99257.86,R01
S502594,4/5/2026 0:00,E1016,C2175,P3005,4,21544.25,87403.52,R02
S502595,6/30/2026 0:00,E1005,C2234,P3041,1,58594.28,59228.35,R02
S502596,2/1/2026 0:00,E1062,C2437,P3045,10,50149.35,507748.9,R02
S502597,3/7/2026 0:00,E1063,C2252,P3010,9,45872.45,380477.41,R05
S502598,7/6/2026 0:00,E1021,C2295,P3027,6,3495.09,19185.2,R04
S502599,4/26/2026 0:00,E1011,C2023,P3016,6,51163.56,315952.83,R01
S502600,5/18/2026 0:00,E1089,C2322,P3030,11,45220.48,510147.52,R06
S502601,5/10/2026 0:00,E1107,C2006,P3013,2,31162.8,62462.58,R03
S502602,7/13/2026 0:00,E1035,C2021,P3036,7,30974.38,214844.53,R06
S502603,3/1/2026 0:00,E1112,C2073,P3021,9,42656.59,366645.2,R02
S502604,8/4/2026 0:00,E1050,C2330,P3045,6,50149.35,280920.33,R02
S502605,1/17/2026 0:00,E1034,C2036,P3053,11,16451.3,180991.17,R06
S502606,4/6/2026 0:00,E1100,C2387,P3040,8,17956.07,148957.12,R01
S502607,5/24/2026 0:00,E1105,C2233,P3045,5,50149.35,242108.4,R06
S502608,1/16/2026 0:00,E1063,C2216,P3015,2,13790.91,26078.11,R05
S502609,2/15/2026 0:00,E1011,C2206,P3020,4,8239.05,30998.97,R01
S502610,6/16/2026 0:00,E1056,C2426,P3020,1,8239.05,7444.44,R06
S502611,9/2/2026 0:00,E1086,C2429,P3045,1,50149.35,49048.45,R02
S502612,6/8/2026 0:00,E1067,C2044,P3055,6,2016.98,12685.62,R01
S502613,4/17/2026 0:00,E1079,C2091,P3059,2,17588.05,35960.02,R02
S502614,3/29/2026 0:00,E1002,C2417,P3005,6,21544.25,133740.83,R06
S502615,5/9/2026 0:00,E1006,C2316,P3054,1,7404.66,7354.12,R02
S502616,5/19/2026 0:00,E1082,C2093,P3054,11,7404.66,79188.3,R04
S502617,4/29/2026 0:00,E1016,C2339,P3060,10,29470.22,309015.46,R02
S502618,3/26/2026 0:00,E1115,C2083,P3032,3,66344.43,192479.98,R04
S502619,1/4/2026 0:00,E1029,C2333,P3006,9,23219.92,216821.14,R04
S502620,3/12/2026 0:00,E1097,C2282,P3030,2,45220.48,91732.16,R04
S502621,6/3/2026 0:00,E1024,C2021,P3026,8,41379.43,314366.73,R02
S502622,4/21/2026 0:00,E1114,C2228,P3037,6,63029.63,368897.04,R05
S502623,2/19/2026 0:00,E1111,C2376,P3013,6,31162.8,179058.22,R02
S502624,5/20/2026 0:00,E1109,C2130,P3029,7,71367.4,459822.62,R02
S502625,4/5/2026 0:00,E1018,C2175,P3005,5,21544.25,102713.83,R04
S502626,7/28/2026 0:00,E1115,C2108,P3025,11,60497.94,687668.3,R04
S502627,8/13/2026 0:00,E1100,C2414,P3013,4,31162.8,126258.62,R01
S502628,7/22/2026 0:00,E1014,C2283,P3024,6,36395.04,205625.53,R02
S502629,4/2/2026 0:00,E1015,C2071,P3031,8,61484.37,469832.57,R02
S502630,8/12/2026 0:00,E1012,C2404,P3020,4,8239.05,32707.88,R06
S502631,3/6/2026 0:00,E1029,C2050,P3055,5,2016.98,9705.92,R04
S502632,2/16/2026 0:00,E1044,C2095,P3008,7,40552.31,276899.13,R06
S502633,8/8/2026 0:00,E1098,C2279,P3060,6,29470.22,177656.85,R03
S502634,6/30/2026 0:00,E1101,C2397,P3009,4,23520.25,91266.81,R01
S502635,4/16/2026 0:00,E1063,C2337,P3021,4,42656.59,158451.4,R05
S502636,7/18/2026 0:00,E1066,C2132,P3051,10,55331.31,541187.85,R04
S502637,5/10/2026 0:00,E1032,C2398,P3020,4,8239.05,31421.03,R02
S502638,4/16/2026 0:00,E1083,C2276,P3015,1,13790.91,13013.24,R02
S502639,1/24/2026 0:00,E1113,C2380,P3026,5,41379.43,196390.14,R06
S502640,1/4/2026 0:00,E1075,C2013,P3054,8,7404.66,57214.35,R05
S502641,4/18/2026 0:00,E1011,C2003,P3042,7,20791.75,150343.98,R01
S502642,1/19/2026 0:00,E1009,C2224,P3011,5,53782.26,271629.61,R04
S502643,6/3/2026 0:00,E1022,C2175,P3037,3,63029.63,189123.36,R01
S502644,7/22/2026 0:00,E1079,C2387,P3041,11,58594.28,625645.07,R02
S502645,2/9/2026 0:00,E1061,C2385,P3011,1,53782.26,48418.8,R03
S502646,2/19/2026 0:00,E1052,C2090,P3027,7,3495.09,23268.84,R05
S502647,6/20/2026 0:00,E1071,C2408,P3030,11,45220.48,508358.09,R05
S502648,3/16/2026 0:00,E1072,C2241,P3019,3,53251.21,153080.02,R02
S502649,8/25/2026 0:00,E1031,C2035,P3034,4,16100.35,63407.87,R04
S502650,7/14/2026 0:00,E1097,C2014,P3038,5,67526.73,314239.34,R04
S502651,1/12/2026 0:00,E1018,C2195,P3023,8,72228.78,599428.76,R04
S502652,7/14/2026 0:00,E1077,C2397,P3053,7,16451.3,119589.91,R05
S502653,8/22/2026 0:00,E1021,C2431,P3001,9,26533.8,220156.11,R04
S502654,1/27/2026 0:00,E1050,C2306,P3003,11,36568.91,405727.02,R02
S502655,4/23/2026 0:00,E1075,C2334,P3003,3,36568.91,99974.18,R05
S502656,7/1/2026 0:00,E1003,C2213,P3028,11,47578.07,518011.16,R05
S502657,7/13/2026 0:00,E1038,C2410,P3014,10,9360.99,86757.47,R01
S502658,2/18/2026 0:00,E1002,C2003,P3052,1,64744.08,59684.7,R06
S502659,5/24/2026 0:00,E1005,C2179,P3030,1,45220.48,40726.38,R02
S502660,5/10/2026 0:00,E1102,C2040,P3058,10,41115.63,428066.57,R04
S502661,3/1/2026 0:00,E1056,C2164,P3054,1,7404.66,7585.24,R06
S502662,7/1/2026 0:00,E1026,C2307,P3005,2,21544.25,39280.4,R05
S502663,1/30/2026 0:00,E1004,C2235,P3049,2,44098.98,87307.72,R04
S502664,3/25/2026 0:00,E1010,C2257,P3015,7,13790.91,90255.21,R05
S502665,6/15/2026 0:00,E1088,C2360,P3038,9,67526.73,571034.49,R04
S502666,1/28/2026 0:00,E1089,C2417,P3014,8,9360.99,77218.85,R06
S502667,1/25/2026 0:00,E1078,C2391,P3014,4,9360.99,34341.69,R01
S502668,4/6/2026 0:00,E1076,C2373,P3057,2,45630.28,90368.35,R05
S502669,5/5/2026 0:00,E1035,C2116,P3059,3,17588.05,50663.52,R06
S502670,1/10/2026 0:00,E1045,C2052,P3049,10,44098.98,409511.99,R02
S502671,7/7/2026 0:00,E1076,C2376,P3008,5,40552.31,196230.14,R05
S502672,2/11/2026 0:00,E1096,C2395,P3008,9,40552.31,379961.38,R03
S502673,2/9/2026 0:00,E1023,C2411,P3019,8,53251.21,433354.73,R02
S502674,8/13/2026 0:00,E1072,C2142,P3032,3,66344.43,183074.15,R02
S502675,3/18/2026 0:00,E1116,C2086,P3031,9,61484.37,568529.38,R06
S502676,9/5/2026 0:00,E1003,C2046,P3029,10,71367.4,742660.64,R05
S502677,4/15/2026 0:00,E1096,C2332,P3041,3,58594.28,165507.39,R03
S502678,4/28/2026 0:00,E1068,C2238,P3011,10,53782.26,510938.44,R05
S502679,2/11/2026 0:00,E1033,C2010,P3045,8,50149.35,368676.55,R01
S502680,2/16/2026 0:00,E1108,C2152,P3013,1,31162.8,29658.91,R05
S502681,6/14/2026 0:00,E1017,C2061,P3027,4,3495.09,13993.94,R02
S502682,9/3/2026 0:00,E1078,C2018,P3056,4,48237.37,181531.36,R01
S502683,7/27/2026 0:00,E1002,C2086,P3019,6,53251.21,287883.63,R06
S502684,8/25/2026 0:00,E1119,C2137,P3026,2,41379.43,78685.61,R06
S502685,1/22/2026 0:00,E1074,C2401,P3053,7,16451.3,111471.26,R05
S502686,7/4/2026 0:00,E1050,C2230,P3051,5,55331.31,272493.81,R02
S502687,7/31/2026 0:00,E1052,C2128,P3037,10,63029.63,631918.53,R05
S502688,8/30/2026 0:00,E1014,C2104,P3048,6,34019.63,185597.69,R02
S502689,4/17/2026 0:00,E1016,C2186,P3009,11,23520.25,251080.8,R02
S502690,1/27/2026 0:00,E1055,C2397,P3028,6,47578.07,268327.29,R04
S502691,2/10/2026 0:00,E1046,C2178,P3032,11,66344.43,760582.48,R04
S502692,3/21/2026 0:00,E1009,C2357,P3052,6,64744.08,370589.2,R04
S502693,6/11/2026 0:00,E1076,C2006,P3054,10,7404.66,67754.01,R05
S502694,6/9/2026 0:00,E1048,C2341,P3003,8,36568.91,265116.91,R04
S502695,8/6/2026 0:00,E1071,C2307,P3051,10,55331.31,520009.67,R05
S502696,3/30/2026 0:00,E1116,C2036,P3032,4,66344.43,245960.51,R06
S502697,3/7/2026 0:00,E1020,C2327,P3005,10,21544.25,214897.42,R02
S502698,1/12/2026 0:00,E1113,C2356,P3008,8,40552.31,333192.37,R06
S502699,6/17/2026 0:00,E1039,C2281,P3014,9,9360.99,79773.93,R04
S502700,3/14/2026 0:00,E1012,C2395,P3056,4,48237.37,190377.22,R06
S502701,3/17/2026 0:00,E1119,C2300,P3003,1,36568.91,36917.99,R06
S502702,3/31/2026 0:00,E1045,C2014,P3024,3,36395.04,104792.95,R02
S502703,7/20/2026 0:00,E1021,C2237,P3013,1,31162.8,28356.55,R04
S502704,1/10/2026 0:00,E1021,C2285,P3043,7,61740.42,403822.12,R04
S502705,4/6/2026 0:00,E1022,C2330,P3029,1,71367.4,73683.98,R01
S502706,8/14/2026 0:00,E1084,C2050,P3008,11,40552.31,456634.92,R01
S502707,6/25/2026 0:00,E1059,C2261,P3051,4,55331.31,202065.49,R01
S502708,1/20/2026 0:00,E1052,C2110,P3042,1,20791.75,19411.02,R05
S502709,2/8/2026 0:00,E1076,C2197,P3031,2,61484.37,124859.36,R05
S502710,3/1/2026 0:00,E1100,C2378,P3026,11,41379.43,442831.57,R01
S502711,3/7/2026 0:00,E1027,C2252,P3018,1,39505.96,40058.85,R02
S502712,3/6/2026 0:00,E1031,C2088,P3058,5,41115.63,191529.73,R04
S502713,6/28/2026 0:00,E1075,C2313,P3018,7,39505.96,288406.67,R05
S502714,5/4/2026 0:00,E1112,C2026,P3057,3,45630.28,139292.06,R02
S502715,6/13/2026 0:00,E1117,C2262,P3007,8,60276.19,448270.58,R05
S502716,6/1/2026 0:00,E1032,C2144,P3048,5,34019.63,167337.01,R02
S502717,9/3/2026 0:00,E1044,C2060,P3038,5,67526.73,309598.09,R06
S502718,6/4/2026 0:00,E1070,C2356,P3048,5,34019.63,162310.24,R06
S502719,5/10/2026 0:00,E1063,C2268,P3016,8,51163.56,408875.92,R05
S502720,6/8/2026 0:00,E1063,C2075,P3055,2,2016.98,3830.32,R05
S502721,2/26/2026 0:00,E1072,C2003,P3056,2,48237.37,96331.36,R02
S502722,3/19/2026 0:00,E1080,C2063,P3060,8,29470.22,220842.03,R01
S502723,7/13/2026 0:00,E1070,C2236,P3033,9,17298.96,156964.35,R06
S502724,1/29/2026 0:00,E1092,C2448,P3056,11,48237.37,506170.29,R05
S502725,1/15/2026 0:00,E1113,C2446,P3051,10,55331.31,563589.34,R06
S502726,1/12/2026 0:00,E1114,C2229,P3003,10,36568.91,336618.09,R05
S502727,4/11/2026 0:00,E1105,C2390,P3038,2,67526.73,128881.07,R06
S502728,6/5/2026 0:00,E1018,C2275,P3004,4,19444.05,75411.02,R04
S502729,3/25/2026 0:00,E1020,C2018,P3036,8,30974.38,238769.56,R02
S502730,5/5/2026 0:00,E1053,C2080,P3004,2,19444.05,37525.62,R06
S502731,4/13/2026 0:00,E1115,C2215,P3042,4,20791.75,80399.24,R04
S502732,1/24/2026 0:00,E1072,C2171,P3009,10,23520.25,246567.61,R02
S502733,5/29/2026 0:00,E1065,C2329,P3040,1,17956.07,16680.71,R02
S502734,5/18/2026 0:00,E1095,C2255,P3051,2,55331.31,112355.71,R05
S502735,4/20/2026 0:00,E1077,C2387,P3017,7,13812.52,95021.55,R05
S502736,3/19/2026 0:00,E1082,C2126,P3017,1,13812.52,13288.26,R04
S502737,4/11/2026 0:00,E1031,C2255,P3033,1,17298.96,17212.97,R04
S502738,5/26/2026 0:00,E1026,C2072,P3020,2,8239.05,16939.98,R05
S502739,8/4/2026 0:00,E1106,C2038,P3014,4,9360.99,36320.48,R02
S502740,5/22/2026 0:00,E1077,C2324,P3022,7,19428.07,140038.33,R05
S502741,6/11/2026 0:00,E1073,C2204,P3052,4,64744.08,236722.42,R01
S502742,5/8/2026 0:00,E1027,C2172,P3027,5,3495.09,17439.85,R02
S502743,2/27/2026 0:00,E1058,C2223,P3043,4,61740.42,234607.92,R02
S502744,3/17/2026 0:00,E1023,C2217,P3003,4,36568.91,140133.13,R02
S502745,5/30/2026 0:00,E1091,C2245,P3024,9,36395.04,322855.91,R01
S502746,9/5/2026 0:00,E1020,C2336,P3030,6,45220.48,263722.45,R02
S502747,7/17/2026 0:00,E1032,C2191,P3008,3,40552.31,116458.15,R02
S502748,2/5/2026 0:00,E1027,C2298,P3022,6,19428.07,110302.69,R02
S502749,6/22/2026 0:00,E1044,C2320,P3025,7,60497.94,420414.16,R06
S502750,6/13/2026 0:00,E1043,C2182,P3060,7,29470.22,201306.91,R01
S502751,1/22/2026 0:00,E1102,C2334,P3010,8,45872.45,348078.82,R04
S502752,7/25/2026 0:00,E1024,C2383,P3049,4,44098.98,164179.47,R02
S502753,5/7/2026 0:00,E1049,C2205,P3029,1,71367.4,72521.43,R04
S502754,3/21/2026 0:00,E1014,C2361,P3040,6,17956.07,109886.54,R02
S502755,7/8/2026 0:00,E1091,C2199,P3054,8,7404.66,55213.19,R01
S502756,4/10/2026 0:00,E1068,C2332,P3001,5,26533.8,124609.01,R05
S502757,7/3/2026 0:00,E1068,C2165,P3052,3,64744.08,181776.41,R05
S502758,8/5/2026 0:00,E1017,C2242,P3021,4,42656.59,176203.36,R02
S502759,4/6/2026 0:00,E1075,C2388,P3039,8,26668.25,216785.04,R05
S502760,6/10/2026 0:00,E1029,C2130,P3024,6,36395.04,198975.91,R04
S502761,6/22/2026 0:00,E1079,C2227,P3009,5,23520.25,120529.51,R02
S502762,6/13/2026 0:00,E1036,C2122,P3060,9,29470.22,240174.92,R05
S502763,5/28/2026 0:00,E1043,C2044,P3044,10,31924.43,299444.76,R01
S502764,1/18/2026 0:00,E1079,C2023,P3054,3,7404.66,23054.75,R02
S502765,2/7/2026 0:00,E1032,C2196,P3026,7,41379.43,298244.22,R02
S502766,7/14/2026 0:00,E1087,C2358,P3009,9,23520.25,215326.4,R05
S502767,5/31/2026 0:00,E1033,C2204,P3020,11,8239.05,87786.69,R01
S502768,8/12/2026 0:00,E1056,C2318,P3056,11,48237.37,503131.85,R06
S502769,4/19/2026 0:00,E1100,C2257,P3035,4,45920.83,189603.78,R01
S502770,5/3/2026 0:00,E1074,C2017,P3036,10,30974.38,309298.11,R05
S502771,5/24/2026 0:00,E1061,C2272,P3042,10,20791.75,196341.97,R03
S502772,7/6/2026 0:00,E1043,C2009,P3036,3,30974.38,90087.07,R01
S502773,7/16/2026 0:00,E1114,C2249,P3054,1,7404.66,7643.28,R05
S502774,7/15/2026 0:00,E1068,C2437,P3009,9,23520.25,219200.85,R05
S502775,5/29/2026 0:00,E1104,C2201,P3022,1,19428.07,19406.61,R04
S502776,4/14/2026 0:00,E1098,C2059,P3001,2,26533.8,53592.09,R03
S502777,8/31/2026 0:00,E1056,C2375,P3005,9,21544.25,175651.39,R06
S502778,7/25/2026 0:00,E1042,C2393,P3009,5,23520.25,116506.39,R03
S502779,8/19/2026 0:00,E1029,C2140,P3037,4,63029.63,252962.84,R04
S502780,8/11/2026 0:00,E1038,C2119,P3038,9,67526.73,548824.12,R01
S502781,7/25/2026 0:00,E1107,C2041,P3019,9,53251.21,491999.09,R03
S502782,7/17/2026 0:00,E1067,C2399,P3008,2,40552.31,84287.39,R01
S502783,5/20/2026 0:00,E1107,C2322,P3042,3,20791.75,58363.93,R03
S502784,5/24/2026 0:00,E1076,C2331,P3043,3,61740.42,190198.04,R05
S502785,3/22/2026 0:00,E1057,C2267,P3032,5,66344.43,331664.72,R01
S502786,8/25/2026 0:00,E1005,C2008,P3013,3,31162.8,92282.81,R02
S502787,3/28/2026 0:00,E1101,C2183,P3020,10,8239.05,84571.29,R01
S502788,5/22/2026 0:00,E1011,C2134,P3036,6,30974.38,175223.6,R01
S502789,3/2/2026 0:00,E1049,C2181,P3043,2,61740.42,125781.09,R04
S502790,7/18/2026 0:00,E1077,C2404,P3044,6,31924.43,181428.73,R05
S502791,2/15/2026 0:00,E1015,C2423,P3037,6,63029.63,385029.79,R02
S502792,2/1/2026 0:00,E1039,C2355,P3030,2,45220.48,87515.93,R04
S502793,1/15/2026 0:00,E1013,C2072,P3010,6,45872.45,252539.35,R05
S502794,2/13/2026 0:00,E1047,C2113,P3031,6,61484.37,353127.36,R02
S502795,5/25/2026 0:00,E1018,C2107,P3025,6,60497.94,339402.15,R04
S502796,6/18/2026 0:00,E1082,C2290,P3029,5,71367.4,326534.31,R04
S502797,2/23/2026 0:00,E1036,C2313,P3024,7,36395.04,233503.35,R05
S502798,8/27/2026 0:00,E1068,C2117,P3039,5,26668.25,135609.48,R05
S502799,2/13/2026 0:00,E1077,C2120,P3021,11,42656.59,484336,R05
S502800,4/8/2026 0:00,E1043,C2147,P3041,1,58594.28,60883.52,R01
S502801,1/5/2026 0:00,E1069,C2327,P3009,9,23520.25,217628.81,R01
S502802,4/19/2026 0:00,E1030,C2415,P3042,3,20791.75,63905.54,R01
S502803,1/27/2026 0:00,E1019,C2210,P3042,2,20791.75,37854.52,R03
S502804,4/26/2026 0:00,E1021,C2296,P3002,10,7831.21,79762.33,R04
S502805,3/28/2026 0:00,E1113,C2398,P3004,6,19444.05,118705.04,R06
S502806,4/14/2026 0:00,E1015,C2103,P3008,8,40552.31,298365.59,R02
S502807,5/3/2026 0:00,E1035,C2124,P3032,2,66344.43,132596.16,R06
S502808,7/25/2026 0:00,E1051,C2245,P3014,4,9360.99,36241.11,R06
S502809,3/20/2026 0:00,E1056,C2379,P3049,2,44098.98,91285.07,R06
S502810,2/12/2026 0:00,E1032,C2356,P3013,9,31162.8,281674.36,R02
S502811,4/7/2026 0:00,E1060,C2209,P3021,10,42656.59,444758.14,R02
S502812,9/2/2026 0:00,E1106,C2421,P3024,2,36395.04,66656.67,R02
S502813,1/31/2026 0:00,E1044,C2428,P3050,10,12809.06,116061.75,R06
S502814,4/9/2026 0:00,E1060,C2393,P3018,2,39505.96,82649.38,R02
S502815,1/17/2026 0:00,E1084,C2314,P3045,5,50149.35,228688.26,R01
S502816,8/8/2026 0:00,E1031,C2404,P3040,5,17956.07,86003.23,R04
S502817,3/24/2026 0:00,E1026,C2109,P3026,7,41379.43,288930.59,R05
S502818,4/20/2026 0:00,E1065,C2377,P3032,1,66344.43,68468.02,R02
S502819,7/1/2026 0:00,E1020,C2348,P3044,2,31924.43,59902.14,R02
S502820,7/9/2026 0:00,E1074,C2050,P3057,11,45630.28,453927.56,R05
S502821,8/3/2026 0:00,E1094,C2404,P3055,11,2016.98,21702.95,R04
S502822,2/1/2026 0:00,E1009,C2105,P3056,6,48237.37,280934.48,R04
S502823,6/17/2026 0:00,E1097,C2420,P3053,2,16451.3,31126.98,R04
S502824,5/21/2026 0:00,E1004,C2373,P3033,4,17298.96,71346.79,R04
S502825,7/31/2026 0:00,E1069,C2027,P3052,10,64744.08,655467.98,R01
S502826,2/4/2026 0:00,E1110,C2288,P3031,6,61484.37,379500.27,R01
S502827,5/13/2026 0:00,E1088,C2257,P3018,7,39505.96,255599.59,R04
S502828,7/20/2026 0:00,E1083,C2273,P3035,10,45920.83,460981.67,R02
S502829,1/29/2026 0:00,E1102,C2137,P3012,5,20628.64,107915.15,R04
S502830,3/11/2026 0:00,E1018,C2340,P3051,8,55331.31,439015.03,R04
S502831,6/2/2026 0:00,E1015,C2301,P3025,6,60497.94,336019.35,R02
S502832,4/5/2026 0:00,E1117,C2322,P3045,5,50149.35,263125.38,R05
S502833,1/22/2026 0:00,E1010,C2032,P3031,4,61484.37,240833.92,R05
S502834,7/13/2026 0:00,E1064,C2045,P3010,6,45872.45,282393.24,R02
S502835,6/22/2026 0:00,E1096,C2265,P3047,6,46883.48,259473.12,R03
S502836,3/10/2026 0:00,E1022,C2030,P3052,6,64744.08,388431.24,R01
S502837,8/7/2026 0:00,E1078,C2084,P3034,1,16100.35,16694.33,R01
S502838,3/30/2026 0:00,E1038,C2166,P3051,6,55331.31,325282.59,R01
S502839,3/13/2026 0:00,E1098,C2316,P3003,1,36568.91,34495.42,R03
S502840,9/4/2026 0:00,E1012,C2001,P3046,5,7391.26,33967.03,R06
S502841,5/9/2026 0:00,E1021,C2249,P3039,7,26668.25,176296.92,R04
S502842,7/31/2026 0:00,E1036,C2261,P3008,1,40552.31,38655.79,R05
S502843,6/21/2026 0:00,E1055,C2063,P3032,1,66344.43,66775.22,R04
S502844,3/28/2026 0:00,E1049,C2164,P3043,6,61740.42,343323.61,R04
S502845,4/6/2026 0:00,E1112,C2321,P3029,7,71367.4,457565.67,R02
S502846,3/16/2026 0:00,E1077,C2334,P3022,6,19428.07,111677.32,R05
S502847,6/16/2026 0:00,E1054,C2201,P3020,5,8239.05,39909.88,R06
S502848,8/27/2026 0:00,E1009,C2222,P3006,6,23219.92,138519.51,R04
S502849,2/23/2026 0:00,E1005,C2152,P3043,3,61740.42,186356.61,R02
S502850,3/29/2026 0:00,E1028,C2132,P3049,9,44098.98,410143.66,R04
S502851,7/22/2026 0:00,E1046,C2114,P3029,5,71367.4,336619.7,R04
S502852,6/6/2026 0:00,E1042,C2217,P3042,2,20791.75,40722.35,R03
S502853,2/23/2026 0:00,E1104,C2196,P3056,10,48237.37,460621.59,R04
S502854,8/6/2026 0:00,E1049,C2281,P3017,10,13812.52,124342.14,R04
S502855,1/16/2026 0:00,E1096,C2202,P3031,7,61484.37,424758.83,R03
S502856,4/9/2026 0:00,E1046,C2135,P3053,3,16451.3,50457.92,R04
S502857,1/20/2026 0:00,E1050,C2234,P3034,1,16100.35,14578.32,R02
S502858,2/15/2026 0:00,E1114,C2141,P3038,3,67526.73,182428.28,R05
S502859,7/14/2026 0:00,E1093,C2196,P3057,9,45630.28,414439.52,R05
S502860,7/12/2026 0:00,E1087,C2043,P3037,5,63029.63,315960.9,R05
S502861,5/7/2026 0:00,E1054,C2057,P3004,7,19444.05,130783.49,R06
S502862,2/27/2026 0:00,E1086,C2420,P3002,3,7831.21,23475.79,R02
S502863,6/30/2026 0:00,E1070,C2142,P3012,4,20628.64,86063.34,R06
S502864,4/21/2026 0:00,E1012,C2210,P3035,1,45920.83,43036.06,R06
S502865,5/9/2026 0:00,E1079,C2072,P3006,3,23219.92,65263.46,R02
S502866,3/22/2026 0:00,E1075,C2224,P3056,7,48237.37,313327.95,R05
S502867,7/13/2026 0:00,E1005,C2027,P3046,4,7391.26,29819.24,R02
S502868,6/6/2026 0:00,E1078,C2128,P3008,2,40552.31,77290.95,R01
S502869,3/25/2026 0:00,E1075,C2106,P3021,5,42656.59,223585.36,R05
S502870,3/11/2026 0:00,E1079,C2165,P3053,5,16451.3,82848.53,R02
S502871,1/8/2026 0:00,E1050,C2215,P3058,2,41115.63,78539.61,R02
S502872,1/29/2026 0:00,E1027,C2071,P3046,11,7391.26,74992.88,R02
S502873,4/22/2026 0:00,E1104,C2204,P3035,6,45920.83,272440.13,R04
S502874,6/28/2026 0:00,E1108,C2153,P3048,10,34019.63,321225.42,R05
S502875,6/10/2026 0:00,E1079,C2067,P3015,4,13790.91,57139.95,R02
S502876,5/11/2026 0:00,E1041,C2090,P3007,1,60276.19,58239.5,R01
S502877,7/7/2026 0:00,E1094,C2260,P3015,3,13790.91,39051.62,R04
S502878,6/12/2026 0:00,E1060,C2362,P3045,9,50149.35,446055.65,R02
S502879,7/16/2026 0:00,E1020,C2228,P3006,10,23219.92,213750.09,R02
S502880,8/7/2026 0:00,E1090,C2079,P3047,7,46883.48,323009.67,R03
S502881,4/18/2026 0:00,E1085,C2096,P3017,6,13812.52,75285.14,R02
S502882,7/23/2026 0:00,E1115,C2349,P3004,1,19444.05,19269.7,R04
S502883,7/31/2026 0:00,E1079,C2330,P3022,9,19428.07,171272.45,R02
S502884,4/19/2026 0:00,E1079,C2382,P3032,9,66344.43,584032.28,R02
S502885,1/20/2026 0:00,E1060,C2246,P3059,1,17588.05,17634.21,R02
S502886,3/14/2026 0:00,E1029,C2272,P3022,6,19428.07,105688.91,R04
S502887,6/16/2026 0:00,E1119,C2403,P3027,7,3495.09,23706.21,R06
S502888,1/4/2026 0:00,E1068,C2157,P3046,2,7391.26,14288.87,R05
S502889,8/31/2026 0:00,E1011,C2116,P3015,10,13790.91,133629.42,R01
S502890,9/3/2026 0:00,E1088,C2435,P3060,8,29470.22,246838.71,R04
S502891,1/19/2026 0:00,E1079,C2018,P3044,8,31924.43,235191.56,R02
S502892,4/12/2026 0:00,E1060,C2442,P3051,6,55331.31,333171.22,R02
S502893,8/7/2026 0:00,E1075,C2172,P3022,9,19428.07,167910.88,R05
S502894,6/22/2026 0:00,E1099,C2016,P3028,3,47578.07,139416.92,R01
S502895,6/20/2026 0:00,E1015,C2449,P3042,2,20791.75,42180.6,R02
S502896,5/21/2026 0:00,E1114,C2240,P3038,2,67526.73,124736.23,R05
S502897,5/21/2026 0:00,E1086,C2386,P3060,6,29470.22,179391.91,R02
S502898,7/7/2026 0:00,E1016,C2056,P3057,7,45630.28,290840.44,R02
S502899,7/4/2026 0:00,E1098,C2079,P3009,6,23520.25,137240.15,R03
S502900,3/27/2026 0:00,E1034,C2103,P3034,11,16100.35,179107.01,R06
S502901,8/8/2026 0:00,E1018,C2284,P3036,3,30974.38,86314.7,R04
S502902,2/21/2026 0:00,E1025,C2193,P3009,5,23520.25,119440.22,R03
S502903,4/21/2026 0:00,E1031,C2005,P3015,8,13790.91,102055.15,R04
S502904,6/30/2026 0:00,E1064,C2106,P3045,6,50149.35,306879.66,R02
S502905,4/19/2026 0:00,E1014,C2278,P3020,2,8239.05,15989.37,R02
S502906,3/27/2026 0:00,E1064,C2373,P3008,7,40552.31,284631.4,R02
S502907,2/12/2026 0:00,E1049,C2100,P3058,8,41115.63,341296.23,R04
S502908,7/30/2026 0:00,E1114,C2238,P3028,4,47578.07,182940.2,R05
S502909,7/19/2026 0:00,E1017,C2269,P3051,1,55331.31,51731.66,R02
S502910,9/1/2026 0:00,E1068,C2321,P3019,2,53251.21,109705.44,R05
S502911,7/19/2026 0:00,E1083,C2400,P3057,4,45630.28,168693.78,R02
S502912,2/11/2026 0:00,E1098,C2086,P3016,7,51163.56,356254.42,R03
S502913,3/31/2026 0:00,E1045,C2320,P3011,2,53782.26,111704.46,R02
S502914,8/28/2026 0:00,E1009,C2032,P3042,6,20791.75,124895.15,R04
S502915,4/25/2026 0:00,E1118,C2336,P3008,2,40552.31,75374.75,R02
S502916,1/26/2026 0:00,E1004,C2051,P3033,7,17298.96,111749.52,R04
S502917,5/31/2026 0:00,E1013,C2079,P3010,2,45872.45,86042.57,R05
S502918,2/12/2026 0:00,E1086,C2186,P3018,3,39505.96,113624.4,R02
S502919,3/18/2026 0:00,E1017,C2174,P3035,9,45920.83,381825.49,R02
S502920,6/5/2026 0:00,E1080,C2436,P3043,4,61740.42,251819.94,R01
S502921,5/17/2026 0:00,E1082,C2106,P3050,5,12809.06,61070.74,R04
S502922,1/20/2026 0:00,E1061,C2063,P3003,9,36568.91,342420.93,R03
S502923,7/3/2026 0:00,E1119,C2076,P3040,7,17956.07,129007.46,R06
S502924,7/30/2026 0:00,E1051,C2316,P3027,8,3495.09,28976.33,R06
S502925,8/28/2026 0:00,E1065,C2321,P3059,11,17588.05,182667.96,R02
S502926,2/8/2026 0:00,E1064,C2373,P3028,3,47578.07,140744.46,R02
S502927,6/28/2026 0:00,E1109,C2081,P3046,11,7391.26,77093.74,R02
S502928,1/12/2026 0:00,E1051,C2361,P3006,11,23219.92,239721.64,R06
S502929,7/26/2026 0:00,E1053,C2128,P3047,4,46883.48,185857.93,R06
S502930,8/11/2026 0:00,E1120,C2183,P3014,7,9360.99,67014.35,R04
S502931,7/2/2026 0:00,E1034,C2243,P3007,4,60276.19,220379.32,R06
S502932,7/25/2026 0:00,E1031,C2185,P3010,2,45872.45,86365.47,R04
S502933,1/11/2026 0:00,E1061,C2220,P3015,10,13790.91,128361.67,R03
S502934,6/3/2026 0:00,E1078,C2071,P3031,6,61484.37,376193.05,R01
S502935,2/11/2026 0:00,E1016,C2342,P3029,9,71367.4,668002.6,R02
S502936,6/4/2026 0:00,E1084,C2154,P3042,2,20791.75,37923.79,R01
S502937,1/11/2026 0:00,E1094,C2245,P3054,1,7404.66,7085.39,R04
S502938,2/7/2026 0:00,E1024,C2140,P3017,8,13812.52,114608.15,R02
S502939,4/8/2026 0:00,E1080,C2071,P3059,1,17588.05,16738.47,R01
S502940,6/20/2026 0:00,E1096,C2046,P3051,1,55331.31,55713.05,R03
S502941,1/19/2026 0:00,E1099,C2047,P3029,3,71367.4,195924.91,R01
S502942,7/11/2026 0:00,E1047,C2079,P3049,5,44098.98,213143.19,R02
S502943,5/14/2026 0:00,E1064,C2422,P3044,9,31924.43,280279.13,R02
S502944,6/23/2026 0:00,E1081,C2149,P3015,11,13790.91,153770.66,R06
S502945,4/26/2026 0:00,E1073,C2398,P3026,10,41379.43,390341.97,R01
S502946,8/18/2026 0:00,E1016,C2130,P3012,2,20628.64,38766.51,R02
S502947,4/23/2026 0:00,E1118,C2127,P3025,1,60497.94,57197.48,R02
S502948,6/19/2026 0:00,E1108,C2365,P3041,1,58594.28,57618.95,R05
S502949,8/8/2026 0:00,E1048,C2119,P3005,8,21544.25,177766.03,R04
S502950,3/6/2026 0:00,E1066,C2357,P3004,10,19444.05,199231.75,R04
S502951,4/9/2026 0:00,E1104,C2417,P3044,10,31924.43,290094.69,R04
S502952,8/20/2026 0:00,E1048,C2262,P3048,10,34019.63,351029.26,R04
S502953,3/13/2026 0:00,E1058,C2244,P3041,2,58594.28,107141.56,R02
S502954,7/6/2026 0:00,E1120,C2382,P3057,9,45630.28,395191.07,R04
S502955,2/21/2026 0:00,E1046,C2103,P3031,9,61484.37,561554.95,R04
S502956,4/28/2026 0:00,E1077,C2037,P3003,2,36568.91,66718.27,R05
S502957,6/24/2026 0:00,E1030,C2142,P3053,3,16451.3,44717.59,R01
S502958,4/30/2026 0:00,E1097,C2037,P3003,2,36568.91,69444.31,R04
S502959,1/7/2026 0:00,E1064,C2008,P3026,6,41379.43,250632.44,R02
S502960,1/11/2026 0:00,E1091,C2231,P3050,7,12809.06,87714.45,R01
S502961,4/13/2026 0:00,E1054,C2333,P3017,6,13812.52,79771.47,R06
S502962,3/2/2026 0:00,E1056,C2397,P3060,3,29470.22,90352.25,R06
S502963,3/9/2026 0:00,E1090,C2296,P3010,3,45872.45,139682.49,R03
S502964,6/2/2026 0:00,E1059,C2107,P3002,2,7831.21,15942.88,R01
S502965,5/20/2026 0:00,E1085,C2348,P3024,2,36395.04,70530.6,R02
S502966,6/3/2026 0:00,E1068,C2442,P3011,11,53782.26,534170.31,R05
S502967,4/12/2026 0:00,E1023,C2018,P3024,5,36395.04,168476.38,R02
S502968,4/20/2026 0:00,E1021,C2313,P3035,11,45920.83,510784.08,R04
S502969,5/20/2026 0:00,E1034,C2083,P3023,11,72228.78,804826.24,R06
S502970,6/20/2026 0:00,E1074,C2422,P3032,8,66344.43,555087.81,R05
S502971,2/20/2026 0:00,E1026,C2288,P3023,6,72228.78,402398.66,R05
S502972,4/27/2026 0:00,E1048,C2194,P3034,9,16100.35,133084.71,R04
S502973,6/14/2026 0:00,E1075,C2215,P3041,11,58594.28,593501.63,R05
S502974,2/15/2026 0:00,E1100,C2281,P3019,5,53251.21,247010.59,R01
S502975,2/22/2026 0:00,E1059,C2220,P3002,10,7831.21,76688.71,R01
S502976,3/29/2026 0:00,E1089,C2442,P3060,4,29470.22,123336.61,R06
S502977,7/27/2026 0:00,E1006,C2289,P3051,9,55331.31,492212.53,R02
S502978,5/1/2026 0:00,E1057,C2344,P3002,10,7831.21,76620.81,R01
S502979,1/13/2026 0:00,E1063,C2194,P3015,11,13790.91,151852.23,R05
S502980,3/30/2026 0:00,E1091,C2158,P3056,5,48237.37,219742.82,R01
S502981,5/5/2026 0:00,E1009,C2104,P3021,1,42656.59,43607.97,R04
S502982,4/28/2026 0:00,E1017,C2034,P3035,5,45920.83,228922.67,R02
S502983,2/23/2026 0:00,E1120,C2102,P3005,5,21544.25,99715.27,R04
S502984,7/4/2026 0:00,E1050,C2127,P3043,5,61740.42,307037.37,R02
S502985,4/26/2026 0:00,E1111,C2214,P3027,2,3495.09,6916.3,R02
S502986,4/28/2026 0:00,E1118,C2325,P3024,6,36395.04,198657.51,R02
S502987,1/4/2026 0:00,E1063,C2432,P3007,5,60276.19,283310.1,R05
S502988,3/16/2026 0:00,E1016,C2296,P3006,2,23219.92,44519.15,R02
S502989,8/12/2026 0:00,E1067,C2179,P3046,10,7391.26,69236.39,R01
S502990,2/18/2026 0:00,E1023,C2080,P3033,8,17298.96,129600.25,R02
S502991,1/7/2026 0:00,E1004,C2141,P3058,6,41115.63,243225.83,R04
S502992,4/20/2026 0:00,E1104,C2031,P3049,11,44098.98,470841.17,R04
S502993,5/2/2026 0:00,E1056,C2372,P3017,10,13812.52,138138.16,R06
S502994,1/11/2026 0:00,E1015,C2423,P3046,11,7391.26,84837.41,R02
S502995,4/2/2026 0:00,E1037,C2063,P3042,3,20791.75,62318.08,R02
S502996,7/1/2026 0:00,E1084,C2048,P3030,9,45220.48,401821.48,R01
S502997,8/21/2026 0:00,E1113,C2087,P3008,11,40552.31,458179.19,R06
S502998,8/3/2026 0:00,E1107,C2304,P3040,11,17956.07,196491.85,R03
S502999,6/22/2026 0:00,E1084,C2061,P3046,4,7391.26,27342.76,R01
S503000,1/23/2026 0:00,E1069,C2396,P3007,3,60276.19,171283.05,R01
S503001,8/30/2026 0:00,E1011,C2334,P3006,7,23219.92,164165.49,R01
S503002,1/28/2026 0:00,E1051,C2440,P3004,8,19444.05,157225.73,R06
S503003,8/23/2026 0:00,E1105,C2274,P3001,7,26533.8,194661.49,R06
S503004,4/21/2026 0:00,E1113,C2411,P3015,1,13790.91,13708.8,R06
S503005,2/26/2026 0:00,E1067,C2284,P3031,1,61484.37,63632.13,R01
S503006,1/26/2026 0:00,E1093,C2080,P3025,5,60497.94,274717.23,R05
S503007,6/2/2026 0:00,E1059,C2180,P3047,8,46883.48,369416.82,R01
S503008,2/23/2026 0:00,E1028,C2272,P3033,10,17298.96,179559.26,R04
S503009,1/29/2026 0:00,E1077,C2077,P3052,11,64744.08,671652.04,R05
S503010,7/30/2026 0:00,E1115,C2442,P3035,3,45920.83,127186.67,R04
S503011,4/7/2026 0:00,E1006,C2221,P3055,8,2016.98,15370.62,R02
S503012,6/13/2026 0:00,E1073,C2393,P3005,3,21544.25,65850.14,R01
S503013,1/14/2026 0:00,E1085,C2282,P3005,4,21544.25,78654.19,R02
S503014,3/19/2026 0:00,E1059,C2028,P3036,10,30974.38,306662.1,R01
S503015,2/4/2026 0:00,E1095,C2361,P3017,7,13812.52,88985.96,R05
S503016,1/30/2026 0:00,E1016,C2077,P3053,3,16451.3,47642.79,R02
S503017,4/2/2026 0:00,E1101,C2164,P3052,4,64744.08,270603.46,R01
S503018,1/17/2026 0:00,E1113,C2009,P3014,8,9360.99,69591.22,R06
S503019,7/14/2026 0:00,E1103,C2175,P3058,4,41115.63,148855.44,R02
S503020,7/27/2026 0:00,E1078,C2307,P3029,9,71367.4,619235.27,R01
S503021,8/26/2026 0:00,E1031,C2076,P3008,4,40552.31,160044.45,R04
S503022,6/7/2026 0:00,E1021,C2245,P3034,4,16100.35,60835.34,R04
S503023,9/1/2026 0:00,E1038,C2122,P3040,5,17956.07,88098.33,R01
S503024,4/3/2026 0:00,E1004,C2185,P3001,1,26533.8,27675.03,R04
S503025,6/22/2026 0:00,E1075,C2032,P3029,7,71367.4,472977.4,R05
S503026,3/20/2026 0:00,E1043,C2023,P3036,9,30974.38,263831.3,R01
S503027,4/20/2026 0:00,E1041,C2250,P3051,9,55331.31,484245.05,R01
S503028,9/5/2026 0:00,E1027,C2057,P3037,1,63029.63,61598.7,R02
S503029,8/5/2026 0:00,E1003,C2310,P3029,6,71367.4,385471.69,R05
S503030,6/28/2026 0:00,E1024,C2372,P3005,3,21544.25,64140.33,R02
S503031,4/12/2026 0:00,E1024,C2144,P3053,4,16451.3,69069.37,R02
S503032,4/16/2026 0:00,E1087,C2318,P3032,8,66344.43,500927.63,R05
S503033,2/16/2026 0:00,E1017,C2084,P3060,4,29470.22,117246.86,R02
S503034,6/30/2026 0:00,E1010,C2056,P3052,8,64744.08,466516.45,R05
S503035,3/5/2026 0:00,E1014,C2279,P3024,4,36395.04,144218.84,R02
S503036,9/3/2026 0:00,E1029,C2273,P3019,9,53251.21,463474.15,R04
S503037,9/1/2026 0:00,E1028,C2166,P3012,6,20628.64,121239.96,R04
S503038,6/15/2026 0:00,E1053,C2158,P3052,1,64744.08,63551.87,R06
S503039,3/5/2026 0:00,E1066,C2249,P3001,10,26533.8,245847.05,R04
S503040,3/28/2026 0:00,E1054,C2186,P3007,2,60276.19,122420.37,R06
S503041,8/5/2026 0:00,E1083,C2078,P3017,7,13812.52,95074.93,R02
S503042,8/22/2026 0:00,E1039,C2022,P3034,10,16100.35,151428.49,R04
S503043,1/7/2026 0:00,E1102,C2108,P3043,7,61740.42,449732.69,R04
S503044,1/22/2026 0:00,E1067,C2273,P3007,3,60276.19,163092.19,R01
S503045,3/22/2026 0:00,E1019,C2252,P3017,1,13812.52,13935.32,R03
S503046,7/29/2026 0:00,E1065,C2015,P3059,8,17588.05,134680.18,R02
S503047,8/29/2026 0:00,E1053,C2370,P3003,10,36568.91,357783.53,R06
S503048,6/18/2026 0:00,E1010,C2304,P3029,11,71367.4,740864.34,R05
S503049,3/15/2026 0:00,E1014,C2160,P3022,11,19428.07,202636.05,R02
S503050,5/18/2026 0:00,E1042,C2205,P3038,10,67526.73,609276.76,R03
S503051,7/4/2026 0:00,E1057,C2113,P3054,7,7404.66,52323.83,R01
S503052,5/15/2026 0:00,E1111,C2168,P3043,10,61740.42,621491.27,R02
S503053,8/28/2026 0:00,E1081,C2353,P3029,8,71367.4,569885.09,R06
S503054,5/5/2026 0:00,E1045,C2253,P3050,1,12809.06,13215.01,R02
S503055,2/19/2026 0:00,E1046,C2441,P3050,3,12809.06,39779.44,R04
S503056,8/18/2026 0:00,E1112,C2186,P3054,2,7404.66,14564.47,R02
S503057,8/7/2026 0:00,E1070,C2347,P3042,1,20791.75,20848.38,R06
S503058,2/21/2026 0:00,E1034,C2227,P3005,5,21544.25,97126.84,R06
S503059,6/10/2026 0:00,E1025,C2016,P3030,3,45220.48,139317.71,R03
S503060,1/1/2026 0:00,E1037,C2156,P3023,10,72228.78,738511.84,R02
S503061,8/24/2026 0:00,E1117,C2354,P3055,8,2016.98,14571.27,R05
S503062,6/30/2026 0:00,E1107,C2111,P3021,6,42656.59,251185.15,R03
S503063,7/7/2026 0:00,E1011,C2001,P3056,10,48237.37,499738.35,R01
S503064,6/11/2026 0:00,E1102,C2041,P3026,9,41379.43,345306.12,R04
S503065,1/4/2026 0:00,E1021,C2048,P3054,9,7404.66,63502.89,R04
S503066,5/25/2026 0:00,E1107,C2415,P3047,11,46883.48,489756.02,R03
S503067,5/12/2026 0:00,E1111,C2420,P3021,6,42656.59,244010.47,R02
S503068,6/20/2026 0:00,E1110,C2108,P3020,2,8239.05,14933.82,R01
S503069,9/3/2026 0:00,E1077,C2161,P3023,9,72228.78,612259.81,R05
S503070,8/6/2026 0:00,E1013,C2161,P3004,2,19444.05,36719.25,R05
S503071,1/4/2026 0:00,E1064,C2359,P3021,3,42656.59,131793.61,R02
S503072,1/1/2026 0:00,E1019,C2128,P3021,6,42656.59,243863.65,R03
S503073,3/12/2026 0:00,E1096,C2210,P3001,2,26533.8,51320.75,R03
S503074,8/10/2026 0:00,E1110,C2151,P3015,5,13790.91,65997.14,R01
S503075,6/27/2026 0:00,E1114,C2444,P3017,2,13812.52,25362.58,R05
S503076,7/20/2026 0:00,E1103,C2255,P3051,4,55331.31,232071.36,R02
S503077,7/8/2026 0:00,E1065,C2218,P3014,11,9360.99,105429.19,R02
S503078,2/4/2026 0:00,E1086,C2030,P3059,11,17588.05,189819.36,R02
S503079,1/8/2026 0:00,E1026,C2045,P3019,3,53251.21,155193.41,R05
S503080,6/1/2026 0:00,E1013,C2080,P3050,5,12809.06,63878.03,R05
S503081,7/30/2026 0:00,E1022,C2039,P3060,6,29470.22,167797.19,R01
S503082,2/5/2026 0:00,E1026,C2240,P3034,7,16100.35,102282.26,R05
S503083,6/27/2026 0:00,E1012,C2045,P3006,10,23219.92,223061.59,R06
S503084,9/1/2026 0:00,E1066,C2078,P3045,8,50149.35,420290.32,R04
S503085,5/3/2026 0:00,E1075,C2337,P3049,9,44098.98,368057.5,R05
S503086,2/12/2026 0:00,E1052,C2396,P3006,4,23219.92,90943.68,R05
S503087,1/27/2026 0:00,E1064,C2349,P3053,4,16451.3,59308.79,R02
S503088,2/1/2026 0:00,E1091,C2288,P3054,7,7404.66,47598.14,R01
S503089,3/19/2026 0:00,E1101,C2440,P3005,10,21544.25,212874.16,R01
S503090,5/1/2026 0:00,E1118,C2280,P3007,10,60276.19,569376.18,R02
S503091,5/26/2026 0:00,E1098,C2116,P3033,11,17298.96,197110.91,R03
S503092,6/5/2026 0:00,E1051,C2269,P3013,9,31162.8,269506.15,R06
S503093,6/6/2026 0:00,E1015,C2404,P3051,11,55331.31,566772.74,R02
S503094,1/16/2026 0:00,E1002,C2335,P3054,2,7404.66,14540.36,R06
S503095,4/9/2026 0:00,E1083,C2312,P3001,11,26533.8,297489.18,R02
S503096,2/16/2026 0:00,E1026,C2053,P3013,6,31162.8,168823.77,R05
S503097,7/6/2026 0:00,E1061,C2068,P3043,10,61740.42,602480.32,R03
S503098,1/31/2026 0:00,E1074,C2182,P3027,10,3495.09,35510.6,R05
S503099,1/4/2026 0:00,E1071,C2034,P3007,8,60276.19,441481.28,R05
S503100,6/14/2026 0:00,E1006,C2284,P3052,5,64744.08,335186.5,R02
S503101,1/17/2026 0:00,E1107,C2306,P3003,5,36568.91,171814.93,R03
S503102,2/8/2026 0:00,E1101,C2386,P3058,8,41115.63,304449.91,R01
S503103,2/17/2026 0:00,E1020,C2249,P3025,1,60497.94,59795.46,R02
S503104,6/23/2026 0:00,E1024,C2111,P3033,6,17298.96,96139.46,R02
S503105,8/6/2026 0:00,E1010,C2094,P3040,10,17956.07,179911.78,R05
S503106,6/25/2026 0:00,E1120,C2410,P3017,9,13812.52,121020.3,R04
S503107,2/8/2026 0:00,E1096,C2179,P3045,6,50149.35,275769.29,R03
S503108,8/21/2026 0:00,E1052,C2047,P3014,7,9360.99,67943.14,R05
S503109,5/12/2026 0:00,E1017,C2282,P3037,4,63029.63,252365.8,R02
S503110,1/30/2026 0:00,E1034,C2340,P3058,10,41115.63,403713.94,R06
S503111,6/7/2026 0:00,E1003,C2362,P3056,1,48237.37,46122.21,R05
S503112,1/22/2026 0:00,E1015,C2092,P3054,9,7404.66,61325.84,R02
S503113,7/22/2026 0:00,E1112,C2376,P3023,6,72228.78,436028.28,R02
S503114,3/7/2026 0:00,E1002,C2212,P3059,3,17588.05,53927.51,R06
S503115,4/18/2026 0:00,E1092,C2075,P3024,4,36395.04,133769.65,R05
S503116,1/12/2026 0:00,E1060,C2378,P3029,10,71367.4,695250.61,R02
S503117,8/10/2026 0:00,E1091,C2202,P3038,6,67526.73,394110.41,R01
S503118,2/5/2026 0:00,E1017,C2445,P3059,6,17588.05,100514.31,R02
S503119,1/18/2026 0:00,E1081,C2407,P3054,9,7404.66,67868.24,R06
S503120,3/31/2026 0:00,E1092,C2421,P3027,4,3495.09,12791.04,R05
S503121,6/30/2026 0:00,E1049,C2297,P3038,5,67526.73,314253.49,R04
S503122,7/18/2026 0:00,E1046,C2308,P3053,5,16451.3,74050.63,R04
S503123,1/1/2026 0:00,E1082,C2211,P3040,3,17956.07,51495.2,R04
S503124,5/7/2026 0:00,E1015,C2338,P3045,2,50149.35,94649.55,R02
S503125,7/5/2026 0:00,E1095,C2433,P3050,8,12809.06,105551.69,R05
S503126,3/31/2026 0:00,E1025,C2411,P3023,10,72228.78,730862.47,R03
S503127,3/28/2026 0:00,E1113,C2134,P3031,9,61484.37,505034.92,R06
S503128,3/31/2026 0:00,E1057,C2330,P3036,10,30974.38,313195.4,R01
S503129,8/25/2026 0:00,E1016,C2066,P3017,11,13812.52,152136.76,R02
S503130,5/14/2026 0:00,E1085,C2280,P3037,9,63029.63,534511.92,R02
S503131,3/11/2026 0:00,E1074,C2422,P3003,5,36568.91,164984.13,R05
S503132,2/13/2026 0:00,E1035,C2028,P3036,11,30974.38,312532.05,R06
S503133,7/19/2026 0:00,E1003,C2412,P3055,9,2016.98,17018.11,R05
S503134,6/1/2026 0:00,E1028,C2117,P3005,4,21544.25,88115.41,R04
S503135,3/27/2026 0:00,E1076,C2370,P3046,2,7391.26,14336.04,R05
S503136,1/19/2026 0:00,E1101,C2450,P3015,3,13790.91,42934.94,R01
S503137,4/11/2026 0:00,E1089,C2317,P3052,1,64744.08,65933.58,R06
S503138,5/26/2026 0:00,E1115,C2430,P3049,5,44098.98,207941.29,R04
S503139,4/5/2026 0:00,E1074,C2325,P3006,1,23219.92,23842.31,R05
S503140,4/11/2026 0:00,E1094,C2114,P3059,11,17588.05,177509.08,R04
S503141,1/30/2026 0:00,E1024,C2075,P3010,1,45872.45,41533.72,R02
S503142,6/19/2026 0:00,E1070,C2202,P3054,11,7404.66,80741.06,R06
S503143,2/2/2026 0:00,E1015,C2427,P3032,11,66344.43,694219.89,R02
S503144,7/21/2026 0:00,E1065,C2059,P3023,7,72228.78,480025.03,R02
S503145,8/17/2026 0:00,E1119,C2386,P3048,2,34019.63,68248.9,R06
S503146,1/12/2026 0:00,E1108,C2015,P3017,8,13812.52,113540.64,R05
S503147,4/28/2026 0:00,E1095,C2231,P3046,6,7391.26,42055.96,R05
S503148,4/4/2026 0:00,E1067,C2105,P3020,4,8239.05,31267.26,R01
S503149,6/4/2026 0:00,E1070,C2165,P3044,9,31924.43,281595.78,R06
S503150,6/16/2026 0:00,E1065,C2199,P3041,10,58594.28,584757.75,R02
S503151,5/17/2026 0:00,E1098,C2404,P3015,8,13790.91,102652.46,R03
S503152,9/3/2026 0:00,E1099,C2354,P3044,10,31924.43,331025.01,R01
S503153,5/29/2026 0:00,E1115,C2035,P3046,3,7391.26,22133.04,R04
S503154,3/17/2026 0:00,E1092,C2162,P3058,3,41115.63,122578.97,R05
S503155,9/4/2026 0:00,E1083,C2245,P3022,4,19428.07,80481.12,R02
S503156,1/29/2026 0:00,E1105,C2287,P3050,9,12809.06,119442.02,R06
S503157,6/10/2026 0:00,E1089,C2383,P3052,9,64744.08,536274.74,R06
S503158,8/23/2026 0:00,E1066,C2019,P3006,5,23219.92,107016.12,R04
S503159,7/9/2026 0:00,E1033,C2280,P3004,9,19444.05,177497.55,R01
S503160,4/27/2026 0:00,E1118,C2340,P3058,6,41115.63,257432.85,R02
S503161,1/15/2026 0:00,E1081,C2423,P3023,8,72228.78,577816.98,R06
S503162,1/2/2026 0:00,E1014,C2348,P3044,11,31924.43,337718.11,R02
S503163,6/29/2026 0:00,E1068,C2182,P3045,8,50149.35,402206.2,R05
S503164,8/19/2026 0:00,E1020,C2423,P3019,10,53251.21,497537.63,R02
S503165,4/27/2026 0:00,E1025,C2401,P3054,7,7404.66,54408.44,R03
S503166,6/21/2026 0:00,E1111,C2147,P3045,4,50149.35,193508.85,R02
S503167,7/1/2026 0:00,E1090,C2374,P3031,4,61484.37,255714.21,R03
S503168,1/18/2026 0:00,E1012,C2176,P3044,6,31924.43,184769.61,R06
S503169,1/3/2026 0:00,E1061,C2163,P3052,9,64744.08,605550.65,R03
S503170,5/15/2026 0:00,E1088,C2416,P3003,7,36568.91,243273.57,R04
S503171,6/20/2026 0:00,E1016,C2175,P3028,5,47578.07,241240.19,R02
S503172,7/29/2026 0:00,E1011,C2047,P3003,5,36568.91,190642.93,R01
S503173,8/24/2026 0:00,E1043,C2256,P3014,8,9360.99,74655.55,R01
S503174,6/15/2026 0:00,E1028,C2448,P3018,6,39505.96,237423.26,R04
S503175,6/14/2026 0:00,E1062,C2174,P3027,1,3495.09,3199.52,R02
S503176,7/5/2026 0:00,E1075,C2103,P3051,1,55331.31,53734.06,R05
S503177,6/10/2026 0:00,E1054,C2121,P3060,9,29470.22,273988.17,R06
S503178,4/18/2026 0:00,E1029,C2419,P3010,8,45872.45,343542.99,R04
S503179,7/6/2026 0:00,E1067,C2350,P3049,6,44098.98,269423.9,R01
S503180,4/5/2026 0:00,E1018,C2145,P3015,1,13790.91,13809.62,R04
S503181,5/2/2026 0:00,E1097,C2042,P3019,2,53251.21,99414.46,R04
S503182,1/11/2026 0:00,E1046,C2367,P3009,10,23520.25,221659.23,R04
S503183,3/9/2026 0:00,E1011,C2029,P3004,3,19444.05,56240.02,R01
S503184,5/3/2026 0:00,E1065,C2380,P3015,10,13790.91,126706.66,R02
S503185,7/29/2026 0:00,E1103,C2273,P3051,3,55331.31,172136.65,R02
S503186,7/15/2026 0:00,E1095,C2014,P3048,2,34019.63,68781.14,R05
S503187,4/23/2026 0:00,E1084,C2408,P3008,2,40552.31,77434.2,R01
S503188,4/8/2026 0:00,E1049,C2441,P3049,6,44098.98,250027.94,R04
S503189,4/3/2026 0:00,E1039,C2306,P3053,7,16451.3,115554.88,R04
S503190,8/4/2026 0:00,E1105,C2313,P3001,4,26533.8,102275.4,R06
S503191,1/22/2026 0:00,E1115,C2189,P3007,1,60276.19,56322.1,R04
S503192,7/13/2026 0:00,E1072,C2360,P3053,6,16451.3,95205.91,R02
S503193,6/21/2026 0:00,E1106,C2295,P3031,7,61484.37,443601.23,R02
S503194,5/7/2026 0:00,E1078,C2183,P3018,4,39505.96,143847.68,R01
S503195,5/14/2026 0:00,E1055,C2352,P3012,6,20628.64,118233.51,R04
S503196,6/19/2026 0:00,E1080,C2036,P3048,9,34019.63,319755.88,R01
S503197,1/25/2026 0:00,E1046,C2370,P3030,4,45220.48,163196.15,R04
S503198,9/4/2026 0:00,E1076,C2037,P3033,10,17298.96,178801.37,R05
S503199,7/4/2026 0:00,E1056,C2014,P3059,4,17588.05,67272.54,R06
S503200,3/26/2026 0:00,E1021,C2411,P3047,10,46883.48,435279.23,R04
S503201,2/24/2026 0:00,E1081,C2123,P3007,5,60276.19,271920.05,R06
S503202,5/24/2026 0:00,E1032,C2083,P3028,3,47578.07,129970.69,R02
S503203,4/5/2026 0:00,E1008,C2159,P3049,10,44098.98,408258,R06
S503204,5/22/2026 0:00,E1060,C2329,P3003,2,36568.91,66102.79,R02
S503205,6/16/2026 0:00,E1107,C2102,P3043,9,61740.42,528090.34,R03
S503206,6/5/2026 0:00,E1011,C2337,P3006,1,23219.92,21054.29,R01
S503207,8/12/2026 0:00,E1011,C2083,P3031,5,61484.37,308600.02,R01
S503208,8/8/2026 0:00,E1114,C2044,P3038,5,67526.73,345343.87,R05
S503209,6/28/2026 0:00,E1041,C2068,P3015,8,13790.91,113981.27,R01
S503210,4/29/2026 0:00,E1029,C2048,P3007,6,60276.19,355280.85,R04
S503211,6/26/2026 0:00,E1031,C2057,P3043,6,61740.42,385992.37,R04
S503212,1/9/2026 0:00,E1038,C2075,P3030,6,45220.48,244420.35,R01
S503213,7/5/2026 0:00,E1069,C2022,P3027,4,3495.09,12863.37,R01
S503214,6/22/2026 0:00,E1116,C2132,P3017,1,13812.52,13038.67,R06
S503215,5/30/2026 0:00,E1045,C2302,P3055,3,2016.98,6162,R02
S503216,6/9/2026 0:00,E1081,C2443,P3018,10,39505.96,408020.86,R06
S503217,7/16/2026 0:00,E1087,C2418,P3022,11,19428.07,212153.01,R05
S503218,8/3/2026 0:00,E1054,C2267,P3056,6,48237.37,277119.48,R06
S503219,7/16/2026 0:00,E1103,C2287,P3053,5,16451.3,82246.37,R02
S503220,2/11/2026 0:00,E1058,C2395,P3026,10,41379.43,383643.14,R02
S503221,2/22/2026 0:00,E1078,C2120,P3051,1,55331.31,53598.39,R01
S503222,8/12/2026 0:00,E1070,C2246,P3027,5,3495.09,17058.34,R06
S503223,7/6/2026 0:00,E1113,C2056,P3040,2,17956.07,32885.85,R06
S503224,3/15/2026 0:00,E1010,C2038,P3024,1,36395.04,32940.46,R05
S503225,2/8/2026 0:00,E1105,C2245,P3052,4,64744.08,262217.62,R06
S503226,5/2/2026 0:00,E1108,C2021,P3008,6,40552.31,238497.69,R05
S503227,1/15/2026 0:00,E1094,C2110,P3021,7,42656.59,283617.3,R04
S503228,7/18/2026 0:00,E1024,C2094,P3029,9,71367.4,620201.17,R02
S503229,6/6/2026 0:00,E1065,C2394,P3043,5,61740.42,322178.65,R02
S503230,5/3/2026 0:00,E1111,C2410,P3021,8,42656.59,326830.38,R02
S503231,4/21/2026 0:00,E1063,C2136,P3003,8,36568.91,267837.1,R05
S503232,5/11/2026 0:00,E1042,C2231,P3031,11,61484.37,655727.34,R03
S503233,3/24/2026 0:00,E1046,C2008,P3055,9,2016.98,18102.12,R04
S503234,1/10/2026 0:00,E1088,C2444,P3027,3,3495.09,9455.79,R04
S503235,4/2/2026 0:00,E1025,C2328,P3046,3,7391.26,21061.79,R03
S503236,1/29/2026 0:00,E1053,C2375,P3027,9,3495.09,30166.98,R06
S503237,7/26/2026 0:00,E1060,C2290,P3009,7,23520.25,159629.6,R02
S503238,2/4/2026 0:00,E1092,C2251,P3057,4,45630.28,172528.57,R05
S503239,1/6/2026 0:00,E1096,C2400,P3033,1,17298.96,17299.62,R03
S503240,5/20/2026 0:00,E1034,C2361,P3033,7,17298.96,126143.06,R06
S503241,4/21/2026 0:00,E1017,C2397,P3026,10,41379.43,429145.96,R02
S503242,2/7/2026 0:00,E1023,C2087,P3028,6,47578.07,285371.08,R02
S503243,3/18/2026 0:00,E1115,C2204,P3044,3,31924.43,93477.85,R04
S503244,4/3/2026 0:00,E1059,C2219,P3043,5,61740.42,316071.52,R01
S503245,5/27/2026 0:00,E1064,C2406,P3031,3,61484.37,189136.48,R02
S503246,3/8/2026 0:00,E1116,C2241,P3053,8,16451.3,134826.43,R06
S503247,5/16/2026 0:00,E1109,C2411,P3001,5,26533.8,122543.29,R02
S503248,1/8/2026 0:00,E1084,C2320,P3020,10,8239.05,74465.76,R01
S503249,9/4/2026 0:00,E1073,C2258,P3012,10,20628.64,216080.67,R01
S503250,5/2/2026 0:00,E1116,C2109,P3017,6,13812.52,86517.33,R06
S503251,3/25/2026 0:00,E1092,C2256,P3015,2,13790.91,27158.63,R05
S503252,6/24/2026 0:00,E1074,C2282,P3034,8,16100.35,135108.93,R05
S503253,5/12/2026 0:00,E1072,C2220,P3050,9,12809.06,117077.86,R02
S503254,6/28/2026 0:00,E1031,C2083,P3016,3,51163.56,150053.57,R04
S503255,3/26/2026 0:00,E1105,C2107,P3004,6,19444.05,111811.03,R06
S503256,7/14/2026 0:00,E1024,C2069,P3008,6,40552.31,240620.25,R02
S503257,2/14/2026 0:00,E1033,C2097,P3034,2,16100.35,31472.01,R01
S503258,5/16/2026 0:00,E1088,C2212,P3046,10,7391.26,77539.52,R04
S503259,3/28/2026 0:00,E1108,C2286,P3025,8,60497.94,471191.37,R05
S503260,1/16/2026 0:00,E1109,C2237,P3015,5,13790.91,70705.18,R02
S503261,3/18/2026 0:00,E1059,C2008,P3028,11,47578.07,534895.47,R01
S503262,7/14/2026 0:00,E1111,C2294,P3009,11,23520.25,235621.64,R02
S503263,8/28/2026 0:00,E1010,C2189,P3002,8,7831.21,57202.35,R05
S503264,1/9/2026 0:00,E1032,C2081,P3017,8,13812.52,110386.51,R02
S503265,3/1/2026 0:00,E1073,C2108,P3058,3,41115.63,115806.23,R01
S503266,3/19/2026 0:00,E1010,C2321,P3010,5,45872.45,229047.81,R05
S503267,3/18/2026 0:00,E1014,C2067,P3009,7,23520.25,151749.29,R02
S503268,9/2/2026 0:00,E1060,C2174,P3031,5,61484.37,294989.78,R02
S503269,3/12/2026 0:00,E1004,C2346,P3002,6,7831.21,43010.75,R04
S503270,1/15/2026 0:00,E1036,C2351,P3024,2,36395.04,68591.11,R05
S503271,3/12/2026 0:00,E1099,C2328,P3019,8,53251.21,389051.12,R01
S503272,4/12/2026 0:00,E1022,C2043,P3017,5,13812.52,72210.94,R01
S503273,8/14/2026 0:00,E1066,C2187,P3043,6,61740.42,355350.23,R04
S503274,6/18/2026 0:00,E1097,C2302,P3049,1,44098.98,45650.31,R04
S503275,1/22/2026 0:00,E1054,C2200,P3010,10,45872.45,479677.09,R06
S503276,6/1/2026 0:00,E1035,C2381,P3050,2,12809.06,26551.5,R06
S503277,4/23/2026 0:00,E1098,C2419,P3055,11,2016.98,21482.22,R03
S503278,8/17/2026 0:00,E1036,C2039,P3028,4,47578.07,193516.11,R05
S503279,6/21/2026 0:00,E1016,C2220,P3038,11,67526.73,685639.69,R02
S503280,1/1/2026 0:00,E1098,C2307,P3048,9,34019.63,279914.33,R03
S503281,1/10/2026 0:00,E1007,C2004,P3028,6,47578.07,294470.73,R01
S503282,8/23/2026 0:00,E1111,C2121,P3059,8,17588.05,127290.77,R02
S503283,7/27/2026 0:00,E1087,C2336,P3050,2,12809.06,26792.69,R05
S503284,4/20/2026 0:00,E1099,C2077,P3052,10,64744.08,647971.75,R01
S503285,7/19/2026 0:00,E1033,C2179,P3050,5,12809.06,61671.91,R01
S503286,7/3/2026 0:00,E1054,C2133,P3001,1,26533.8,24443.1,R06
S503287,4/23/2026 0:00,E1085,C2311,P3060,4,29470.22,118881.06,R02
S503288,8/5/2026 0:00,E1099,C2229,P3003,10,36568.91,360008.76,R01
S503289,2/19/2026 0:00,E1029,C2276,P3015,1,13790.91,13882.88,R04
S503290,1/12/2026 0:00,E1097,C2152,P3052,11,64744.08,685612.07,R04
S503291,3/30/2026 0:00,E1087,C2164,P3010,11,45872.45,459152.45,R05
S503292,7/28/2026 0:00,E1120,C2290,P3021,9,42656.59,363656.49,R04
S503293,7/7/2026 0:00,E1100,C2378,P3037,2,63029.63,119410.03,R01
S503294,6/3/2026 0:00,E1066,C2109,P3015,7,13790.91,87008.41,R04
S503295,8/26/2026 0:00,E1081,C2126,P3023,3,72228.78,195329.12,R06
S503296,4/22/2026 0:00,E1080,C2240,P3014,2,9360.99,17778.65,R01
S503297,3/19/2026 0:00,E1020,C2310,P3015,4,13790.91,55668.03,R02
S503298,6/18/2026 0:00,E1109,C2418,P3010,7,45872.45,319054.17,R02
S503299,6/13/2026 0:00,E1016,C2401,P3056,7,48237.37,316001.49,R02
S503300,5/1/2026 0:00,E1007,C2389,P3009,9,23520.25,209653.15,R01
S503301,1/23/2026 0:00,E1118,C2345,P3044,3,31924.43,95496.18,R02
S503302,6/20/2026 0:00,E1075,C2146,P3039,7,26668.25,182642.8,R05
S503303,5/14/2026 0:00,E1103,C2252,P3005,6,21544.25,126447.91,R02
S503304,8/27/2026 0:00,E1086,C2183,P3025,10,60497.94,578034.94,R02
S503305,7/16/2026 0:00,E1100,C2309,P3056,7,48237.37,310145.26,R01
S503306,6/20/2026 0:00,E1039,C2306,P3042,7,20791.75,139403.65,R04
S503307,1/25/2026 0:00,E1027,C2072,P3057,10,45630.28,434309.07,R02
S503308,1/18/2026 0:00,E1084,C2219,P3026,5,41379.43,204579.05,R01
S503309,7/9/2026 0:00,E1094,C2207,P3008,9,40552.31,375350.2,R04
S503310,5/21/2026 0:00,E1053,C2173,P3022,7,19428.07,130054.3,R06
S503311,2/12/2026 0:00,E1075,C2141,P3052,7,64744.08,456136.42,R05
S503312,3/19/2026 0:00,E1098,C2272,P3025,3,60497.94,185445.77,R03
S503313,1/28/2026 0:00,E1055,C2214,P3048,1,34019.63,31698.22,R04
S503314,5/26/2026 0:00,E1058,C2269,P3012,5,20628.64,106778.74,R02
S503315,2/28/2026 0:00,E1061,C2020,P3009,8,23520.25,171334.06,R03
S503316,7/7/2026 0:00,E1072,C2066,P3010,5,45872.45,237449.08,R02
S503317,3/4/2026 0:00,E1080,C2303,P3048,10,34019.63,314526.77,R01
S503318,7/4/2026 0:00,E1094,C2147,P3010,3,45872.45,130815.67,R04
S503319,4/2/2026 0:00,E1060,C2429,P3009,9,23520.25,209731.66,R02
S503320,6/28/2026 0:00,E1090,C2165,P3026,2,41379.43,85725.97,R03
S503321,2/25/2026 0:00,E1014,C2378,P3035,3,45920.83,129270.15,R02
S503322,6/4/2026 0:00,E1045,C2310,P3027,4,3495.09,14183.58,R02
S503323,6/9/2026 0:00,E1078,C2006,P3060,10,29470.22,296637.03,R01
S503324,4/21/2026 0:00,E1053,C2014,P3031,1,61484.37,56808.87,R06
S503325,5/17/2026 0:00,E1020,C2132,P3019,11,53251.21,569314.84,R02
S503326,8/20/2026 0:00,E1022,C2342,P3043,4,61740.42,240102.51,R01
S503327,8/12/2026 0:00,E1093,C2243,P3038,4,67526.73,255437.89,R05
S503328,7/31/2026 0:00,E1085,C2439,P3006,9,23219.92,212529.46,R02
S503329,8/8/2026 0:00,E1025,C2231,P3015,8,13790.91,114617.92,R03
S503330,8/13/2026 0:00,E1027,C2228,P3029,2,71367.4,143803.29,R02
S503331,3/9/2026 0:00,E1047,C2162,P3047,7,46883.48,343262.2,R02
S503332,2/15/2026 0:00,E1029,C2283,P3045,6,50149.35,273084.35,R04
S503333,8/14/2026 0:00,E1112,C2263,P3054,7,7404.66,46938.76,R02
S503334,8/28/2026 0:00,E1084,C2131,P3005,11,21544.25,245062.97,R01
S503335,3/8/2026 0:00,E1110,C2431,P3014,4,9360.99,38742.14,R01
S503336,6/3/2026 0:00,E1102,C2225,P3053,5,16451.3,75352.56,R04
S503337,5/16/2026 0:00,E1108,C2258,P3002,6,7831.21,44807.85,R05
S503338,1/6/2026 0:00,E1030,C2234,P3023,9,72228.78,666511.49,R01
S503339,7/27/2026 0:00,E1018,C2336,P3044,2,31924.43,58695.05,R04
S503340,1/24/2026 0:00,E1070,C2409,P3052,11,64744.08,669535.13,R06
S503341,6/25/2026 0:00,E1046,C2316,P3046,9,7391.26,66664.32,R04
S503342,8/19/2026 0:00,E1111,C2024,P3019,10,53251.21,557691.86,R02
S503343,4/4/2026 0:00,E1063,C2271,P3024,1,36395.04,37107.32,R05
S503344,6/22/2026 0:00,E1095,C2095,P3020,4,8239.05,33503.2,R05
S503345,1/13/2026 0:00,E1070,C2142,P3047,5,46883.48,223024.57,R06
S503346,7/16/2026 0:00,E1076,C2182,P3027,9,3495.09,31430.69,R05
S503347,1/25/2026 0:00,E1026,C2206,P3052,6,64744.08,356207.65,R05
S503348,5/28/2026 0:00,E1097,C2390,P3024,4,36395.04,152690.3,R04
S503349,4/28/2026 0:00,E1069,C2081,P3017,2,13812.52,26853.96,R01
S503350,3/23/2026 0:00,E1113,C2274,P3025,5,60497.94,301225.65,R06
S503351,4/21/2026 0:00,E1003,C2276,P3046,8,7391.26,60988.29,R05
S503352,3/23/2026 0:00,E1091,C2371,P3055,8,2016.98,14524.59,R01
S503353,3/7/2026 0:00,E1051,C2446,P3031,6,61484.37,386022.5,R06
S503354,7/21/2026 0:00,E1072,C2208,P3028,11,47578.07,499218.27,R02
S503355,9/4/2026 0:00,E1027,C2296,P3050,1,12809.06,12180.63,R02
S503356,2/14/2026 0:00,E1074,C2039,P3059,8,17588.05,129695.62,R05
S503357,4/24/2026 0:00,E1101,C2436,P3028,4,47578.07,195779.51,R01
S503358,6/24/2026 0:00,E1028,C2288,P3022,2,19428.07,40046.15,R04
S503359,3/4/2026 0:00,E1091,C2124,P3056,1,48237.37,43558.27,R01
S503360,3/17/2026 0:00,E1019,C2364,P3059,7,17588.05,111833.82,R03
S503361,8/27/2026 0:00,E1056,C2283,P3005,2,21544.25,44715.14,R06
S503362,7/24/2026 0:00,E1002,C2366,P3054,4,7404.66,27202.65,R06
S503363,4/24/2026 0:00,E1063,C2180,P3044,4,31924.43,126821.6,R05
S503364,4/21/2026 0:00,E1114,C2097,P3042,10,20791.75,206451.18,R05
S503365,7/2/2026 0:00,E1105,C2191,P3008,1,40552.31,41787.52,R06
S503366,7/22/2026 0:00,E1004,C2074,P3038,2,67526.73,133148.95,R04
S503367,5/27/2026 0:00,E1070,C2447,P3028,1,47578.07,45917.68,R06
S503368,2/4/2026 0:00,E1043,C2273,P3057,6,45630.28,286418.65,R01
S503369,8/19/2026 0:00,E1038,C2049,P3047,3,46883.48,131412.85,R01
S503370,2/22/2026 0:00,E1053,C2337,P3012,1,20628.64,19378.7,R06
S503371,1/26/2026 0:00,E1016,C2210,P3057,8,45630.28,333179.69,R02
S503372,8/26/2026 0:00,E1009,C2116,P3025,4,60497.94,253195.38,R04
S503373,1/14/2026 0:00,E1039,C2023,P3038,10,67526.73,679287.86,R04
S503374,4/28/2026 0:00,E1116,C2098,P3044,7,31924.43,201529.41,R06
S503375,2/14/2026 0:00,E1085,C2328,P3015,10,13790.91,138687.89,R02
S503376,6/21/2026 0:00,E1058,C2397,P3044,2,31924.43,61334.52,R02
S503377,8/4/2026 0:00,E1049,C2407,P3041,6,58594.28,367432.7,R04
S503378,8/21/2026 0:00,E1092,C2313,P3051,6,55331.31,312602.47,R05
S503379,7/12/2026 0:00,E1105,C2190,P3053,7,16451.3,115912.58,R06
S503380,2/20/2026 0:00,E1011,C2182,P3034,1,16100.35,16005.6,R01
S503381,6/20/2026 0:00,E1104,C2148,P3060,1,29470.22,26576.47,R04
S503382,4/29/2026 0:00,E1080,C2342,P3045,2,50149.35,103586.75,R01
S503383,8/2/2026 0:00,E1051,C2436,P3013,11,31162.8,315690.41,R06
S503384,5/31/2026 0:00,E1043,C2023,P3008,2,40552.31,81067.18,R01
S503385,7/3/2026 0:00,E1085,C2105,P3059,5,17588.05,89376.51,R02
S503386,9/3/2026 0:00,E1031,C2163,P3013,1,31162.8,30995.74,R04
S503387,1/19/2026 0:00,E1006,C2067,P3036,11,30974.38,311609.63,R02
S503388,3/23/2026 0:00,E1097,C2290,P3006,2,23219.92,48588.93,R04
S503389,3/17/2026 0:00,E1073,C2289,P3038,6,67526.73,379036.73,R01
S503390,7/2/2026 0:00,E1085,C2046,P3032,3,66344.43,197874.86,R02
S503391,8/8/2026 0:00,E1032,C2081,P3021,4,42656.59,173966.66,R02
S503392,4/2/2026 0:00,E1054,C2429,P3044,1,31924.43,33229.67,R06
S503393,7/7/2026 0:00,E1105,C2147,P3044,5,31924.43,158121.95,R06
S503394,7/6/2026 0:00,E1090,C2222,P3049,4,44098.98,165610.74,R03
S503395,2/2/2026 0:00,E1100,C2343,P3059,8,17588.05,144291.78,R01
S503396,5/27/2026 0:00,E1024,C2015,P3007,3,60276.19,167172.94,R02
S503397,1/28/2026 0:00,E1050,C2379,P3026,10,41379.43,373797.92,R02
S503398,5/3/2026 0:00,E1111,C2121,P3015,1,13790.91,14290.45,R02
S503399,6/29/2026 0:00,E1042,C2078,P3056,10,48237.37,475769.21,R03
S503400,5/6/2026 0:00,E1007,C2322,P3049,5,44098.98,200748.75,R01
S503401,6/26/2026 0:00,E1039,C2295,P3042,1,20791.75,20520.61,R04
S503402,2/6/2026 0:00,E1043,C2241,P3023,11,72228.78,732347.35,R01
S503403,6/3/2026 0:00,E1102,C2018,P3052,5,64744.08,292872.4,R04
S503404,4/9/2026 0:00,E1028,C2256,P3038,9,67526.73,557588.97,R04
S503405,4/8/2026 0:00,E1077,C2443,P3041,5,58594.28,297736.91,R05
S503406,5/7/2026 0:00,E1071,C2416,P3015,2,13790.91,27950.01,R05
S503407,8/15/2026 0:00,E1059,C2277,P3048,2,34019.63,67402.94,R01
S503408,6/17/2026 0:00,E1018,C2424,P3053,10,16451.3,153227.28,R04
S503409,3/21/2026 0:00,E1118,C2027,P3040,9,17956.07,163357.24,R02
S503410,2/7/2026 0:00,E1073,C2002,P3016,5,51163.56,245893.81,R01
S503411,3/18/2026 0:00,E1093,C2353,P3032,11,66344.43,712721.19,R05
S503412,5/6/2026 0:00,E1049,C2295,P3037,8,63029.63,521706.89,R04
S503413,3/28/2026 0:00,E1081,C2312,P3018,10,39505.96,382685.79,R06
S503414,2/23/2026 0:00,E1112,C2363,P3020,4,8239.05,32756.98,R02
S503415,5/30/2026 0:00,E1014,C2383,P3046,2,7391.26,15436.83,R02
S503416,1/16/2026 0:00,E1012,C2239,P3002,4,7831.21,30313.31,R06
S503417,1/28/2026 0:00,E1111,C2013,P3055,11,2016.98,21834.21,R02
S503418,8/28/2026 0:00,E1092,C2382,P3023,4,72228.78,285350.54,R05
S503419,6/12/2026 0:00,E1088,C2184,P3030,11,45220.48,465643.15,R04
S503420,7/7/2026 0:00,E1094,C2194,P3003,9,36568.91,332588.56,R04
S503421,6/22/2026 0:00,E1025,C2056,P3046,10,7391.26,74577.48,R03
S503422,2/15/2026 0:00,E1095,C2230,P3039,11,26668.25,273412.73,R05
S503423,3/13/2026 0:00,E1075,C2028,P3047,6,46883.48,253733.59,R05
S503424,8/24/2026 0:00,E1108,C2320,P3049,10,44098.98,462969.28,R05
S503425,7/2/2026 0:00,E1005,C2071,P3001,6,26533.8,157171.08,R02
S503426,9/4/2026 0:00,E1115,C2210,P3041,5,58594.28,271629.84,R04
S503427,8/2/2026 0:00,E1048,C2448,P3022,6,19428.07,109869.8,R04
S503428,3/26/2026 0:00,E1019,C2184,P3029,1,71367.4,70844.19,R03
S503429,1/26/2026 0:00,E1045,C2425,P3014,5,9360.99,43090.62,R02
S503430,8/20/2026 0:00,E1082,C2375,P3048,6,34019.63,184847.45,R04
S503431,3/26/2026 0:00,E1034,C2356,P3028,8,47578.07,388150.26,R06
S503432,6/2/2026 0:00,E1095,C2041,P3021,4,42656.59,171885.06,R05
S503433,8/21/2026 0:00,E1105,C2260,P3045,5,50149.35,237316.82,R06
S503434,3/6/2026 0:00,E1011,C2441,P3032,4,66344.43,241168.29,R01
S503435,5/14/2026 0:00,E1075,C2414,P3006,7,23219.92,158141.23,R05
S503436,5/31/2026 0:00,E1061,C2344,P3054,10,7404.66,69709.54,R03
S503437,4/25/2026 0:00,E1032,C2084,P3001,6,26533.8,152781.65,R02
S503438,3/5/2026 0:00,E1029,C2046,P3021,4,42656.59,160575.68,R04
S503439,3/28/2026 0:00,E1062,C2440,P3057,6,45630.28,253601.27,R02
S503440,6/20/2026 0:00,E1004,C2159,P3004,4,19444.05,74513.37,R04
S503441,4/17/2026 0:00,E1120,C2344,P3003,8,36568.91,305638.3,R04
S503442,5/31/2026 0:00,E1057,C2007,P3049,11,44098.98,455951.52,R01
S503443,4/6/2026 0:00,E1015,C2333,P3030,3,45220.48,128931.95,R02
S503444,6/7/2026 0:00,E1060,C2438,P3031,8,61484.37,466979.35,R02
S503445,3/18/2026 0:00,E1091,C2136,P3034,2,16100.35,31300.48,R01
S503446,8/23/2026 0:00,E1016,C2183,P3019,6,53251.21,327982.46,R02
S503447,5/26/2026 0:00,E1003,C2197,P3020,8,8239.05,63296.89,R05
S503448,3/28/2026 0:00,E1025,C2172,P3023,1,72228.78,73739.96,R03
S503449,7/26/2026 0:00,E1080,C2397,P3054,6,7404.66,40751.63,R01
S503450,8/13/2026 0:00,E1066,C2349,P3059,9,17588.05,163711.76,R04
S503451,5/29/2026 0:00,E1114,C2276,P3040,10,17956.07,166595.63,R05
S503452,2/26/2026 0:00,E1073,C2078,P3025,10,60497.94,548038.87,R01
S503453,4/13/2026 0:00,E1102,C2416,P3015,2,13790.91,25478.79,R04
S503454,5/31/2026 0:00,E1116,C2444,P3038,11,67526.73,689767.8,R06
S503455,4/1/2026 0:00,E1025,C2178,P3023,1,72228.78,70515.2,R03
S503456,2/14/2026 0:00,E1028,C2027,P3052,2,64744.08,125278.6,R04
S503457,6/21/2026 0:00,E1038,C2120,P3002,5,7831.21,39445.07,R01
S503458,7/29/2026 0:00,E1104,C2281,P3057,6,45630.28,248495.93,R04
S503459,3/29/2026 0:00,E1096,C2308,P3057,1,45630.28,44473.82,R03
S503460,4/25/2026 0:00,E1093,C2196,P3015,7,13790.91,91697.07,R05
S503461,2/16/2026 0:00,E1041,C2277,P3052,11,64744.08,708343.32,R01
S503462,6/17/2026 0:00,E1065,C2018,P3044,4,31924.43,115765,R02
S503463,6/28/2026 0:00,E1081,C2295,P3035,9,45920.83,374124.44,R06
S503464,6/19/2026 0:00,E1027,C2271,P3010,6,45872.45,265350.4,R02
S503465,5/15/2026 0:00,E1067,C2053,P3014,9,9360.99,86077.19,R01
S503466,2/19/2026 0:00,E1005,C2294,P3027,1,3495.09,3497.41,R02
S503467,6/25/2026 0:00,E1030,C2432,P3054,4,7404.66,26731,R01
S503468,3/25/2026 0:00,E1002,C2052,P3014,2,9360.99,17350.98,R06
S503469,4/1/2026 0:00,E1109,C2216,P3035,6,45920.83,257343.01,R02
S503470,5/14/2026 0:00,E1052,C2072,P3033,4,17298.96,66667.34,R05
S503471,4/1/2026 0:00,E1112,C2028,P3052,9,64744.08,575708.64,R02
S503472,5/17/2026 0:00,E1088,C2400,P3001,3,26533.8,74225.84,R04
S503473,9/2/2026 0:00,E1012,C2252,P3034,1,16100.35,15414.11,R06
S503474,4/19/2026 0:00,E1076,C2374,P3019,11,53251.21,578494.87,R05
S503475,2/26/2026 0:00,E1061,C2400,P3024,11,36395.04,383336.88,R03
S503476,1/31/2026 0:00,E1064,C2035,P3042,1,20791.75,19159.09,R02
S503477,1/21/2026 0:00,E1083,C2401,P3004,9,19444.05,170402.65,R02
S503478,3/31/2026 0:00,E1037,C2201,P3036,9,30974.38,264440.43,R02
S503479,2/9/2026 0:00,E1058,C2249,P3013,5,31162.8,160430.5,R02
S503480,4/22/2026 0:00,E1113,C2099,P3058,2,41115.63,83575.23,R06
S503481,2/14/2026 0:00,E1092,C2308,P3032,9,66344.43,554431.87,R05
S503482,3/18/2026 0:00,E1114,C2140,P3009,8,23520.25,173653.84,R05
S503483,6/26/2026 0:00,E1022,C2083,P3039,11,26668.25,279314.36,R01
S503484,3/28/2026 0:00,E1014,C2048,P3016,10,51163.56,492104.51,R02
S503485,5/28/2026 0:00,E1010,C2278,P3050,10,12809.06,133188.95,R05
S503486,4/11/2026 0:00,E1012,C2379,P3003,6,36568.91,207399.06,R06
S503487,9/3/2026 0:00,E1077,C2248,P3052,7,64744.08,466867.2,R05
S503488,4/27/2026 0:00,E1072,C2383,P3020,6,8239.05,48237.81,R02
S503489,4/2/2026 0:00,E1002,C2177,P3010,5,45872.45,236895.32,R06
S503490,5/25/2026 0:00,E1120,C2052,P3056,4,48237.37,193970.77,R04
S503491,1/28/2026 0:00,E1072,C2079,P3058,7,41115.63,289610.62,R02
S503492,6/18/2026 0:00,E1079,C2385,P3058,4,41115.63,160814.68,R02
S503493,7/13/2026 0:00,E1088,C2322,P3022,10,19428.07,199340.86,R04
S503494,1/25/2026 0:00,E1058,C2064,P3048,10,34019.63,319159.83,R02
S503495,2/27/2026 0:00,E1032,C2008,P3003,10,36568.91,378891.46,R02
S503496,8/30/2026 0:00,E1088,C2214,P3011,9,53782.26,481870.09,R04
S503497,2/10/2026 0:00,E1038,C2025,P3025,5,60497.94,292146.47,R01
S503498,5/14/2026 0:00,E1049,C2450,P3042,8,20791.75,174206.34,R04
S503499,3/16/2026 0:00,E1093,C2256,P3048,6,34019.63,210098.86,R05
S503500,2/7/2026 0:00,E1116,C2243,P3008,4,40552.31,164772.66,R06
S503501,5/14/2026 0:00,E1118,C2198,P3009,3,23520.25,66403.69,R02
S503502,6/22/2026 0:00,E1080,C2094,P3015,11,13790.91,158687.48,R01
S503503,3/16/2026 0:00,E1049,C2207,P3032,6,66344.43,402623.7,R04
S503504,5/22/2026 0:00,E1071,C2435,P3053,1,16451.3,16299.66,R05
S503505,3/7/2026 0:00,E1060,C2437,P3003,2,36568.91,75936.8,R02
S503506,6/17/2026 0:00,E1037,C2015,P3004,7,19444.05,125808.66,R02
S503507,1/3/2026 0:00,E1033,C2178,P3030,4,45220.48,166565.55,R01
S503508,9/4/2026 0:00,E1100,C2378,P3013,5,31162.8,153407.77,R01
S503509,4/27/2026 0:00,E1066,C2075,P3044,11,31924.43,319039.26,R04
S503510,4/9/2026 0:00,E1073,C2104,P3021,10,42656.59,426394.43,R01
S503511,8/13/2026 0:00,E1044,C2294,P3041,1,58594.28,54850.76,R06
S503512,6/1/2026 0:00,E1050,C2168,P3057,2,45630.28,83763.87,R02
S503513,1/19/2026 0:00,E1076,C2450,P3046,4,7391.26,28424.55,R05
S503514,5/26/2026 0:00,E1116,C2115,P3019,8,53251.21,413183.57,R06
S503515,7/11/2026 0:00,E1083,C2039,P3039,10,26668.25,246834.05,R02
S503516,8/29/2026 0:00,E1031,C2364,P3048,4,34019.63,123318.48,R04
S503517,4/26/2026 0:00,E1022,C2273,P3022,3,19428.07,56075.72,R01
S503518,5/5/2026 0:00,E1062,C2135,P3020,3,8239.05,25061.43,R02
S503519,3/29/2026 0:00,E1014,C2374,P3037,5,63029.63,324958.7,R02
S503520,8/25/2026 0:00,E1002,C2232,P3031,3,61484.37,168706.76,R06
S503521,2/4/2026 0:00,E1067,C2039,P3010,8,45872.45,359163.42,R01
S503522,7/9/2026 0:00,E1113,C2291,P3018,5,39505.96,185581.31,R06
S503523,1/1/2026 0:00,E1034,C2307,P3043,7,61740.42,413251.2,R06
S503524,8/16/2026 0:00,E1039,C2047,P3039,11,26668.25,305089.55,R04
S503525,6/2/2026 0:00,E1026,C2036,P3046,8,7391.26,56339.8,R05
S503526,6/22/2026 0:00,E1027,C2320,P3020,5,8239.05,39333.3,R02
S503527,6/26/2026 0:00,E1079,C2095,P3018,8,39505.96,294369.77,R02
S503528,5/6/2026 0:00,E1061,C2361,P3011,3,53782.26,168446.48,R03
S503529,8/23/2026 0:00,E1094,C2013,P3022,7,19428.07,131708.94,R04
S503530,8/14/2026 0:00,E1034,C2146,P3059,8,17588.05,138672.46,R06
S503531,3/30/2026 0:00,E1103,C2405,P3044,7,31924.43,216314.4,R02
S503532,5/24/2026 0:00,E1043,C2368,P3018,2,39505.96,74108.27,R01
S503533,8/14/2026 0:00,E1031,C2065,P3058,8,41115.63,336017.29,R04
S503534,8/9/2026 0:00,E1059,C2228,P3034,6,16100.35,87354.45,R01
S503535,5/27/2026 0:00,E1051,C2242,P3023,10,72228.78,724842.18,R06
S503536,5/31/2026 0:00,E1050,C2008,P3001,3,26533.8,78737,R02
S503537,7/30/2026 0:00,E1074,C2304,P3055,4,2016.98,7435.73,R05
S503538,1/25/2026 0:00,E1051,C2341,P3010,7,45872.45,296987.43,R06
S503539,1/16/2026 0:00,E1049,C2043,P3053,3,16451.3,49298.81,R04
S503540,7/1/2026 0:00,E1058,C2244,P3001,1,26533.8,25122.75,R02
S503541,8/31/2026 0:00,E1067,C2181,P3038,6,67526.73,380794.32,R01
S503542,3/14/2026 0:00,E1013,C2085,P3039,3,26668.25,72714.19,R05
S503543,5/9/2026 0:00,E1071,C2155,P3049,11,44098.98,492351.75,R05
S503544,2/11/2026 0:00,E1090,C2275,P3009,10,23520.25,242823.25,R03
S503545,5/27/2026 0:00,E1007,C2023,P3031,6,61484.37,377382.45,R01
S503546,8/13/2026 0:00,E1091,C2115,P3007,10,60276.19,584621.85,R01
S503547,6/11/2026 0:00,E1067,C2306,P3017,3,13812.52,40612.68,R01
S503548,3/21/2026 0:00,E1026,C2435,P3035,6,45920.83,257985.45,R05
S503549,8/24/2026 0:00,E1002,C2299,P3048,11,34019.63,346497.09,R06
S503550,4/14/2026 0:00,E1033,C2099,P3037,4,63029.63,258030.74,R01
S503551,7/2/2026 0:00,E1108,C2104,P3052,4,64744.08,264091.52,R05
S503552,5/26/2026 0:00,E1108,C2372,P3018,10,39505.96,401619.16,R05
S503553,2/3/2026 0:00,E1004,C2051,P3033,10,17298.96,167714.09,R04
S503554,3/30/2026 0:00,E1051,C2362,P3004,11,19444.05,220231.82,R06
S503555,5/5/2026 0:00,E1020,C2112,P3023,2,72228.78,150081.99,R02
S503556,2/14/2026 0:00,E1062,C2244,P3011,4,53782.26,204211.6,R02
S503557,5/14/2026 0:00,E1109,C2169,P3052,11,64744.08,664969.99,R02
S503558,1/21/2026 0:00,E1030,C2072,P3009,4,23520.25,91224.65,R01
S503559,5/2/2026 0:00,E1052,C2139,P3030,11,45220.48,461062.97,R05
S503560,3/11/2026 0:00,E1003,C2336,P3008,7,40552.31,293120.33,R05
S503561,4/6/2026 0:00,E1075,C2231,P3040,5,17956.07,85354.05,R05
S503562,4/15/2026 0:00,E1058,C2239,P3005,8,21544.25,170014.43,R02
S503563,2/17/2026 0:00,E1018,C2253,P3012,7,20628.64,142842.1,R04
S503564,8/23/2026 0:00,E1062,C2436,P3001,10,26533.8,259301.08,R02
S503565,2/8/2026 0:00,E1112,C2407,P3015,9,13790.91,114620.52,R02
S503566,1/31/2026 0:00,E1037,C2049,P3025,8,60497.94,507529.36,R02
S503567,8/22/2026 0:00,E1063,C2422,P3018,9,39505.96,329203.73,R05
S503568,1/10/2026 0:00,E1018,C2303,P3038,1,67526.73,68386.08,R04
S503569,1/30/2026 0:00,E1051,C2072,P3042,10,20791.75,211806.48,R06
S503570,9/1/2026 0:00,E1078,C2263,P3046,3,7391.26,20439.23,R01
S503571,1/18/2026 0:00,E1062,C2322,P3053,5,16451.3,85544.66,R02
S503572,7/7/2026 0:00,E1021,C2222,P3026,9,41379.43,362420.68,R04
S503573,3/29/2026 0:00,E1052,C2077,P3040,8,17956.07,142834.42,R05
S503574,9/1/2026 0:00,E1004,C2062,P3059,10,17588.05,175234.65,R04
S503575,5/5/2026 0:00,E1045,C2157,P3003,7,36568.91,249773.07,R02
S503576,3/14/2026 0:00,E1059,C2294,P3054,2,7404.66,13643.88,R01
S503577,8/11/2026 0:00,E1052,C2125,P3022,11,19428.07,216436.34,R05
S503578,1/15/2026 0:00,E1070,C2229,P3026,6,41379.43,245115.49,R06
S503579,1/4/2026 0:00,E1083,C2340,P3019,4,53251.21,195496.29,R02
S503580,7/10/2026 0:00,E1052,C2161,P3044,5,31924.43,160427.97,R05
S503581,6/17/2026 0:00,E1038,C2029,P3044,5,31924.43,160486.42,R01
S503582,1/9/2026 0:00,E1048,C2114,P3047,4,46883.48,184209.5,R04
S503583,4/19/2026 0:00,E1044,C2079,P3060,4,29470.22,107693.89,R06
S503584,5/17/2026 0:00,E1016,C2023,P3039,4,26668.25,101648.34,R02
S503585,6/3/2026 0:00,E1034,C2106,P3059,11,17588.05,175599.53,R06
S503586,5/12/2026 0:00,E1082,C2131,P3036,2,30974.38,60191.86,R04
S503587,7/28/2026 0:00,E1012,C2357,P3021,1,42656.59,44190.82,R06
S503588,1/16/2026 0:00,E1021,C2173,P3041,2,58594.28,105509.31,R04
S503589,5/23/2026 0:00,E1104,C2264,P3054,7,7404.66,48722.44,R04
S503590,4/9/2026 0:00,E1025,C2342,P3048,1,34019.63,34699.3,R03
S503591,5/1/2026 0:00,E1066,C2373,P3026,6,41379.43,223816.15,R04
S503592,2/21/2026 0:00,E1120,C2285,P3013,4,31162.8,112376.3,R04
S503593,3/10/2026 0:00,E1082,C2002,P3036,2,30974.38,61429.8,R04
S503594,9/4/2026 0:00,E1096,C2233,P3024,3,36395.04,111191.94,R03
S503595,1/5/2026 0:00,E1100,C2369,P3041,7,58594.28,416917.68,R01
S503596,1/20/2026 0:00,E1067,C2251,P3026,6,41379.43,252481.57,R01
S503597,3/20/2026 0:00,E1090,C2434,P3021,6,42656.59,244204.96,R03
S503598,5/26/2026 0:00,E1090,C2321,P3018,8,39505.96,326290.35,R03
S503599,4/21/2026 0:00,E1075,C2108,P3015,8,13790.91,99506.97,R05
S503600,1/2/2026 0:00,E1088,C2276,P3015,6,13790.91,78345.74,R04
S503601,4/3/2026 0:00,E1078,C2180,P3006,1,23219.92,22072.35,R01
S503602,1/13/2026 0:00,E1018,C2213,P3043,10,61740.42,570997.43,R04
S503603,1/4/2026 0:00,E1091,C2293,P3031,7,61484.37,409057.81,R01
S503604,6/19/2026 0:00,E1094,C2072,P3028,8,47578.07,376012.39,R04
S503605,4/19/2026 0:00,E1063,C2283,P3008,5,40552.31,198309.29,R05
S503606,3/15/2026 0:00,E1016,C2175,P3029,11,71367.4,744151.82,R02
S503607,7/8/2026 0:00,E1096,C2123,P3021,4,42656.59,172741.98,R03
S503608,4/5/2026 0:00,E1053,C2227,P3017,7,13812.52,97385.59,R06
S503609,4/15/2026 0:00,E1028,C2390,P3056,11,48237.37,499891.06,R04
S503610,1/8/2026 0:00,E1088,C2444,P3057,6,45630.28,259677.61,R04
S503611,3/8/2026 0:00,E1076,C2301,P3049,6,44098.98,249545.9,R05
S503612,8/28/2026 0:00,E1063,C2428,P3024,3,36395.04,100376.9,R05
S503613,7/10/2026 0:00,E1060,C2083,P3058,11,41115.63,458114.04,R02
S503614,4/20/2026 0:00,E1032,C2253,P3060,10,29470.22,267277.65,R02
S503615,1/9/2026 0:00,E1093,C2146,P3050,4,12809.06,47269.89,R05
S503616,8/10/2026 0:00,E1013,C2120,P3036,5,30974.38,141831.02,R05
S503617,4/27/2026 0:00,E1048,C2065,P3031,9,61484.37,566529.75,R04
S503618,1/11/2026 0:00,E1032,C2281,P3047,8,46883.48,340036.98,R02
S503619,4/9/2026 0:00,E1033,C2283,P3034,3,16100.35,48286.27,R01
S503620,8/17/2026 0:00,E1033,C2391,P3002,6,7831.21,42601.99,R01
S503621,2/11/2026 0:00,E1107,C2428,P3042,10,20791.75,211653.05,R03
S503622,5/21/2026 0:00,E1111,C2106,P3003,1,36568.91,37918.56,R02
S503623,6/13/2026 0:00,E1101,C2413,P3030,3,45220.48,132002.17,R01
S503624,4/30/2026 0:00,E1055,C2300,P3008,10,40552.31,413909.83,R04
S503625,5/21/2026 0:00,E1063,C2107,P3052,7,64744.08,455910.4,R05
S503626,1/12/2026 0:00,E1048,C2036,P3007,7,60276.19,430095.75,R04
S503627,2/6/2026 0:00,E1087,C2147,P3012,2,20628.64,41876.81,R05
S503628,3/15/2026 0:00,E1076,C2262,P3058,3,41115.63,114811.92,R05
S503629,9/5/2026 0:00,E1082,C2409,P3019,7,53251.21,363414.85,R04
S503630,3/14/2026 0:00,E1008,C2159,P3026,6,41379.43,259216.17,R06
S503631,2/21/2026 0:00,E1005,C2265,P3028,7,47578.07,316903.71,R02
S503632,7/18/2026 0:00,E1093,C2202,P3015,10,13790.91,144194.04,R05
S503633,5/10/2026 0:00,E1054,C2421,P3014,9,9360.99,83193.63,R06
S503634,9/3/2026 0:00,E1091,C2155,P3048,8,34019.63,263785.96,R01
S503635,2/25/2026 0:00,E1032,C2013,P3059,6,17588.05,105387.27,R02
S503636,3/1/2026 0:00,E1077,C2297,P3014,4,9360.99,38281.8,R05
S503637,1/23/2026 0:00,E1114,C2384,P3003,10,36568.91,350743.83,R05
S503638,4/13/2026 0:00,E1086,C2322,P3050,9,12809.06,104323.24,R02
S503639,2/9/2026 0:00,E1037,C2085,P3029,7,71367.4,502729.57,R02
S503640,3/5/2026 0:00,E1056,C2280,P3060,5,29470.22,153749.82,R06
S503641,8/19/2026 0:00,E1056,C2245,P3054,2,7404.66,14716.73,R06
S503642,3/26/2026 0:00,E1018,C2300,P3006,9,23219.92,193987.56,R04
S503643,5/31/2026 0:00,E1111,C2362,P3049,7,44098.98,289318.18,R02
S503644,6/6/2026 0:00,E1077,C2354,P3023,9,72228.78,673761.87,R05
S503645,7/25/2026 0:00,E1031,C2316,P3028,11,47578.07,472087.57,R04
S503646,8/6/2026 0:00,E1101,C2009,P3014,9,9360.99,82758.72,R01
S503647,6/28/2026 0:00,E1107,C2386,P3014,10,9360.99,86476.98,R03
S503648,7/16/2026 0:00,E1104,C2247,P3020,5,8239.05,38823.01,R04
S503649,9/4/2026 0:00,E1023,C2312,P3013,7,31162.8,206370.37,R02
S503650,8/11/2026 0:00,E1119,C2414,P3027,5,3495.09,16302.71,R06
S503651,3/30/2026 0:00,E1045,C2278,P3060,3,29470.22,90077.45,R02
S503652,1/31/2026 0:00,E1114,C2238,P3035,10,45920.83,436170.45,R05
S503653,6/27/2026 0:00,E1117,C2203,P3045,8,50149.35,381866.34,R05
S503654,1/20/2026 0:00,E1028,C2247,P3056,8,48237.37,373531.29,R04
S503655,8/24/2026 0:00,E1038,C2235,P3002,9,7831.21,72971.99,R01
S503656,7/2/2026 0:00,E1048,C2081,P3041,11,58594.28,646616.33,R04
S503657,7/28/2026 0:00,E1115,C2356,P3045,6,50149.35,273593.53,R04
S503658,8/25/2026 0:00,E1036,C2013,P3040,2,17956.07,32532.42,R05
S503659,5/10/2026 0:00,E1005,C2327,P3048,3,34019.63,100523.76,R02
S503660,6/2/2026 0:00,E1082,C2016,P3024,11,36395.04,413580.49,R04
S503661,1/13/2026 0:00,E1082,C2045,P3029,10,71367.4,676911.03,R04
S503662,5/2/2026 0:00,E1087,C2321,P3003,11,36568.91,376982.44,R05
S503663,4/13/2026 0:00,E1027,C2139,P3045,6,50149.35,304575.66,R02
S503664,8/8/2026 0:00,E1102,C2326,P3004,1,19444.05,19255.71,R04
S503665,4/16/2026 0:00,E1020,C2148,P3050,2,12809.06,25227.55,R02
S503666,4/29/2026 0:00,E1083,C2355,P3002,8,7831.21,57787.76,R02
S503667,3/11/2026 0:00,E1047,C2236,P3020,11,8239.05,83958.69,R02
S503668,7/14/2026 0:00,E1027,C2191,P3054,8,7404.66,55817.4,R02
S503669,7/5/2026 0:00,E1023,C2101,P3053,6,16451.3,91899.51,R02
S503670,4/9/2026 0:00,E1060,C2105,P3015,3,13790.91,43264.16,R02
S503671,3/23/2026 0:00,E1065,C2250,P3049,2,44098.98,79624.38,R02
S503672,3/16/2026 0:00,E1029,C2396,P3032,6,66344.43,395641.74,R04
S503673,4/28/2026 0:00,E1067,C2446,P3042,1,20791.75,20326.84,R01
S503674,3/25/2026 0:00,E1046,C2094,P3001,10,26533.8,251669.83,R04
S503675,7/11/2026 0:00,E1102,C2220,P3038,6,67526.73,418586.71,R04
S503676,3/10/2026 0:00,E1045,C2298,P3035,9,45920.83,413504.19,R02
S503677,7/30/2026 0:00,E1038,C2339,P3051,7,55331.31,406589.52,R01
S503678,8/2/2026 0:00,E1068,C2442,P3007,9,60276.19,501961.16,R05
S503679,2/28/2026 0:00,E1018,C2133,P3045,2,50149.35,91590.78,R04
S503680,7/7/2026 0:00,E1042,C2361,P3013,11,31162.8,315679.34,R03
S503681,7/30/2026 0:00,E1039,C2155,P3049,5,44098.98,207352,R04
S503682,5/6/2026 0:00,E1087,C2028,P3001,9,26533.8,229853.35,R05
S503683,4/21/2026 0:00,E1063,C2282,P3014,7,9360.99,67452.8,R05
S503684,3/3/2026 0:00,E1010,C2116,P3029,9,71367.4,605398.87,R05
S503685,5/24/2026 0:00,E1079,C2305,P3058,11,41115.63,469135.57,R02
S503686,5/8/2026 0:00,E1077,C2234,P3003,6,36568.91,212707.34,R05
S503687,8/4/2026 0:00,E1063,C2405,P3046,7,7391.26,51586.73,R05
S503688,4/15/2026 0:00,E1082,C2001,P3024,10,36395.04,341990.05,R04
S503689,3/9/2026 0:00,E1017,C2348,P3001,5,26533.8,122506.83,R02
S503690,1/15/2026 0:00,E1003,C2240,P3048,6,34019.63,210326.75,R05
S503691,8/5/2026 0:00,E1108,C2058,P3010,1,45872.45,42038.7,R05
S503692,8/24/2026 0:00,E1110,C2335,P3013,1,31162.8,31664.62,R01
S503693,7/2/2026 0:00,E1074,C2183,P3036,2,30974.38,61152.57,R05
S503694,2/4/2026 0:00,E1045,C2337,P3009,11,23520.25,266269.87,R02
S503695,7/2/2026 0:00,E1044,C2026,P3014,4,9360.99,37731.26,R06
S503696,1/14/2026 0:00,E1079,C2409,P3036,11,30974.38,321041.57,R02
S503697,6/26/2026 0:00,E1059,C2077,P3010,9,45872.45,407139.89,R01
S503698,7/30/2026 0:00,E1083,C2417,P3040,7,17956.07,113369.73,R02
S503699,4/12/2026 0:00,E1105,C2217,P3023,6,72228.78,420927.41,R06
S503700,4/10/2026 0:00,E1090,C2328,P3035,1,45920.83,41921.22,R03
S503701,1/7/2026 0:00,E1069,C2325,P3055,5,2016.98,9725.29,R01
S503702,1/30/2026 0:00,E1031,C2262,P3007,11,60276.19,607635.8,R04
S503703,7/30/2026 0:00,E1118,C2023,P3042,4,20791.75,86769.96,R02
S503704,2/18/2026 0:00,E1014,C2244,P3035,5,45920.83,224658.52,R02
S503705,8/5/2026 0:00,E1020,C2158,P3002,11,7831.21,89329.12,R02
S503706,5/24/2026 0:00,E1008,C2206,P3015,9,13790.91,112122.78,R06
S503707,4/21/2026 0:00,E1010,C2310,P3009,3,23520.25,70253.67,R05
S503708,9/3/2026 0:00,E1085,C2087,P3047,4,46883.48,177415.19,R02
S503709,8/20/2026 0:00,E1111,C2267,P3017,8,13812.52,106607.72,R02
S503710,6/28/2026 0:00,E1056,C2415,P3039,3,26668.25,82481.95,R06
S503711,3/13/2026 0:00,E1106,C2134,P3052,3,64744.08,203361.77,R02
S503712,7/29/2026 0:00,E1088,C2267,P3018,9,39505.96,333144.44,R04
S503713,8/8/2026 0:00,E1084,C2333,P3015,5,13790.91,71867.05,R01
S503714,3/21/2026 0:00,E1063,C2268,P3018,10,39505.96,396366.87,R05
S503715,9/1/2026 0:00,E1089,C2450,P3024,1,36395.04,37949.55,R06
S503716,3/24/2026 0:00,E1003,C2053,P3023,7,72228.78,497691.35,R05
S503717,2/11/2026 0:00,E1052,C2099,P3012,7,20628.64,150770.48,R05
S503718,1/17/2026 0:00,E1116,C2247,P3023,6,72228.78,448050.28,R06
S503719,7/10/2026 0:00,E1077,C2036,P3021,6,42656.59,235282.34,R05
S503720,6/22/2026 0:00,E1032,C2401,P3026,3,41379.43,117511.6,R02
S503721,7/24/2026 0:00,E1034,C2028,P3008,3,40552.31,113926.79,R06
S503722,1/7/2026 0:00,E1080,C2220,P3030,10,45220.48,445790.23,R01
S503723,6/4/2026 0:00,E1082,C2406,P3034,11,16100.35,180720.3,R04
S503724,1/10/2026 0:00,E1012,C2102,P3002,9,7831.21,71461.4,R06
S503725,2/3/2026 0:00,E1034,C2263,P3005,1,21544.25,21738.41,R06
S503726,2/5/2026 0:00,E1008,C2271,P3031,7,61484.37,411578.1,R06
S503727,6/2/2026 0:00,E1032,C2224,P3033,11,17298.96,175245.4,R02
S503728,1/6/2026 0:00,E1050,C2139,P3054,10,7404.66,68980.89,R02
S503729,6/1/2026 0:00,E1112,C2280,P3004,7,19444.05,137639.79,R02
S503730,5/26/2026 0:00,E1049,C2023,P3006,8,23219.92,171294.31,R04
S503731,8/3/2026 0:00,E1080,C2286,P3023,6,72228.78,404528.26,R01
S503732,5/14/2026 0:00,E1094,C2250,P3045,8,50149.35,386624.57,R04
S503733,1/29/2026 0:00,E1055,C2322,P3019,1,53251.21,48502.1,R04
S503734,5/6/2026 0:00,E1109,C2317,P3043,1,61740.42,57536.13,R02
S503735,6/2/2026 0:00,E1082,C2078,P3045,9,50149.35,416349.28,R04
S503736,7/2/2026 0:00,E1020,C2297,P3008,4,40552.31,169135.29,R02
S503737,3/22/2026 0:00,E1083,C2338,P3039,3,26668.25,74302.72,R02
S503738,6/23/2026 0:00,E1092,C2307,P3013,6,31162.8,192448.76,R05
S503739,6/1/2026 0:00,E1007,C2428,P3001,10,26533.8,243373.25,R01
S503740,3/16/2026 0:00,E1109,C2351,P3006,9,23219.92,215342.9,R02
S503741,1/26/2026 0:00,E1051,C2013,P3007,10,60276.19,596683.09,R06
S503742,5/7/2026 0:00,E1075,C2346,P3048,11,34019.63,384490.36,R05
S503743,4/25/2026 0:00,E1052,C2396,P3027,4,3495.09,14401.2,R05
S503744,5/6/2026 0:00,E1083,C2082,P3015,9,13790.91,122809.49,R02
S503745,8/14/2026 0:00,E1097,C2009,P3052,5,64744.08,335909.81,R04
S503746,1/28/2026 0:00,E1013,C2213,P3034,7,16100.35,111329.42,R05
S503747,5/11/2026 0:00,E1024,C2048,P3058,3,41115.63,124196.1,R02
S503748,3/16/2026 0:00,E1056,C2049,P3057,3,45630.28,131745.4,R06
S503749,6/15/2026 0:00,E1120,C2309,P3023,3,72228.78,224727.6,R04
S503750,7/8/2026 0:00,E1071,C2440,P3048,8,34019.63,278586.58,R05
S503751,3/19/2026 0:00,E1109,C2040,P3049,6,44098.98,244751.18,R02
S503752,6/28/2026 0:00,E1102,C2363,P3024,9,36395.04,323119.66,R04
S503753,3/31/2026 0:00,E1061,C2280,P3015,9,13790.91,128403.26,R03
S503754,6/25/2026 0:00,E1037,C2226,P3035,8,45920.83,374331.79,R02
S503755,1/21/2026 0:00,E1004,C2108,P3004,1,19444.05,20307.03,R04
S503756,2/23/2026 0:00,E1060,C2245,P3044,6,31924.43,179037.68,R02
S503757,7/3/2026 0:00,E1090,C2255,P3037,4,63029.63,240803.17,R03
S503758,4/13/2026 0:00,E1057,C2033,P3017,4,13812.52,53928.43,R01
S503759,8/10/2026 0:00,E1059,C2023,P3031,3,61484.37,172445.28,R01
S503760,2/28/2026 0:00,E1018,C2333,P3038,9,67526.73,582888.11,R04
S503761,3/13/2026 0:00,E1041,C2054,P3010,2,45872.45,89967.88,R01
S503762,6/28/2026 0:00,E1092,C2309,P3054,1,7404.66,6876.71,R05
S503763,1/20/2026 0:00,E1070,C2049,P3050,10,12809.06,120213.43,R06
S503764,4/22/2026 0:00,E1057,C2078,P3027,3,3495.09,9633.09,R01
S503765,8/12/2026 0:00,E1047,C2336,P3042,4,20791.75,83749.77,R02
S503766,8/2/2026 0:00,E1078,C2433,P3006,4,23219.92,88628.84,R01
S503767,2/28/2026 0:00,E1002,C2358,P3056,6,48237.37,270044.35,R06
S503768,3/12/2026 0:00,E1022,C2122,P3006,1,23219.92,22664.93,R01
S503769,5/17/2026 0:00,E1085,C2444,P3052,1,64744.08,58932.48,R02
S503770,4/19/2026 0:00,E1022,C2359,P3015,2,13790.91,28644.02,R01
S503771,5/9/2026 0:00,E1054,C2090,P3004,4,19444.05,73433.96,R06
S503772,6/6/2026 0:00,E1084,C2346,P3057,7,45630.28,329942.86,R01
S503773,7/10/2026 0:00,E1045,C2193,P3048,6,34019.63,198941.97,R02
S503774,7/19/2026 0:00,E1054,C2416,P3054,11,7404.66,83693.01,R06
S503775,2/25/2026 0:00,E1069,C2377,P3056,9,48237.37,406811.64,R01
S503776,9/3/2026 0:00,E1115,C2244,P3040,7,17956.07,116427.77,R04
S503777,7/15/2026 0:00,E1046,C2149,P3007,5,60276.19,309642.34,R04
S503778,2/4/2026 0:00,E1033,C2146,P3051,6,55331.31,309392.3,R01
S503779,5/3/2026 0:00,E1011,C2316,P3058,10,41115.63,416061.11,R01
S503780,5/11/2026 0:00,E1066,C2378,P3049,9,44098.98,377716.06,R04
S503781,9/3/2026 0:00,E1106,C2141,P3053,1,16451.3,16652.48,R02
S503782,8/25/2026 0:00,E1081,C2408,P3045,11,50149.35,571583.05,R06
S503783,4/14/2026 0:00,E1071,C2286,P3047,9,46883.48,441886.73,R05
S503784,1/7/2026 0:00,E1070,C2386,P3026,6,41379.43,236848.76,R06
S503785,1/27/2026 0:00,E1029,C2339,P3058,4,41115.63,157082.9,R04
S503786,1/1/2026 0:00,E1055,C2111,P3031,5,61484.37,321934.67,R04
S503787,8/7/2026 0:00,E1118,C2108,P3002,1,7831.21,8060.11,R02
S503788,7/27/2026 0:00,E1053,C2367,P3028,7,47578.07,301994.5,R06
S503789,8/18/2026 0:00,E1055,C2281,P3042,8,20791.75,164008.23,R04
S503790,7/18/2026 0:00,E1005,C2050,P3013,11,31162.8,317831.08,R02
S503791,6/21/2026 0:00,E1081,C2014,P3018,5,39505.96,207228.88,R06
S503792,3/28/2026 0:00,E1018,C2134,P3030,2,45220.48,83281.51,R04
S503793,2/10/2026 0:00,E1110,C2076,P3055,8,2016.98,15876.09,R01
S503794,5/3/2026 0:00,E1069,C2084,P3011,10,53782.26,537704.15,R01
S503795,3/16/2026 0:00,E1076,C2343,P3013,7,31162.8,226987.28,R05
S503796,2/11/2026 0:00,E1049,C2158,P3051,10,55331.31,568301.66,R04
S503797,4/27/2026 0:00,E1108,C2286,P3024,9,36395.04,306874.57,R05
S503798,6/10/2026 0:00,E1058,C2422,P3057,4,45630.28,179946.4,R02
S503799,6/27/2026 0:00,E1024,C2314,P3029,11,71367.4,818826.52,R02
S503800,3/4/2026 0:00,E1019,C2094,P3056,9,48237.37,438632.91,R03
S503801,8/16/2026 0:00,E1002,C2297,P3054,4,7404.66,29714.91,R06
S503802,6/14/2026 0:00,E1036,C2094,P3005,3,21544.25,65488.17,R05
S503803,8/21/2026 0:00,E1066,C2057,P3035,11,45920.83,479052.31,R04
S503804,7/6/2026 0:00,E1119,C2164,P3019,3,53251.21,161253.37,R06
S503805,5/7/2026 0:00,E1060,C2320,P3055,10,2016.98,18857.32,R02
S503806,7/28/2026 0:00,E1097,C2098,P3013,2,31162.8,60095.3,R04
S503807,8/15/2026 0:00,E1061,C2016,P3005,10,21544.25,222657.52,R03
S503808,6/25/2026 0:00,E1110,C2344,P3044,3,31924.43,86468.5,R01
S503809,5/13/2026 0:00,E1002,C2078,P3014,8,9360.99,72053.25,R06
S503810,2/17/2026 0:00,E1004,C2346,P3038,11,67526.73,698243.67,R04
S503811,8/12/2026 0:00,E1069,C2072,P3022,8,19428.07,144511.96,R01
S503812,1/3/2026 0:00,E1038,C2270,P3009,2,23520.25,48253.5,R01
S503813,4/26/2026 0:00,E1085,C2287,P3049,11,44098.98,487259.45,R02
S503814,6/24/2026 0:00,E1030,C2066,P3040,2,17956.07,32927.66,R01
S503815,7/9/2026 0:00,E1091,C2368,P3026,2,41379.43,80621.16,R01
S503816,4/9/2026 0:00,E1034,C2068,P3045,10,50149.35,486466.68,R06
S503817,4/26/2026 0:00,E1102,C2193,P3005,7,21544.25,138952.96,R04
S503818,1/14/2026 0:00,E1063,C2055,P3029,6,71367.4,436753.25,R05
S503819,7/10/2026 0:00,E1095,C2379,P3054,11,7404.66,77786.04,R05
S503820,4/22/2026 0:00,E1092,C2168,P3022,1,19428.07,19705.71,R05
S503821,3/2/2026 0:00,E1005,C2409,P3049,2,44098.98,81919.09,R02
S503822,6/8/2026 0:00,E1115,C2025,P3003,1,36568.91,34640.3,R04
S503823,4/5/2026 0:00,E1015,C2131,P3028,11,47578.07,478494.18,R02
S503824,1/17/2026 0:00,E1116,C2325,P3038,7,67526.73,435591.52,R06
S503825,5/4/2026 0:00,E1093,C2102,P3014,6,9360.99,57990.07,R05
S503826,1/24/2026 0:00,E1034,C2374,P3047,2,46883.48,85924.94,R06
S503827,4/26/2026 0:00,E1023,C2282,P3014,2,9360.99,17118.62,R02
S503828,5/31/2026 0:00,E1050,C2296,P3043,2,61740.42,128550.54,R02
S503829,3/23/2026 0:00,E1004,C2294,P3011,8,53782.26,428918.05,R04
S503830,2/19/2026 0:00,E1089,C2422,P3009,7,23520.25,150669.82,R06
S503831,9/3/2026 0:00,E1087,C2263,P3038,1,67526.73,70616.59,R05
S503832,7/25/2026 0:00,E1107,C2414,P3047,4,46883.48,172918.46,R03
S503833,8/30/2026 0:00,E1024,C2120,P3044,11,31924.43,356419.36,R02
S503834,3/20/2026 0:00,E1070,C2403,P3006,4,23219.92,84077.26,R06
S503835,3/20/2026 0:00,E1022,C2231,P3001,7,26533.8,184562.98,R01
S503836,3/11/2026 0:00,E1103,C2291,P3025,2,60497.94,118818.63,R02
S503837,1/27/2026 0:00,E1045,C2161,P3016,4,51163.56,190574.15,R02
S503838,1/15/2026 0:00,E1097,C2161,P3052,1,64744.08,64515.66,R04
S503839,2/19/2026 0:00,E1087,C2078,P3015,11,13790.91,150571.05,R05
S503840,2/5/2026 0:00,E1027,C2038,P3034,11,16100.35,180602.14,R02
S503841,9/4/2026 0:00,E1043,C2394,P3017,4,13812.52,56983.89,R01
S503842,1/8/2026 0:00,E1101,C2441,P3003,11,36568.91,392811.28,R01
S503843,3/20/2026 0:00,E1039,C2028,P3003,1,36568.91,35601.45,R04
S503844,5/11/2026 0:00,E1090,C2100,P3037,2,63029.63,125207.02,R03
S503845,7/9/2026 0:00,E1012,C2294,P3017,2,13812.52,27884.19,R06
S503846,2/16/2026 0:00,E1107,C2400,P3055,10,2016.98,19230.41,R03
S503847,7/24/2026 0:00,E1030,C2124,P3049,3,44098.98,129081.63,R01
S503848,4/15/2026 0:00,E1113,C2405,P3052,8,64744.08,511615.81,R06
S503849,4/8/2026 0:00,E1062,C2092,P3038,11,67526.73,778638.83,R02
S503850,8/4/2026 0:00,E1069,C2255,P3001,6,26533.8,157317.33,R01
S503851,8/20/2026 0:00,E1067,C2097,P3007,6,60276.19,337653.23,R01
S503852,4/6/2026 0:00,E1118,C2006,P3026,9,41379.43,368019.81,R02
S503853,7/8/2026 0:00,E1063,C2169,P3047,8,46883.48,383666.25,R05
S503854,6/9/2026 0:00,E1120,C2383,P3039,2,26668.25,54862.49,R04
S503855,8/10/2026 0:00,E1020,C2271,P3019,6,53251.21,325909.41,R02
S503856,4/26/2026 0:00,E1048,C2108,P3052,1,64744.08,66895.62,R04
S503857,8/29/2026 0:00,E1051,C2387,P3054,9,7404.66,63324.17,R06
S503858,1/13/2026 0:00,E1023,C2299,P3030,4,45220.48,176565.28,R02
S503859,1/1/2026 0:00,E1080,C2047,P3043,4,61740.42,251144.88,R01
S503860,2/3/2026 0:00,E1115,C2099,P3055,9,2016.98,17057.61,R04
S503861,7/9/2026 0:00,E1059,C2014,P3014,3,9360.99,26839.94,R01
S503862,3/20/2026 0:00,E1015,C2194,P3013,5,31162.8,159658.45,R02
S503863,8/24/2026 0:00,E1046,C2157,P3020,1,8239.05,8366.86,R04
S503864,3/19/2026 0:00,E1017,C2388,P3026,6,41379.43,259617.84,R02
S503865,5/1/2026 0:00,E1099,C2154,P3027,3,3495.09,11003.2,R01
S503866,4/3/2026 0:00,E1079,C2115,P3025,1,60497.94,56632.83,R02
S503867,4/8/2026 0:00,E1104,C2396,P3009,10,23520.25,243450.46,R04
S503868,3/23/2026 0:00,E1115,C2258,P3041,6,58594.28,321393.37,R04
S503869,9/3/2026 0:00,E1013,C2145,P3048,10,34019.63,342397.38,R05
S503870,7/18/2026 0:00,E1057,C2291,P3012,2,20628.64,38493.66,R01
S503871,8/9/2026 0:00,E1053,C2010,P3010,8,45872.45,346812.85,R06
S503872,9/4/2026 0:00,E1104,C2368,P3006,11,23219.92,266133.49,R04
S503873,6/8/2026 0:00,E1041,C2214,P3050,2,12809.06,24067.52,R01
S503874,7/11/2026 0:00,E1034,C2233,P3034,4,16100.35,64464.3,R06
S503875,6/2/2026 0:00,E1034,C2171,P3059,3,17588.05,48897.55,R06
S503876,2/7/2026 0:00,E1030,C2021,P3052,9,64744.08,532589.75,R01
S503877,1/14/2026 0:00,E1071,C2015,P3041,2,58594.28,111434.32,R05
S503878,5/16/2026 0:00,E1072,C2419,P3019,3,53251.21,158735.91,R02
S503879,4/1/2026 0:00,E1032,C2368,P3006,7,23219.92,152330.63,R02
S503880,2/23/2026 0:00,E1082,C2126,P3002,4,7831.21,29602.77,R04
S503881,5/10/2026 0:00,E1032,C2341,P3015,6,13790.91,83267.54,R02
S503882,7/28/2026 0:00,E1091,C2341,P3017,3,13812.52,37932.75,R01
S503883,4/11/2026 0:00,E1114,C2213,P3016,1,51163.56,49476.99,R05
S503884,7/25/2026 0:00,E1048,C2188,P3028,11,47578.07,544952.65,R04
S503885,3/30/2026 0:00,E1099,C2172,P3021,6,42656.59,245585.7,R01
S503886,2/25/2026 0:00,E1079,C2247,P3008,4,40552.31,156553.03,R02
S503887,4/4/2026 0:00,E1054,C2005,P3010,2,45872.45,92729.38,R06
S503888,4/3/2026 0:00,E1011,C2231,P3010,7,45872.45,326518.36,R01
S503889,3/25/2026 0:00,E1090,C2201,P3050,10,12809.06,130068.44,R03
S503890,3/26/2026 0:00,E1076,C2373,P3010,5,45872.45,240756.98,R05
S503891,7/8/2026 0:00,E1043,C2402,P3009,6,23520.25,128521.84,R01
S503892,9/2/2026 0:00,E1097,C2149,P3028,6,47578.07,298981.92,R04
S503893,1/22/2026 0:00,E1079,C2072,P3024,9,36395.04,341485.78,R02
S503894,2/4/2026 0:00,E1004,C2226,P3019,2,53251.21,109465.41,R04
S503895,8/17/2026 0:00,E1061,C2074,P3033,6,17298.96,100484.69,R03
S503896,1/16/2026 0:00,E1116,C2307,P3004,9,19444.05,180357.53,R06
S503897,2/19/2026 0:00,E1054,C2169,P3056,4,48237.37,180045.96,R06
S503898,5/2/2026 0:00,E1035,C2249,P3003,11,36568.91,409799.69,R06
S503899,5/8/2026 0:00,E1051,C2280,P3042,6,20791.75,115741.74,R06
S503900,4/23/2026 0:00,E1029,C2152,P3012,7,20628.64,147621.23,R04
S503901,6/20/2026 0:00,E1085,C2224,P3018,1,39505.96,39197,R02
S503902,1/17/2026 0:00,E1089,C2225,P3023,5,72228.78,330340.02,R06
S503903,3/21/2026 0:00,E1111,C2038,P3020,4,8239.05,34086.53,R02
S503904,7/5/2026 0:00,E1098,C2044,P3006,10,23219.92,229109.46,R03
S503905,9/4/2026 0:00,E1014,C2185,P3053,2,16451.3,32851.18,R02
S503906,5/10/2026 0:00,E1099,C2443,P3034,2,16100.35,30350.01,R01
S503907,5/12/2026 0:00,E1100,C2241,P3042,2,20791.75,42862,R01
S503908,3/26/2026 0:00,E1099,C2418,P3002,7,7831.21,53819.68,R01
S503909,6/16/2026 0:00,E1071,C2331,P3030,11,45220.48,479104.13,R05
S503910,8/14/2026 0:00,E1069,C2351,P3009,11,23520.25,253585.1,R01
S503911,4/4/2026 0:00,E1063,C2210,P3027,4,3495.09,14057.21,R05
S503912,5/14/2026 0:00,E1062,C2023,P3042,6,20791.75,125281.59,R02
S503913,3/22/2026 0:00,E1073,C2124,P3034,7,16100.35,107477.18,R01
S503914,8/19/2026 0:00,E1025,C2086,P3040,9,17956.07,154783.1,R03
S503915,8/5/2026 0:00,E1065,C2043,P3024,11,36395.04,394074.32,R02
S503916,3/10/2026 0:00,E1088,C2040,P3049,2,44098.98,91607.79,R04
S503917,3/10/2026 0:00,E1111,C2303,P3017,10,13812.52,139757.09,R02
S503918,5/28/2026 0:00,E1063,C2169,P3029,9,71367.4,615690.86,R05
S503919,7/11/2026 0:00,E1024,C2175,P3036,11,30974.38,323871.33,R02
S503920,1/16/2026 0:00,E1031,C2020,P3050,5,12809.06,62671.24,R04
S503921,2/20/2026 0:00,E1062,C2109,P3012,6,20628.64,127546.72,R02
S503922,4/15/2026 0:00,E1019,C2193,P3031,6,61484.37,332495.87,R03
S503923,6/14/2026 0:00,E1098,C2244,P3049,11,44098.98,488277.23,R03
S503924,8/20/2026 0:00,E1058,C2324,P3009,3,23520.25,66621.83,R02
S503925,7/20/2026 0:00,E1055,C2280,P3019,11,53251.21,545497.72,R04
S503926,7/16/2026 0:00,E1008,C2228,P3046,11,7391.26,73321.5,R06
S503927,6/19/2026 0:00,E1099,C2036,P3046,10,7391.26,76461.74,R01
S503928,7/4/2026 0:00,E1071,C2045,P3017,7,13812.52,100249.35,R05
S503929,3/7/2026 0:00,E1115,C2386,P3002,7,7831.21,49841.64,R04
S503930,1/9/2026 0:00,E1094,C2028,P3040,8,17956.07,140527.41,R04
S503931,4/17/2026 0:00,E1074,C2154,P3005,5,21544.25,99414.45,R05
S503932,4/10/2026 0:00,E1081,C2023,P3059,2,17588.05,35661.64,R06
S503933,3/27/2026 0:00,E1054,C2207,P3039,3,26668.25,79989.45,R06
S503934,3/5/2026 0:00,E1005,C2420,P3054,9,7404.66,62947.95,R02
S503935,8/2/2026 0:00,E1035,C2091,P3048,6,34019.63,187287.05,R06
S503936,1/22/2026 0:00,E1071,C2390,P3016,8,51163.56,419411.48,R05
S503937,6/11/2026 0:00,E1034,C2419,P3017,8,13812.52,110625.9,R06
S503938,7/2/2026 0:00,E1071,C2359,P3054,5,7404.66,33358.84,R05
S503939,6/6/2026 0:00,E1039,C2038,P3027,1,3495.09,3474.75,R04
S503940,6/15/2026 0:00,E1100,C2419,P3007,6,60276.19,369448.83,R01
S503941,4/20/2026 0:00,E1027,C2228,P3052,7,64744.08,448048.88,R02
S503942,4/7/2026 0:00,E1002,C2202,P3008,9,40552.31,351724.92,R06
S503943,1/18/2026 0:00,E1005,C2350,P3008,2,40552.31,80097.93,R02
S503944,3/12/2026 0:00,E1041,C2309,P3023,2,72228.78,143440.12,R01
S503945,7/12/2026 0:00,E1056,C2254,P3032,10,66344.43,660793.97,R06
S503946,5/7/2026 0:00,E1092,C2038,P3043,1,61740.42,64522.24,R05
S503947,4/7/2026 0:00,E1034,C2221,P3047,5,46883.48,217257.38,R06
S503948,1/1/2026 0:00,E1034,C2187,P3018,2,39505.96,78495.5,R06
S503949,8/4/2026 0:00,E1074,C2043,P3038,3,67526.73,188034.73,R05
S503950,5/12/2026 0:00,E1021,C2359,P3054,2,7404.66,13794.79,R04
S503951,1/4/2026 0:00,E1017,C2114,P3012,11,20628.64,227003.24,R02
S503952,5/5/2026 0:00,E1022,C2260,P3015,4,13790.91,57226.38,R01
S503953,3/23/2026 0:00,E1047,C2005,P3028,11,47578.07,483508.47,R02
S503954,1/27/2026 0:00,E1092,C2068,P3055,3,2016.98,6319.42,R05
S503955,6/20/2026 0:00,E1089,C2228,P3038,9,67526.73,576080.84,R06
S503956,2/28/2026 0:00,E1084,C2123,P3050,10,12809.06,122800.09,R01
S503957,2/1/2026 0:00,E1064,C2173,P3056,2,48237.37,89051.21,R02
S503958,6/10/2026 0:00,E1032,C2336,P3031,7,61484.37,427109.04,R02
S503959,1/28/2026 0:00,E1118,C2153,P3052,11,64744.08,704680.64,R02
S503960,4/16/2026 0:00,E1044,C2267,P3009,3,23520.25,68185.71,R06
S503961,4/15/2026 0:00,E1013,C2157,P3008,10,40552.31,393930.7,R05
S503962,7/2/2026 0:00,E1067,C2162,P3046,8,7391.26,58742.56,R01
S503963,8/16/2026 0:00,E1108,C2214,P3019,4,53251.21,210347.49,R05
S503964,7/7/2026 0:00,E1075,C2398,P3051,4,55331.31,211617.81,R05
S503965,3/11/2026 0:00,E1004,C2376,P3008,9,40552.31,376875.1,R04
S503966,3/3/2026 0:00,E1117,C2408,P3034,11,16100.35,177130.25,R05
S503967,7/27/2026 0:00,E1092,C2443,P3057,3,45630.28,127419.49,R05
S503968,2/3/2026 0:00,E1010,C2423,P3004,7,19444.05,129028.74,R05
S503969,3/28/2026 0:00,E1108,C2026,P3031,1,61484.37,62602.26,R05
S503970,4/24/2026 0:00,E1053,C2427,P3038,7,67526.73,432829.57,R06
S503971,4/16/2026 0:00,E1017,C2292,P3003,10,36568.91,370272.94,R02
S503972,8/4/2026 0:00,E1090,C2423,P3035,11,45920.83,481805.48,R03
S503973,2/25/2026 0:00,E1116,C2189,P3019,2,53251.21,104665.64,R06
S503974,4/23/2026 0:00,E1080,C2400,P3043,6,61740.42,348987.87,R01
S503975,1/13/2026 0:00,E1004,C2122,P3029,9,71367.4,673117.08,R04
S503976,7/3/2026 0:00,E1100,C2230,P3010,6,45872.45,285109.03,R01
S503977,1/18/2026 0:00,E1099,C2059,P3012,3,20628.64,64316.02,R01
S503978,7/1/2026 0:00,E1116,C2096,P3046,1,7391.26,6856.99,R06
S503979,7/24/2026 0:00,E1025,C2262,P3030,4,45220.48,185630.71,R03
S503980,4/23/2026 0:00,E1075,C2354,P3030,4,45220.48,177320.28,R05
S503981,8/17/2026 0:00,E1014,C2312,P3060,8,29470.22,237218.5,R02
S503982,6/20/2026 0:00,E1003,C2136,P3018,10,39505.96,368442.7,R05
S503983,2/8/2026 0:00,E1073,C2350,P3024,10,36395.04,366424.42,R01
S503984,7/8/2026 0:00,E1114,C2283,P3032,7,66344.43,481659.28,R05
S503985,6/19/2026 0:00,E1022,C2411,P3009,10,23520.25,221119.09,R01
S503986,7/28/2026 0:00,E1020,C2120,P3047,7,46883.48,306853.68,R02
S503987,3/20/2026 0:00,E1091,C2430,P3024,7,36395.04,233278.93,R01
S503988,5/26/2026 0:00,E1049,C2425,P3026,2,41379.43,77795.07,R04
S503989,5/31/2026 0:00,E1023,C2025,P3003,9,36568.91,322659.18,R02
S503990,7/1/2026 0:00,E1077,C2342,P3023,6,72228.78,444166.89,R05
S503991,8/31/2026 0:00,E1034,C2146,P3011,2,53782.26,101306.42,R06
S503992,1/30/2026 0:00,E1033,C2012,P3010,1,45872.45,45559.22,R01
S503993,4/8/2026 0:00,E1066,C2087,P3050,11,12809.06,136945.82,R04
S503994,2/27/2026 0:00,E1087,C2435,P3036,1,30974.38,29217.73,R05
S503995,7/15/2026 0:00,E1041,C2109,P3060,1,29470.22,28779.26,R01
S503996,3/8/2026 0:00,E1086,C2423,P3013,4,31162.8,115326.59,R02
S503997,3/12/2026 0:00,E1074,C2345,P3029,4,71367.4,284309.63,R05
S503998,9/5/2026 0:00,E1044,C2266,P3038,9,67526.73,557510.45,R06
S503999,5/26/2026 0:00,E1103,C2222,P3059,1,17588.05,17757.72,R02
S504000,4/16/2026 0:00,E1010,C2074,P3053,3,16451.3,45734.13,R05
S504001,1/7/2026 0:00,E1026,C2333,P3013,3,31162.8,98137.01,R05
S504002,2/9/2026 0:00,E1091,C2310,P3057,8,45630.28,373639.31,R01
S504003,3/11/2026 0:00,E1099,C2413,P3026,2,41379.43,78751.35,R01
S504004,8/2/2026 0:00,E1003,C2102,P3020,6,8239.05,47651.24,R05
S504005,7/12/2026 0:00,E1020,C2425,P3005,11,21544.25,222501.8,R02
S504006,3/9/2026 0:00,E1112,C2137,P3020,4,8239.05,33452.76,R02
S504007,8/26/2026 0:00,E1021,C2191,P3014,10,9360.99,89594.88,R04
S504008,2/18/2026 0:00,E1108,C2421,P3045,6,50149.35,304891.35,R05
S504009,2/21/2026 0:00,E1107,C2142,P3014,5,9360.99,42253.65,R03
S504010,4/24/2026 0:00,E1108,C2357,P3008,9,40552.31,335898.36,R05
S504011,4/17/2026 0:00,E1095,C2073,P3048,9,34019.63,292321,R05
S504012,1/29/2026 0:00,E1072,C2328,P3013,1,31162.8,28555.6,R02
S504013,5/29/2026 0:00,E1018,C2167,P3024,3,36395.04,108111.74,R04
S504014,8/6/2026 0:00,E1091,C2168,P3015,1,13790.91,12516.97,R01
S504015,3/19/2026 0:00,E1104,C2054,P3051,6,55331.31,341603.71,R04
S504016,1/9/2026 0:00,E1070,C2259,P3001,3,26533.8,80731.44,R06
S504017,6/24/2026 0:00,E1096,C2439,P3022,1,19428.07,18115.48,R03
S504018,3/17/2026 0:00,E1086,C2111,P3034,6,16100.35,93952.19,R02
S504019,2/11/2026 0:00,E1004,C2232,P3050,5,12809.06,61981.25,R04
S504020,6/28/2026 0:00,E1089,C2161,P3051,8,55331.31,446514.68,R06
S504021,7/3/2026 0:00,E1053,C2352,P3040,2,17956.07,34483.78,R06
S504022,6/28/2026 0:00,E1084,C2327,P3003,8,36568.91,264741.44,R01
S504023,7/17/2026 0:00,E1027,C2019,P3055,5,2016.98,9490.5,R02
S504024,5/8/2026 0:00,E1058,C2290,P3026,8,41379.43,321081,R02
S504025,1/20/2026 0:00,E1102,C2050,P3014,10,9360.99,97932.23,R04
S504026,8/4/2026 0:00,E1066,C2175,P3058,4,41115.63,169753.9,R04
S504027,6/4/2026 0:00,E1009,C2302,P3041,4,58594.28,217317.03,R04
S504028,6/15/2026 0:00,E1083,C2184,P3008,10,40552.31,408966.56,R02
S504029,3/13/2026 0:00,E1097,C2185,P3049,4,44098.98,183544.16,R04
S504030,3/6/2026 0:00,E1038,C2339,P3055,11,2016.98,19997.36,R01
S504031,7/1/2026 0:00,E1111,C2307,P3055,6,2016.98,12200.41,R02
S504032,8/29/2026 0:00,E1099,C2310,P3056,4,48237.37,186948.76,R01
S504033,4/23/2026 0:00,E1028,C2346,P3016,9,51163.56,461409.3,R04
S504034,1/24/2026 0:00,E1047,C2081,P3042,9,20791.75,185411.38,R02
S504035,5/8/2026 0:00,E1005,C2374,P3021,3,42656.59,134073.91,R02
S504036,6/24/2026 0:00,E1088,C2156,P3010,7,45872.45,302907.54,R04
S504037,7/18/2026 0:00,E1092,C2275,P3057,5,45630.28,232240.2,R05
S504038,3/24/2026 0:00,E1098,C2283,P3025,9,60497.94,509196.87,R03
S504039,8/2/2026 0:00,E1090,C2432,P3056,2,48237.37,93131.04,R03
S504040,3/4/2026 0:00,E1112,C2249,P3038,3,67526.73,211961.1,R02
S504041,7/4/2026 0:00,E1101,C2147,P3022,10,19428.07,197179.45,R01
S504042,7/2/2026 0:00,E1038,C2435,P3049,5,44098.98,208890.96,R01
S504043,3/1/2026 0:00,E1098,C2007,P3048,5,34019.63,168891.37,R03
S504044,4/9/2026 0:00,E1073,C2157,P3047,10,46883.48,425445.93,R01
S504045,3/3/2026 0:00,E1034,C2171,P3054,7,7404.66,48720.55,R06
S504046,1/30/2026 0:00,E1032,C2069,P3046,8,7391.26,59588.85,R02
S504047,8/9/2026 0:00,E1057,C2094,P3004,8,19444.05,153299.07,R01
S504048,1/22/2026 0:00,E1013,C2369,P3004,1,19444.05,18869.5,R05
S504049,7/22/2026 0:00,E1012,C2363,P3030,1,45220.48,45384.69,R06
S504050,7/31/2026 0:00,E1090,C2376,P3002,3,7831.21,22548.45,R03
S504051,5/6/2026 0:00,E1074,C2186,P3029,1,71367.4,64510.66,R05
S504052,6/6/2026 0:00,E1033,C2392,P3043,1,61740.42,59650.75,R01
S504053,8/31/2026 0:00,E1059,C2170,P3036,10,30974.38,320683.76,R01
S504054,6/18/2026 0:00,E1039,C2204,P3021,8,42656.59,350975.78,R04
S504055,2/11/2026 0:00,E1062,C2042,P3060,1,29470.22,28331.18,R02
S504056,4/8/2026 0:00,E1088,C2013,P3021,9,42656.59,346798.03,R04
S504057,7/12/2026 0:00,E1100,C2154,P3048,2,34019.63,67729.42,R01
S504058,1/31/2026 0:00,E1020,C2274,P3021,9,42656.59,388201.1,R02
S504059,6/7/2026 0:00,E1118,C2298,P3004,7,19444.05,128504.87,R02
S504060,4/22/2026 0:00,E1086,C2051,P3001,9,26533.8,231998.18,R02
S504061,5/26/2026 0:00,E1058,C2369,P3026,3,41379.43,130193.57,R02
S504062,9/4/2026 0:00,E1015,C2212,P3056,1,48237.37,47583.82,R02
S504063,5/2/2026 0:00,E1034,C2144,P3051,1,55331.31,52711.99,R06
S504064,1/17/2026 0:00,E1011,C2357,P3002,11,7831.21,85637.07,R01
S504065,2/7/2026 0:00,E1082,C2003,P3009,10,23520.25,218033.5,R04
S504066,5/22/2026 0:00,E1066,C2254,P3055,6,2016.98,11253.39,R04
S504067,8/3/2026 0:00,E1066,C2335,P3057,7,45630.28,331785.57,R04
S504068,8/5/2026 0:00,E1064,C2256,P3045,9,50149.35,422403.97,R02
S504069,7/26/2026 0:00,E1070,C2098,P3018,6,39505.96,224382.41,R06
S504070,4/20/2026 0:00,E1093,C2173,P3048,5,34019.63,166962.66,R05
S504071,7/3/2026 0:00,E1094,C2150,P3048,2,34019.63,70417.5,R04
S504072,1/22/2026 0:00,E1045,C2279,P3057,2,45630.28,92831.82,R02
S504073,7/14/2026 0:00,E1082,C2059,P3042,8,20791.75,150793.01,R04
S504074,2/25/2026 0:00,E1061,C2446,P3041,1,58594.28,58825.99,R03
S504075,4/29/2026 0:00,E1054,C2113,P3011,8,53782.26,419763.75,R06
S504076,5/27/2026 0:00,E1099,C2324,P3025,11,60497.94,646400.05,R01
S504077,2/26/2026 0:00,E1114,C2243,P3026,10,41379.43,415339.31,R05
S504078,6/21/2026 0:00,E1020,C2310,P3058,11,41115.63,420357.27,R02
S504079,8/14/2026 0:00,E1022,C2057,P3036,7,30974.38,227059.65,R01
S504080,2/4/2026 0:00,E1023,C2407,P3042,7,20791.75,145075.93,R02
S504081,4/24/2026 0:00,E1010,C2367,P3035,5,45920.83,219237.16,R05
S504082,5/5/2026 0:00,E1010,C2060,P3038,3,67526.73,200560.53,R05
S504083,5/9/2026 0:00,E1075,C2329,P3003,7,36568.91,238696.04,R05
S504084,2/21/2026 0:00,E1028,C2216,P3059,7,17588.05,122510.16,R04
S504085,3/26/2026 0:00,E1018,C2233,P3041,7,58594.28,370880,R04
S504086,8/9/2026 0:00,E1046,C2055,P3035,11,45920.83,480467.36,R04
S504087,7/17/2026 0:00,E1047,C2373,P3050,2,12809.06,25928.8,R02
S504088,6/14/2026 0:00,E1009,C2208,P3040,3,17956.07,55010.04,R04
S504089,3/6/2026 0:00,E1082,C2063,P3022,3,19428.07,54666.97,R04
S504090,6/28/2026 0:00,E1019,C2184,P3008,4,40552.31,159112.9,R03
S504091,5/9/2026 0:00,E1034,C2311,P3015,9,13790.91,121545.71,R06
S504092,8/7/2026 0:00,E1002,C2281,P3045,10,50149.35,483047.77,R06
S504093,1/21/2026 0:00,E1078,C2026,P3007,1,60276.19,56313.93,R01
S504094,6/30/2026 0:00,E1007,C2177,P3019,7,53251.21,374802.77,R01
S504095,1/16/2026 0:00,E1043,C2063,P3040,7,17956.07,117881.24,R01
S504096,8/24/2026 0:00,E1057,C2429,P3042,11,20791.75,237092.33,R01
S504097,5/3/2026 0:00,E1006,C2073,P3017,4,13812.52,54105.03,R02
S504098,3/2/2026 0:00,E1061,C2335,P3001,11,26533.8,300794.83,R03
S504099,2/23/2026 0:00,E1082,C2167,P3045,1,50149.35,47321.5,R04
S504100,6/17/2026 0:00,E1019,C2225,P3029,3,71367.4,218611.59,R03
S504101,1/26/2026 0:00,E1051,C2065,P3058,5,41115.63,188525.35,R06
S504102,3/21/2026 0:00,E1084,C2069,P3013,2,31162.8,63262.01,R01
S504103,8/8/2026 0:00,E1067,C2440,P3056,7,48237.37,323493.94,R01
S504104,3/6/2026 0:00,E1085,C2009,P3048,10,34019.63,330160,R02
S504105,4/10/2026 0:00,E1056,C2236,P3029,10,71367.4,660163.51,R06
S504106,3/15/2026 0:00,E1063,C2198,P3041,7,58594.28,370290.01,R05
S504107,7/11/2026 0:00,E1009,C2412,P3042,10,20791.75,207902.87,R04
S504108,6/20/2026 0:00,E1004,C2173,P3006,5,23219.92,114724.72,R04
S504109,1/17/2026 0:00,E1026,C2282,P3005,10,21544.25,214012.87,R05
S504110,5/1/2026 0:00,E1071,C2028,P3034,6,16100.35,90636.95,R05
S504111,7/6/2026 0:00,E1057,C2296,P3011,1,53782.26,50334.37,R01
S504112,1/23/2026 0:00,E1042,C2399,P3009,4,23520.25,96390.17,R03
S504113,5/15/2026 0:00,E1085,C2134,P3038,4,67526.73,273939.17,R02
S504114,6/21/2026 0:00,E1084,C2027,P3040,11,17956.07,187743.35,R01
S504115,6/30/2026 0:00,E1052,C2038,P3041,8,58594.28,466724.94,R05
S504116,3/12/2026 0:00,E1119,C2196,P3009,2,23520.25,48179.94,R06
S504117,4/18/2026 0:00,E1097,C2203,P3008,1,40552.31,41903.69,R04
S504118,3/20/2026 0:00,E1034,C2085,P3044,7,31924.43,201318.54,R06
S504119,6/11/2026 0:00,E1113,C2320,P3058,6,41115.63,252125.82,R06
S504120,2/15/2026 0:00,E1019,C2030,P3040,5,17956.07,85521.07,R03
S504121,8/25/2026 0:00,E1059,C2099,P3003,8,36568.91,294820.53,R01
S504122,7/15/2026 0:00,E1105,C2387,P3013,11,31162.8,327608.67,R06
S504123,7/25/2026 0:00,E1017,C2190,P3019,2,53251.21,105537.23,R02
S504124,3/19/2026 0:00,E1082,C2012,P3034,2,16100.35,32104.66,R04
S504125,1/16/2026 0:00,E1113,C2091,P3032,9,66344.43,573663.05,R06
S504126,3/12/2026 0:00,E1039,C2030,P3049,1,44098.98,43081.08,R04
S504127,4/6/2026 0:00,E1043,C2213,P3016,6,51163.56,309727.92,R01
S504128,5/27/2026 0:00,E1008,C2038,P3036,3,30974.38,90269.79,R06
S504129,1/2/2026 0:00,E1080,C2341,P3018,5,39505.96,178191.05,R01
S504130,1/10/2026 0:00,E1109,C2060,P3014,8,9360.99,67544.08,R02
S504131,6/27/2026 0:00,E1055,C2294,P3030,7,45220.48,316289.06,R04
S504132,5/5/2026 0:00,E1065,C2360,P3002,4,7831.21,32173.29,R02
S504133,3/22/2026 0:00,E1114,C2143,P3013,8,31162.8,253737.75,R05
S504134,8/17/2026 0:00,E1091,C2402,P3027,11,3495.09,36391.44,R01
S504135,5/20/2026 0:00,E1033,C2180,P3059,11,17588.05,187793.96,R01
S504136,3/11/2026 0:00,E1039,C2285,P3053,10,16451.3,153840.07,R04
S504137,5/30/2026 0:00,E1023,C2112,P3052,11,64744.08,746635.03,R02
S504138,2/1/2026 0:00,E1017,C2230,P3017,2,13812.52,25942.01,R02
S504139,4/15/2026 0:00,E1054,C2444,P3031,7,61484.37,414224.79,R06
S504140,3/25/2026 0:00,E1030,C2021,P3015,5,13790.91,69104.14,R01
S504141,5/9/2026 0:00,E1017,C2145,P3057,11,45630.28,517695.11,R02
S504142,7/1/2026 0:00,E1078,C2146,P3020,6,8239.05,44872.57,R01
S504143,8/27/2026 0:00,E1018,C2441,P3005,3,21544.25,61087.83,R04
S504144,9/2/2026 0:00,E1103,C2375,P3007,11,60276.19,653323.17,R02
S504145,2/27/2026 0:00,E1066,C2421,P3018,10,39505.96,392194.22,R04
S504146,7/17/2026 0:00,E1093,C2316,P3056,7,48237.37,307442.27,R05
S504147,7/30/2026 0:00,E1091,C2166,P3011,7,53782.26,376329.68,R01
S504148,5/26/2026 0:00,E1014,C2140,P3032,2,66344.43,129930.21,R02
S504149,5/14/2026 0:00,E1074,C2203,P3050,1,12809.06,13118.32,R05
S504150,2/14/2026 0:00,E1058,C2244,P3027,10,3495.09,32620.67,R02
S504151,4/7/2026 0:00,E1006,C2113,P3026,2,41379.43,76904.01,R02
S504152,1/23/2026 0:00,E1013,C2201,P3037,8,63029.63,513817.84,R05
S504153,1/23/2026 0:00,E1043,C2385,P3045,11,50149.35,554721.22,R01
S504154,6/3/2026 0:00,E1004,C2314,P3028,10,47578.07,484702.07,R04
S504155,7/24/2026 0:00,E1101,C2259,P3050,3,12809.06,39091.59,R01
S504156,5/15/2026 0:00,E1034,C2255,P3002,11,7831.21,78872.82,R06
S504157,3/20/2026 0:00,E1088,C2447,P3020,4,8239.05,31037.74,R04
S504158,2/13/2026 0:00,E1052,C2405,P3004,8,19444.05,146065.69,R05
S504159,1/27/2026 0:00,E1058,C2023,P3013,3,31162.8,97245.52,R02
S504160,1/26/2026 0:00,E1110,C2393,P3024,6,36395.04,212500.44,R01
S504161,4/7/2026 0:00,E1010,C2246,P3048,2,34019.63,62368.77,R05
S504162,7/26/2026 0:00,E1107,C2339,P3038,3,67526.73,191121.58,R03
S504163,2/5/2026 0:00,E1084,C2311,P3058,1,41115.63,42381.38,R01
S504164,4/19/2026 0:00,E1052,C2366,P3040,9,17956.07,165977.64,R05
S504165,2/24/2026 0:00,E1030,C2372,P3048,4,34019.63,140848.2,R01
S504166,7/11/2026 0:00,E1041,C2403,P3045,6,50149.35,288342.51,R01
S504167,8/7/2026 0:00,E1093,C2318,P3055,7,2016.98,14065.22,R05
S504168,7/4/2026 0:00,E1102,C2087,P3029,2,71367.4,134417.08,R04
S504169,3/10/2026 0:00,E1047,C2219,P3058,8,41115.63,304954.23,R02
S504170,3/2/2026 0:00,E1018,C2423,P3036,9,30974.38,251808.28,R04
S504171,5/10/2026 0:00,E1058,C2356,P3002,10,7831.21,73105.61,R02
S504172,2/24/2026 0:00,E1100,C2027,P3041,11,58594.28,638514.6,R01
S504173,5/2/2026 0:00,E1048,C2430,P3018,2,39505.96,81827.24,R04
S504174,4/7/2026 0:00,E1069,C2290,P3049,5,44098.98,202858.19,R01
S504175,3/21/2026 0:00,E1071,C2289,P3008,2,40552.31,84162.4,R05
S504176,3/28/2026 0:00,E1015,C2348,P3058,11,41115.63,430475.94,R02
S504177,2/7/2026 0:00,E1069,C2223,P3015,5,13790.91,66473.86,R01
S504178,4/29/2026 0:00,E1024,C2352,P3041,7,58594.28,391598.9,R02
S504179,7/27/2026 0:00,E1105,C2178,P3017,6,13812.52,79667.13,R06
S504180,3/19/2026 0:00,E1096,C2148,P3023,4,72228.78,271256.33,R03
S504181,6/6/2026 0:00,E1116,C2424,P3002,2,7831.21,15737.45,R06
S504182,6/3/2026 0:00,E1111,C2227,P3006,7,23219.92,164770.69,R02
S504183,2/4/2026 0:00,E1063,C2351,P3029,10,71367.4,730421.74,R05
S504184,3/20/2026 0:00,E1024,C2186,P3027,9,3495.09,29920.56,R02
S504185,3/8/2026 0:00,E1028,C2415,P3037,1,63029.63,63955.79,R04
S504186,3/28/2026 0:00,E1056,C2294,P3049,3,44098.98,131721.62,R06
S504187,6/6/2026 0:00,E1011,C2429,P3034,7,16100.35,117626.13,R01
S504188,2/3/2026 0:00,E1091,C2041,P3018,9,39505.96,342653.36,R01
S504189,4/7/2026 0:00,E1079,C2393,P3042,5,20791.75,109036.77,R02
S504190,6/18/2026 0:00,E1017,C2393,P3010,7,45872.45,324658.31,R02
S504191,6/18/2026 0:00,E1043,C2191,P3038,10,67526.73,686369.82,R01
S504192,5/31/2026 0:00,E1100,C2079,P3059,7,17588.05,111279.42,R01
S504193,3/12/2026 0:00,E1057,C2205,P3044,4,31924.43,124455.44,R01
S504194,1/3/2026 0:00,E1103,C2384,P3017,5,13812.52,67629.59,R02
S504195,2/27/2026 0:00,E1063,C2278,P3059,2,17588.05,31872.71,R05
S504196,2/1/2026 0:00,E1088,C2272,P3013,8,31162.8,236044.42,R04
S504197,1/31/2026 0:00,E1083,C2032,P3052,1,64744.08,67550.52,R02
S504198,3/23/2026 0:00,E1089,C2450,P3060,2,29470.22,56813.68,R06
S504199,2/12/2026 0:00,E1120,C2142,P3048,3,34019.63,94711.19,R04
S504200,5/15/2026 0:00,E1102,C2251,P3042,7,20791.75,142194.9,R04
S504201,4/15/2026 0:00,E1051,C2294,P3027,6,3495.09,18979.7,R06
S504202,1/1/2026 0:00,E1075,C2098,P3053,7,16451.3,112556.31,R05
S504203,3/2/2026 0:00,E1054,C2136,P3002,11,7831.21,85207.81,R06
S504204,1/14/2026 0:00,E1003,C2277,P3034,5,16100.35,76770.83,R05
S504205,6/29/2026 0:00,E1098,C2312,P3031,4,61484.37,249475.64,R03
S504206,8/12/2026 0:00,E1052,C2302,P3023,7,72228.78,465333.9,R05
S504207,1/6/2026 0:00,E1119,C2043,P3007,3,60276.19,186565.81,R06
S504208,4/13/2026 0:00,E1088,C2120,P3038,10,67526.73,704517.68,R04
S504209,1/10/2026 0:00,E1045,C2220,P3033,7,17298.96,109005.87,R02
S504210,3/12/2026 0:00,E1079,C2046,P3012,2,20628.64,42346.81,R02
S504211,3/31/2026 0:00,E1009,C2236,P3045,8,50149.35,391532.33,R04
S504212,8/14/2026 0:00,E1061,C2048,P3012,6,20628.64,119961.01,R03
S504213,6/7/2026 0:00,E1067,C2198,P3019,3,53251.21,149497.75,R01
S504214,8/16/2026 0:00,E1083,C2084,P3009,3,23520.25,68239.21,R02
S504215,5/29/2026 0:00,E1013,C2031,P3010,5,45872.45,239124.84,R05
S504216,5/6/2026 0:00,E1005,C2161,P3017,3,13812.52,38603.98,R02
S504217,7/7/2026 0:00,E1119,C2428,P3050,6,12809.06,71232.94,R06
S504218,7/28/2026 0:00,E1079,C2071,P3040,2,17956.07,33623.98,R02
S504219,4/7/2026 0:00,E1097,C2008,P3039,8,26668.25,209671.14,R04
S504220,3/15/2026 0:00,E1043,C2386,P3041,11,58594.28,670025.28,R01
S504221,4/25/2026 0:00,E1008,C2401,P3010,11,45872.45,497574.09,R06
S504222,7/10/2026 0:00,E1089,C2052,P3012,9,20628.64,173872.65,R06
S504223,8/27/2026 0:00,E1090,C2045,P3015,7,13790.91,93260.68,R03
S504224,6/19/2026 0:00,E1071,C2293,P3031,3,61484.37,176809.38,R05
S504225,2/20/2026 0:00,E1071,C2426,P3015,11,13790.91,137589.7,R05
S504226,7/11/2026 0:00,E1083,C2300,P3028,10,47578.07,464645.66,R02
S504227,7/23/2026 0:00,E1031,C2373,P3004,4,19444.05,71468.62,R04
S504228,2/25/2026 0:00,E1075,C2038,P3036,10,30974.38,317901.4,R05
S504229,7/27/2026 0:00,E1007,C2355,P3055,2,2016.98,3962.74,R01
S504230,2/10/2026 0:00,E1091,C2380,P3001,9,26533.8,245178.12,R01
S504231,2/1/2026 0:00,E1020,C2231,P3058,5,41115.63,214501.62,R02
S504232,1/15/2026 0:00,E1082,C2262,P3044,2,31924.43,66497.2,R04
S504233,3/3/2026 0:00,E1087,C2068,P3057,10,45630.28,417546.45,R05
S504234,6/4/2026 0:00,E1068,C2179,P3034,6,16100.35,100632.59,R05
S504235,1/28/2026 0:00,E1011,C2357,P3047,7,46883.48,334538.69,R01
S504236,7/28/2026 0:00,E1017,C2419,P3017,2,13812.52,28084.96,R02
S504237,3/5/2026 0:00,E1038,C2186,P3039,1,26668.25,24361.96,R01
S504238,8/26/2026 0:00,E1081,C2441,P3038,7,67526.73,438146.54,R06
S504239,7/6/2026 0:00,E1079,C2201,P3044,1,31924.43,33401.72,R02
S504240,8/30/2026 0:00,E1079,C2390,P3051,3,55331.31,154707.26,R02
S504241,7/5/2026 0:00,E1033,C2013,P3033,4,17298.96,64030.92,R01
S504242,5/10/2026 0:00,E1111,C2443,P3060,2,29470.22,56249.97,R02
S504243,5/7/2026 0:00,E1049,C2214,P3021,7,42656.59,309645.21,R04
S504244,2/5/2026 0:00,E1112,C2220,P3026,5,41379.43,200985.9,R02
S504245,4/24/2026 0:00,E1074,C2286,P3046,1,7391.26,7672.78,R05
S504246,7/18/2026 0:00,E1045,C2244,P3036,8,30974.38,235442.66,R02
S504247,1/13/2026 0:00,E1084,C2356,P3005,10,21544.25,201218.83,R01
S504248,1/15/2026 0:00,E1037,C2258,P3033,7,17298.96,117978.27,R02
S504249,3/30/2026 0:00,E1027,C2058,P3001,4,26533.8,105320.24,R02
S504250,8/3/2026 0:00,E1011,C2036,P3053,2,16451.3,31544.54,R01
S504251,7/7/2026 0:00,E1032,C2328,P3006,7,23219.92,154722.04,R02
S504252,1/22/2026 0:00,E1099,C2429,P3037,11,63029.63,646671.26,R01
S504253,7/10/2026 0:00,E1030,C2393,P3002,2,7831.21,14742.27,R01
S504254,8/6/2026 0:00,E1006,C2382,P3057,6,45630.28,274046.62,R02
S504255,8/13/2026 0:00,E1079,C2193,P3053,1,16451.3,15718.91,R02
S504256,7/22/2026 0:00,E1002,C2333,P3059,7,17588.05,112277.62,R06
S504257,3/15/2026 0:00,E1089,C2050,P3059,7,17588.05,113356.09,R06
S504258,1/25/2026 0:00,E1106,C2032,P3005,4,21544.25,82372.88,R02
S504259,4/11/2026 0:00,E1004,C2098,P3026,4,41379.43,171919.18,R04
S504260,6/25/2026 0:00,E1069,C2043,P3041,10,58594.28,560662.03,R01
S504261,6/20/2026 0:00,E1073,C2381,P3051,5,55331.31,251507.45,R01
S504262,4/27/2026 0:00,E1102,C2351,P3053,2,16451.3,31675.3,R04
S504263,6/15/2026 0:00,E1036,C2334,P3047,9,46883.48,422087.46,R05
S504264,2/10/2026 0:00,E1016,C2310,P3013,10,31162.8,308212.38,R02
S504265,6/22/2026 0:00,E1106,C2047,P3012,4,20628.64,77713.9,R02
S504266,3/29/2026 0:00,E1069,C2270,P3005,11,21544.25,237748.27,R01
S504267,6/17/2026 0:00,E1095,C2432,P3002,9,7831.21,70099.85,R05
S504268,4/20/2026 0:00,E1031,C2311,P3059,3,17588.05,48850.42,R04
S504269,4/30/2026 0:00,E1105,C2413,P3004,9,19444.05,161753.03,R06
S504270,4/7/2026 0:00,E1084,C2431,P3059,1,17588.05,17272.83,R01
S504271,5/25/2026 0:00,E1077,C2063,P3027,7,3495.09,24439.1,R05
S504272,8/4/2026 0:00,E1045,C2019,P3050,4,12809.06,53505.32,R02
S504273,8/17/2026 0:00,E1115,C2347,P3053,7,16451.3,110931.56,R04
S504274,2/26/2026 0:00,E1062,C2393,P3010,10,45872.45,465486.51,R02
S504275,5/10/2026 0:00,E1104,C2101,P3013,6,31162.8,171547.12,R04
S504276,4/6/2026 0:00,E1042,C2037,P3044,4,31924.43,131968.1,R03
S504277,5/1/2026 0:00,E1067,C2107,P3002,4,7831.21,31167.15,R01
S504278,3/3/2026 0:00,E1030,C2092,P3026,8,41379.43,329166.6,R01
S504279,8/4/2026 0:00,E1076,C2308,P3015,7,13790.91,88945.37,R05
S504280,5/17/2026 0:00,E1094,C2185,P3046,4,7391.26,26784.08,R04
S504281,3/9/2026 0:00,E1097,C2216,P3057,11,45630.28,504551.85,R04
S504282,3/22/2026 0:00,E1020,C2028,P3010,6,45872.45,252543.93,R02
S504283,1/17/2026 0:00,E1004,C2036,P3022,6,19428.07,107131.68,R04
S504284,4/27/2026 0:00,E1037,C2372,P3040,1,17956.07,16665.48,R02
S504285,2/19/2026 0:00,E1045,C2320,P3025,2,60497.94,110670.33,R02
S504286,4/22/2026 0:00,E1016,C2018,P3015,4,13790.91,54822.12,R02
S504287,4/4/2026 0:00,E1099,C2345,P3013,6,31162.8,180114.89,R01
S504288,6/17/2026 0:00,E1043,C2419,P3008,6,40552.31,228694.2,R01
S504289,7/5/2026 0:00,E1109,C2196,P3021,1,42656.59,41211.06,R02
S504290,7/22/2026 0:00,E1117,C2078,P3021,8,42656.59,350337.21,R05
S504291,3/26/2026 0:00,E1111,C2167,P3022,2,19428.07,40373.94,R02
S504292,5/29/2026 0:00,E1092,C2090,P3046,5,7391.26,35962.97,R05
S504293,5/26/2026 0:00,E1082,C2264,P3033,4,17298.96,68158.8,R04
S504294,7/2/2026 0:00,E1037,C2208,P3045,5,50149.35,235345.88,R02
S504295,6/6/2026 0:00,E1099,C2212,P3027,5,3495.09,17074.21,R01
S504296,6/1/2026 0:00,E1086,C2271,P3040,10,17956.07,181754.56,R02
S504297,3/15/2026 0:00,E1079,C2263,P3050,8,12809.06,99789.81,R02
S504298,4/19/2026 0:00,E1034,C2273,P3022,10,19428.07,183655.67,R06
S504299,5/25/2026 0:00,E1006,C2342,P3030,7,45220.48,312524.89,R02
S504300,1/18/2026 0:00,E1103,C2214,P3009,9,23520.25,220572.57,R02
S504301,2/11/2026 0:00,E1080,C2374,P3045,11,50149.35,569956.06,R01
S504302,8/28/2026 0:00,E1093,C2064,P3035,1,45920.83,46627.38,R05
S504303,7/31/2026 0:00,E1089,C2012,P3018,6,39505.96,223152.92,R06
S504304,4/11/2026 0:00,E1015,C2210,P3042,6,20791.75,116795.65,R02
S504305,2/14/2026 0:00,E1106,C2312,P3005,2,21544.25,44199.35,R02
S504306,3/23/2026 0:00,E1070,C2174,P3027,11,3495.09,35647.03,R06
S504307,1/17/2026 0:00,E1105,C2431,P3057,8,45630.28,361699.07,R06
S504308,3/14/2026 0:00,E1118,C2256,P3006,6,23219.92,134560.29,R02
S504309,1/14/2026 0:00,E1085,C2101,P3032,11,66344.43,708039.54,R02
S504310,6/26/2026 0:00,E1049,C2016,P3008,10,40552.31,392619.97,R04
S504311,6/6/2026 0:00,E1056,C2197,P3056,9,48237.37,449327.86,R06
S504312,8/11/2026 0:00,E1005,C2258,P3039,10,26668.25,243498.23,R02
S504313,5/12/2026 0:00,E1096,C2384,P3021,5,42656.59,217001.58,R03
S504314,3/23/2026 0:00,E1085,C2244,P3018,7,39505.96,283524.92,R02
S504315,5/28/2026 0:00,E1097,C2348,P3014,6,9360.99,58492.98,R04
S504316,4/30/2026 0:00,E1097,C2249,P3015,11,13790.91,146828.92,R04
S504317,4/30/2026 0:00,E1010,C2105,P3042,5,20791.75,101360.8,R05
S504318,2/16/2026 0:00,E1055,C2182,P3026,6,41379.43,259248.96,R04
S504319,4/17/2026 0:00,E1079,C2155,P3053,4,16451.3,63749.95,R02
S504320,4/18/2026 0:00,E1080,C2287,P3044,3,31924.43,93429.94,R01
S504321,1/9/2026 0:00,E1062,C2169,P3032,1,66344.43,63016.47,R02
S504322,7/24/2026 0:00,E1048,C2420,P3039,1,26668.25,24127.94,R04
S504323,3/20/2026 0:00,E1056,C2047,P3028,6,47578.07,275465.09,R06
S504324,6/4/2026 0:00,E1076,C2043,P3060,9,29470.22,264771.46,R05
S504325,1/15/2026 0:00,E1114,C2321,P3039,8,26668.25,214090.98,R05
S504326,8/8/2026 0:00,E1097,C2306,P3043,2,61740.42,111253.31,R04
S504327,8/17/2026 0:00,E1038,C2221,P3032,9,66344.43,609136.16,R01
S504328,9/4/2026 0:00,E1024,C2001,P3013,8,31162.8,242786.22,R02
S504329,1/19/2026 0:00,E1028,C2200,P3015,9,13790.91,121401.47,R04
S504330,3/31/2026 0:00,E1072,C2441,P3018,4,39505.96,165018.22,R02
S504331,6/29/2026 0:00,E1092,C2144,P3039,9,26668.25,226254.03,R05
S504332,1/26/2026 0:00,E1068,C2378,P3006,2,23219.92,47101.51,R05
S504333,8/5/2026 0:00,E1111,C2028,P3055,1,2016.98,1989.18,R02
S504334,6/3/2026 0:00,E1063,C2342,P3011,9,53782.26,486518.51,R05
S504335,6/3/2026 0:00,E1079,C2338,P3032,10,66344.43,638679.66,R02
S504336,6/23/2026 0:00,E1053,C2278,P3040,8,17956.07,135299.87,R06
S504337,4/2/2026 0:00,E1052,C2041,P3020,7,8239.05,56630.55,R05
S504338,6/26/2026 0:00,E1020,C2332,P3033,8,17298.96,132335.82,R02
S504339,3/23/2026 0:00,E1002,C2147,P3040,1,17956.07,16760.85,R06
S504340,8/12/2026 0:00,E1042,C2345,P3008,9,40552.31,374418.21,R03
S504341,6/30/2026 0:00,E1033,C2178,P3051,10,55331.31,537474.37,R01
S504342,5/11/2026 0:00,E1023,C2315,P3035,11,45920.83,518816.8,R02
S504343,7/13/2026 0:00,E1114,C2325,P3005,9,21544.25,188295.51,R05
S504344,8/13/2026 0:00,E1095,C2418,P3035,11,45920.83,496804.43,R05
S504345,2/11/2026 0:00,E1068,C2167,P3047,9,46883.48,442750.16,R05
S504346,1/19/2026 0:00,E1042,C2123,P3014,6,9360.99,58565.67,R03
S504347,1/17/2026 0:00,E1039,C2074,P3021,4,42656.59,160517.34,R04
S504348,8/24/2026 0:00,E1050,C2239,P3047,2,46883.48,96607.94,R02
S504349,6/10/2026 0:00,E1057,C2249,P3024,11,36395.04,383755.33,R01
S504350,3/17/2026 0:00,E1077,C2263,P3017,4,13812.52,50315.55,R05
S504351,6/26/2026 0:00,E1083,C2252,P3018,7,39505.96,272771.67,R02
S504352,7/3/2026 0:00,E1057,C2357,P3034,1,16100.35,16849.95,R01
S504353,3/4/2026 0:00,E1053,C2111,P3012,9,20628.64,194225.32,R06
S504354,5/11/2026 0:00,E1109,C2180,P3016,3,51163.56,141053.3,R02
S504355,4/17/2026 0:00,E1062,C2188,P3004,4,19444.05,78996.16,R02
S504356,2/18/2026 0:00,E1009,C2308,P3025,5,60497.94,308668.04,R04
S504357,2/24/2026 0:00,E1088,C2207,P3034,3,16100.35,46142.56,R04
S504358,6/3/2026 0:00,E1070,C2234,P3028,4,47578.07,190081.86,R06
S504359,4/9/2026 0:00,E1077,C2024,P3046,5,7391.26,35966.76,R05
S504360,7/19/2026 0:00,E1074,C2026,P3011,1,53782.26,50242.52,R05
S504361,2/21/2026 0:00,E1010,C2381,P3013,9,31162.8,284444.9,R05
S504362,4/10/2026 0:00,E1092,C2218,P3031,10,61484.37,577592.11,R05
S504363,4/27/2026 0:00,E1003,C2346,P3060,10,29470.22,280281.59,R05
S504364,4/28/2026 0:00,E1082,C2378,P3025,4,60497.94,224690.02,R04
S504365,1/7/2026 0:00,E1097,C2010,P3039,9,26668.25,241908.13,R04
S504366,2/15/2026 0:00,E1072,C2017,P3010,4,45872.45,177766.5,R02
S504367,2/15/2026 0:00,E1119,C2245,P3024,1,36395.04,35176.02,R06
S504368,4/10/2026 0:00,E1087,C2206,P3001,5,26533.8,131433.11,R05
S504369,5/24/2026 0:00,E1092,C2258,P3053,9,16451.3,136748.23,R05
S504370,6/1/2026 0:00,E1061,C2112,P3025,3,60497.94,187795.85,R03
S504371,7/8/2026 0:00,E1020,C2205,P3028,5,47578.07,230698.05,R02
S504372,2/23/2026 0:00,E1029,C2027,P3036,3,30974.38,88739.65,R04
S504373,3/3/2026 0:00,E1074,C2071,P3018,3,39505.96,108918.36,R05
S504374,5/9/2026 0:00,E1015,C2176,P3006,1,23219.92,21482.91,R02
S504375,2/18/2026 0:00,E1025,C2202,P3002,2,7831.21,16258.44,R03
S504376,1/25/2026 0:00,E1114,C2248,P3003,2,36568.91,70833.43,R05
S504377,1/10/2026 0:00,E1046,C2118,P3046,9,7391.26,67075.3,R04
S504378,4/28/2026 0:00,E1103,C2009,P3008,7,40552.31,258907.93,R02
S504379,7/27/2026 0:00,E1058,C2086,P3031,8,61484.37,490163.08,R02
S504380,5/24/2026 0:00,E1092,C2023,P3048,2,34019.63,70640.26,R05
S504381,7/5/2026 0:00,E1097,C2240,P3019,9,53251.21,452898.91,R04
S504382,7/19/2026 0:00,E1053,C2073,P3050,3,12809.06,37922.67,R06
S504383,6/6/2026 0:00,E1033,C2027,P3006,10,23219.92,241727,R01
S504384,8/19/2026 0:00,E1052,C2349,P3014,2,9360.99,18869.85,R05
S504385,4/2/2026 0:00,E1043,C2081,P3003,1,36568.91,33253.9,R01
S504386,5/14/2026 0:00,E1068,C2084,P3048,9,34019.63,292953.07,R05
S504387,5/24/2026 0:00,E1026,C2199,P3001,8,26533.8,193774.41,R05
S504388,5/28/2026 0:00,E1118,C2043,P3044,11,31924.43,361422.03,R02
S504389,3/21/2026 0:00,E1110,C2263,P3030,4,45220.48,179660.86,R01
S504390,3/12/2026 0:00,E1063,C2092,P3046,7,7391.26,53987.25,R05
S504391,8/21/2026 0:00,E1068,C2339,P3019,3,53251.21,144251.69,R05
S504392,3/19/2026 0:00,E1044,C2447,P3054,3,7404.66,21402.35,R06
S504393,2/12/2026 0:00,E1067,C2084,P3019,4,53251.21,195038.86,R01
S504394,6/3/2026 0:00,E1037,C2300,P3009,2,23520.25,44809.52,R02
S504395,3/31/2026 0:00,E1078,C2423,P3007,10,60276.19,557122.59,R01
S504396,3/19/2026 0:00,E1010,C2296,P3046,4,7391.26,28066.66,R05
S504397,7/18/2026 0:00,E1037,C2135,P3037,10,63029.63,644723.34,R02
S504398,6/10/2026 0:00,E1107,C2281,P3050,3,12809.06,35510.75,R03
S504399,1/26/2026 0:00,E1094,C2059,P3041,8,58594.28,455183.67,R04
S504400,5/1/2026 0:00,E1039,C2397,P3053,11,16451.3,187883.92,R04
S504401,2/14/2026 0:00,E1034,C2359,P3007,2,60276.19,126557.93,R06
S504402,7/31/2026 0:00,E1044,C2342,P3009,11,23520.25,242577.46,R06
S504403,3/4/2026 0:00,E1063,C2241,P3004,9,19444.05,182054.97,R05
S504404,7/14/2026 0:00,E1048,C2368,P3025,3,60497.94,170460.5,R04
S504405,6/29/2026 0:00,E1088,C2342,P3049,4,44098.98,169698.04,R04
S504406,3/9/2026 0:00,E1091,C2098,P3012,10,20628.64,212823.32,R01
S504407,6/3/2026 0:00,E1063,C2062,P3006,10,23219.92,236361.7,R05
S504408,7/22/2026 0:00,E1019,C2264,P3018,3,39505.96,121910.23,R03
S504409,1/2/2026 0:00,E1072,C2113,P3040,3,17956.07,54947.65,R02
S504410,5/22/2026 0:00,E1084,C2429,P3021,8,42656.59,319159.73,R01
S504411,4/18/2026 0:00,E1118,C2146,P3015,8,13790.91,108542.1,R02
S504412,1/30/2026 0:00,E1082,C2216,P3003,6,36568.91,210151.49,R04
S504413,2/18/2026 0:00,E1016,C2256,P3002,4,7831.21,30352.41,R02
S504414,5/20/2026 0:00,E1050,C2316,P3056,1,48237.37,44527.6,R02
S504415,8/6/2026 0:00,E1074,C2316,P3055,4,2016.98,7643.27,R05
S504416,2/13/2026 0:00,E1014,C2362,P3041,8,58594.28,482182.67,R02
S504417,6/10/2026 0:00,E1045,C2258,P3040,6,17956.07,111467.74,R02
S504418,1/13/2026 0:00,E1062,C2194,P3059,2,17588.05,34877.91,R02
S504419,3/19/2026 0:00,E1059,C2347,P3004,3,19444.05,56858.69,R01
S504420,8/4/2026 0:00,E1073,C2014,P3032,7,66344.43,467627.5,R01
S504421,5/6/2026 0:00,E1018,C2304,P3002,11,7831.21,85396.27,R04
S504422,4/8/2026 0:00,E1052,C2103,P3046,11,7391.26,85169.96,R05
S504423,8/24/2026 0:00,E1033,C2245,P3029,4,71367.4,265062.33,R01
S504424,1/26/2026 0:00,E1023,C2245,P3002,4,7831.21,30302.29,R02
S504425,5/29/2026 0:00,E1057,C2312,P3034,5,16100.35,83539.57,R01
S504426,6/5/2026 0:00,E1117,C2268,P3027,8,3495.09,29001.15,R05
S504427,2/17/2026 0:00,E1059,C2224,P3060,7,29470.22,200990.27,R01
S504428,8/16/2026 0:00,E1014,C2220,P3054,9,7404.66,61325.34,R02
S504429,6/17/2026 0:00,E1049,C2311,P3039,5,26668.25,136307.25,R04
S504430,3/7/2026 0:00,E1089,C2412,P3044,1,31924.43,31534.15,R06
S504431,8/22/2026 0:00,E1064,C2366,P3038,4,67526.73,274421.85,R02
S504432,7/20/2026 0:00,E1056,C2217,P3018,6,39505.96,229777.38,R06
S504433,3/28/2026 0:00,E1030,C2004,P3036,6,30974.38,172945.31,R01
S504434,3/20/2026 0:00,E1023,C2036,P3019,9,53251.21,433059.38,R02
S504435,7/24/2026 0:00,E1067,C2178,P3027,10,3495.09,34387.17,R01
S504436,1/23/2026 0:00,E1030,C2387,P3045,5,50149.35,231729.35,R01
S504437,3/22/2026 0:00,E1050,C2257,P3020,5,8239.05,38232.1,R02
S504438,2/17/2026 0:00,E1006,C2017,P3021,6,42656.59,247095.77,R02
S504439,5/4/2026 0:00,E1036,C2199,P3023,11,72228.78,767750.56,R05
S504440,5/10/2026 0:00,E1076,C2318,P3030,6,45220.48,255357.72,R05
S504441,3/25/2026 0:00,E1085,C2048,P3025,3,60497.94,166935.9,R02
S504442,1/20/2026 0:00,E1103,C2062,P3031,6,61484.37,384305.44,R02
S504443,7/6/2026 0:00,E1073,C2069,P3027,8,3495.09,25716.76,R01
S504444,2/15/2026 0:00,E1048,C2147,P3034,6,16100.35,92024.7,R04
S504445,5/11/2026 0:00,E1036,C2359,P3008,11,40552.31,421866.99,R05
S504446,7/2/2026 0:00,E1047,C2366,P3019,5,53251.21,274230.6,R02
S504447,1/12/2026 0:00,E1014,C2162,P3041,3,58594.28,169016.85,R02
S504448,2/9/2026 0:00,E1011,C2227,P3026,1,41379.43,38011.41,R01
S504449,3/7/2026 0:00,E1068,C2433,P3028,5,47578.07,214467.46,R05
S504450,4/10/2026 0:00,E1072,C2431,P3004,6,19444.05,117631.73,R02
S504451,3/19/2026 0:00,E1074,C2347,P3031,6,61484.37,371553.18,R05
S504452,1/16/2026 0:00,E1102,C2230,P3016,6,51163.56,295520.99,R04
S504453,3/24/2026 0:00,E1026,C2370,P3051,3,55331.31,152539.49,R05
S504454,6/11/2026 0:00,E1046,C2178,P3010,4,45872.45,175369.47,R04
S504455,2/13/2026 0:00,E1062,C2345,P3038,3,67526.73,200246.95,R02
S504456,8/26/2026 0:00,E1049,C2410,P3048,2,34019.63,68419.7,R04
S504457,5/14/2026 0:00,E1042,C2056,P3010,8,45872.45,334588.51,R03
S504458,7/24/2026 0:00,E1008,C2078,P3045,7,50149.35,345234.29,R06
S504459,7/11/2026 0:00,E1048,C2270,P3009,11,23520.25,243566.41,R04
S504460,4/10/2026 0:00,E1024,C2206,P3039,8,26668.25,211765.09,R02
S504461,1/22/2026 0:00,E1085,C2281,P3036,6,30974.38,185329.82,R02
S504462,1/18/2026 0:00,E1048,C2228,P3051,11,55331.31,630915.05,R04
S504463,1/12/2026 0:00,E1088,C2388,P3058,7,41115.63,276745.08,R04
S504464,6/29/2026 0:00,E1014,C2239,P3036,1,30974.38,30374.67,R02
S504465,5/3/2026 0:00,E1022,C2288,P3019,10,53251.21,500685.06,R01
S504466,9/3/2026 0:00,E1002,C2082,P3060,5,29470.22,138949.66,R06
S504467,8/10/2026 0:00,E1020,C2334,P3019,4,53251.21,193175.17,R02
S504468,4/27/2026 0:00,E1062,C2250,P3012,10,20628.64,194509.58,R02
S504469,2/20/2026 0:00,E1034,C2193,P3013,3,31162.8,85034.65,R06
S504470,8/20/2026 0:00,E1005,C2106,P3025,2,60497.94,126390.77,R02
S504471,3/12/2026 0:00,E1108,C2189,P3036,9,30974.38,276996.3,R05
S504472,8/12/2026 0:00,E1004,C2276,P3025,8,60497.94,448155.33,R04
S504473,2/17/2026 0:00,E1093,C2074,P3028,10,47578.07,436535.91,R05
S504474,1/19/2026 0:00,E1054,C2010,P3042,2,20791.75,39733.8,R06
S504475,1/6/2026 0:00,E1107,C2123,P3053,6,16451.3,93392.1,R03
S504476,3/25/2026 0:00,E1101,C2216,P3039,3,26668.25,75355.53,R01
S504477,6/4/2026 0:00,E1029,C2290,P3030,3,45220.48,131622.72,R04
S504478,2/22/2026 0:00,E1072,C2445,P3005,5,21544.25,111699.51,R02
S504479,4/17/2026 0:00,E1072,C2411,P3017,7,13812.52,95257.39,R02
S504480,4/11/2026 0:00,E1057,C2040,P3018,7,39505.96,270508.89,R01
S504481,2/17/2026 0:00,E1059,C2193,P3043,11,61740.42,693394.61,R01
S504482,5/15/2026 0:00,E1110,C2127,P3047,10,46883.48,422234.35,R01
S504483,7/6/2026 0:00,E1089,C2289,P3021,1,42656.59,39653.9,R06
S504484,3/10/2026 0:00,E1099,C2071,P3022,11,19428.07,208243.79,R01
S504485,1/11/2026 0:00,E1017,C2137,P3039,7,26668.25,187759.8,R02
S504486,5/23/2026 0:00,E1025,C2144,P3050,7,12809.06,87220.47,R03
S504487,7/11/2026 0:00,E1071,C2389,P3058,6,41115.63,228082.56,R05
S504488,5/11/2026 0:00,E1043,C2354,P3057,6,45630.28,284595.35,R01
S504489,5/2/2026 0:00,E1108,C2380,P3006,2,23219.92,44085.33,R05
S504490,3/10/2026 0:00,E1079,C2407,P3050,3,12809.06,39127.8,R02
S504491,1/23/2026 0:00,E1049,C2299,P3016,3,51163.56,158665.16,R04
S504492,6/30/2026 0:00,E1078,C2370,P3002,3,7831.21,22365.17,R01
S504493,2/6/2026 0:00,E1071,C2345,P3051,2,55331.31,113628.02,R05
S504494,1/9/2026 0:00,E1103,C2441,P3001,9,26533.8,240384.14,R02
S504495,1/15/2026 0:00,E1032,C2435,P3057,6,45630.28,283539.84,R02
S504496,5/11/2026 0:00,E1094,C2269,P3030,2,45220.48,84806.18,R04
S504497,4/3/2026 0:00,E1094,C2384,P3058,3,41115.63,128242.73,R04
S504498,7/17/2026 0:00,E1031,C2408,P3043,10,61740.42,561711.85,R04
S504499,1/17/2026 0:00,E1019,C2139,P3052,6,64744.08,395865,R03
S504500,6/3/2026 0:00,E1046,C2052,P3037,4,63029.63,243382.55,R04
S504501,5/29/2026 0:00,E1028,C2017,P3048,7,34019.63,220678.01,R04
S504502,3/13/2026 0:00,E1101,C2165,P3023,6,72228.78,395197.07,R01
S504503,5/29/2026 0:00,E1027,C2013,P3001,6,26533.8,152585.08,R02
S504504,5/1/2026 0:00,E1105,C2190,P3019,3,53251.21,153107.65,R06
S504505,1/11/2026 0:00,E1115,C2340,P3046,11,7391.26,75977.94,R04
S504506,6/15/2026 0:00,E1117,C2353,P3003,8,36568.91,272753.55,R05
S504507,3/13/2026 0:00,E1062,C2362,P3002,9,7831.21,67656.52,R02
S504508,4/16/2026 0:00,E1019,C2352,P3056,6,48237.37,278286.33,R03
S504509,8/4/2026 0:00,E1099,C2264,P3037,2,63029.63,121817.96,R01
S504510,5/5/2026 0:00,E1091,C2312,P3017,1,13812.52,14231.23,R01
S504511,2/4/2026 0:00,E1058,C2221,P3028,3,47578.07,141547.83,R02
S504512,4/29/2026 0:00,E1032,C2104,P3018,3,39505.96,107029.35,R02
S504513,1/14/2026 0:00,E1103,C2339,P3033,8,17298.96,135328.36,R02
S504514,9/4/2026 0:00,E1061,C2198,P3015,5,13790.91,69945.27,R03
S504515,1/14/2026 0:00,E1003,C2300,P3022,1,19428.07,17649.67,R05
S504516,1/10/2026 0:00,E1099,C2444,P3041,11,58594.28,620941.34,R01
S504517,5/20/2026 0:00,E1041,C2359,P3027,4,3495.09,13528.54,R01
S504518,2/7/2026 0:00,E1063,C2368,P3055,7,2016.98,14727.43,R05
S504519,4/18/2026 0:00,E1109,C2169,P3037,5,63029.63,306119.97,R02
S504520,4/29/2026 0:00,E1109,C2149,P3032,10,66344.43,671727.43,R02
S504521,8/26/2026 0:00,E1065,C2249,P3060,6,29470.22,167173.12,R02
S504522,2/3/2026 0:00,E1098,C2256,P3045,10,50149.35,509966.73,R03
S504523,6/18/2026 0:00,E1019,C2042,P3019,4,53251.21,202013.65,R03
S504524,1/10/2026 0:00,E1018,C2202,P3028,2,47578.07,91778.43,R04
S504525,5/2/2026 0:00,E1100,C2244,P3028,9,47578.07,416179.7,R01
S504526,5/25/2026 0:00,E1041,C2157,P3056,2,48237.37,100232.86,R01
S504527,5/25/2026 0:00,E1073,C2449,P3010,2,45872.45,83306.02,R01
S504528,7/14/2026 0:00,E1108,C2401,P3020,2,8239.05,15316.89,R05
S504529,7/9/2026 0:00,E1056,C2286,P3025,1,60497.94,60852.54,R06
S504530,8/11/2026 0:00,E1119,C2282,P3021,3,42656.59,126259.67,R06
S504531,4/25/2026 0:00,E1101,C2437,P3014,6,9360.99,52668.47,R01
S504532,1/1/2026 0:00,E1096,C2381,P3022,7,19428.07,128296.39,R03
S504533,1/12/2026 0:00,E1078,C2238,P3053,1,16451.3,15712.58,R01
S504534,4/13/2026 0:00,E1036,C2019,P3026,5,41379.43,200183.76,R05
S504535,1/4/2026 0:00,E1012,C2053,P3044,5,31924.43,163246.23,R06
S504536,6/19/2026 0:00,E1063,C2085,P3011,1,53782.26,48515.49,R05
S504537,5/21/2026 0:00,E1046,C2273,P3055,4,2016.98,8347.9,R04
S504538,4/8/2026 0:00,E1070,C2430,P3007,10,60276.19,579829.26,R06
S504539,4/16/2026 0:00,E1026,C2360,P3017,1,13812.52,12908.83,R05
S504540,3/26/2026 0:00,E1050,C2213,P3018,1,39505.96,38568.16,R02
S504541,8/2/2026 0:00,E1033,C2437,P3007,7,60276.19,421490.51,R01
S504542,5/1/2026 0:00,E1086,C2361,P3056,7,48237.37,306162.1,R02
S504543,5/12/2026 0:00,E1116,C2104,P3020,3,8239.05,24899.23,R06
S504544,3/23/2026 0:00,E1097,C2192,P3038,7,67526.73,479358.7,R04
S504545,7/16/2026 0:00,E1005,C2429,P3011,3,53782.26,149234.05,R02
S504546,1/19/2026 0:00,E1120,C2177,P3044,2,31924.43,59071.83,R04
S504547,5/10/2026 0:00,E1039,C2147,P3058,10,41115.63,382608.77,R04
S504548,1/12/2026 0:00,E1119,C2380,P3016,4,51163.56,208643.83,R06
S504549,3/22/2026 0:00,E1065,C2081,P3051,10,55331.31,520557.22,R02
S504550,3/15/2026 0:00,E1049,C2193,P3055,3,2016.98,6168.27,R04
S504551,4/8/2026 0:00,E1002,C2037,P3027,7,3495.09,24002.71,R06
S504552,1/6/2026 0:00,E1004,C2377,P3051,1,55331.31,56165.47,R04
S504553,5/16/2026 0:00,E1103,C2326,P3011,6,53782.26,317224.21,R02
S504554,5/5/2026 0:00,E1088,C2154,P3016,2,51163.56,97248.15,R04
S504555,2/20/2026 0:00,E1064,C2130,P3023,8,72228.78,598982.94,R02
S504556,1/11/2026 0:00,E1066,C2059,P3060,5,29470.22,148425.93,R04
S504557,7/10/2026 0:00,E1018,C2224,P3059,3,17588.05,51318.85,R04
S504558,7/4/2026 0:00,E1080,C2249,P3012,10,20628.64,205381.68,R01
S504559,5/7/2026 0:00,E1107,C2240,P3059,7,17588.05,122177.77,R03
S504560,5/20/2026 0:00,E1064,C2374,P3040,11,17956.07,188375.19,R02
S504561,3/14/2026 0:00,E1036,C2389,P3003,2,36568.91,70473.1,R05
S504562,1/2/2026 0:00,E1014,C2293,P3002,5,7831.21,37109.7,R02
S504563,1/8/2026 0:00,E1036,C2287,P3060,11,29470.22,340357.61,R05
S504564,5/19/2026 0:00,E1045,C2204,P3038,8,67526.73,533196.28,R02
S504565,5/4/2026 0:00,E1003,C2099,P3048,11,34019.63,341961.62,R05
S504566,2/22/2026 0:00,E1058,C2350,P3052,1,64744.08,63311.04,R02
S504567,8/16/2026 0:00,E1113,C2176,P3024,1,36395.04,33028.29,R06
S504568,1/10/2026 0:00,E1079,C2262,P3029,3,71367.4,201962.14,R02
S504569,8/1/2026 0:00,E1053,C2271,P3047,3,46883.48,135994.09,R06
S504570,7/31/2026 0:00,E1056,C2143,P3046,7,7391.26,50711.32,R06
S504571,4/22/2026 0:00,E1017,C2189,P3034,6,16100.35,101087.07,R02
S504572,1/8/2026 0:00,E1019,C2272,P3020,7,8239.05,60403.22,R03
S504573,2/5/2026 0:00,E1008,C2020,P3018,4,39505.96,144546.05,R06
S504574,8/9/2026 0:00,E1047,C2333,P3014,11,9360.99,100985.6,R02
S504575,4/16/2026 0:00,E1037,C2300,P3018,2,39505.96,80794.94,R02
S504576,7/23/2026 0:00,E1043,C2426,P3002,2,7831.21,14654.65,R01
S504577,1/14/2026 0:00,E1096,C2046,P3001,10,26533.8,268677.14,R03
S504578,8/28/2026 0:00,E1044,C2095,P3020,1,8239.05,8500.99,R06
S504579,7/1/2026 0:00,E1107,C2418,P3034,9,16100.35,144812.31,R03
S504580,8/30/2026 0:00,E1008,C2064,P3041,7,58594.28,389305.58,R06
S504581,8/1/2026 0:00,E1016,C2413,P3041,10,58594.28,608483.93,R02
S504582,3/27/2026 0:00,E1062,C2131,P3048,3,34019.63,105378.66,R02
S504583,5/29/2026 0:00,E1042,C2009,P3011,2,53782.26,108357.68,R03
S504584,8/24/2026 0:00,E1085,C2203,P3027,3,3495.09,10008.72,R02
S504585,2/19/2026 0:00,E1109,C2409,P3023,7,72228.78,515098.91,R02
S504586,8/10/2026 0:00,E1038,C2298,P3038,5,67526.73,319879.64,R01
S504587,6/16/2026 0:00,E1068,C2174,P3044,3,31924.43,89829.88,R05
S504588,1/20/2026 0:00,E1108,C2073,P3003,9,36568.91,321633.37,R05
S504589,8/4/2026 0:00,E1114,C2084,P3012,2,20628.64,43302.42,R05
S504590,3/28/2026 0:00,E1057,C2059,P3030,7,45220.48,323079.44,R01
S504591,5/15/2026 0:00,E1079,C2021,P3031,10,61484.37,620665.6,R02
S504592,5/17/2026 0:00,E1106,C2406,P3023,6,72228.78,419418.91,R02
S504593,5/9/2026 0:00,E1107,C2157,P3001,6,26533.8,150732.02,R03
S504594,6/3/2026 0:00,E1109,C2319,P3041,7,58594.28,421802.4,R02
S504595,6/15/2026 0:00,E1109,C2329,P3020,6,8239.05,48700.69,R02
S504596,2/7/2026 0:00,E1097,C2061,P3054,2,7404.66,15134.95,R04
S504597,9/3/2026 0:00,E1082,C2064,P3006,11,23219.92,248564.45,R04
S504598,7/8/2026 0:00,E1108,C2325,P3011,5,53782.26,272432.32,R05
S504599,2/13/2026 0:00,E1058,C2168,P3035,3,45920.83,141917.57,R02
S504600,3/27/2026 0:00,E1046,C2203,P3004,9,19444.05,167770.58,R04
S504601,2/13/2026 0:00,E1059,C2129,P3029,8,71367.4,515007.39,R01
S504602,3/15/2026 0:00,E1007,C2245,P3059,10,17588.05,165017.94,R01
S504603,4/29/2026 0:00,E1094,C2106,P3010,11,45872.45,523386.76,R04
S504604,7/9/2026 0:00,E1033,C2321,P3051,2,55331.31,111009.14,R01
S504605,5/2/2026 0:00,E1110,C2122,P3029,1,71367.4,72122.67,R01
S504606,5/14/2026 0:00,E1076,C2318,P3038,4,67526.73,256275.63,R05
S504607,5/25/2026 0:00,E1116,C2182,P3001,4,26533.8,106686.14,R06
S504608,2/20/2026 0:00,E1019,C2103,P3040,10,17956.07,179011.66,R03
S504609,8/30/2026 0:00,E1070,C2316,P3008,11,40552.31,413403.08,R06
S504610,2/7/2026 0:00,E1075,C2302,P3057,2,45630.28,95394.99,R05
S504611,6/1/2026 0:00,E1008,C2261,P3038,7,67526.73,450519.9,R06
S504612,2/20/2026 0:00,E1116,C2113,P3017,3,13812.52,39340.53,R06
S504613,1/10/2026 0:00,E1009,C2406,P3019,7,53251.21,356123.84,R04
S504614,4/30/2026 0:00,E1066,C2437,P3033,7,17298.96,110649.43,R04
S504615,7/19/2026 0:00,E1109,C2070,P3015,1,13790.91,13704.64,R02
S504616,5/29/2026 0:00,E1008,C2160,P3045,6,50149.35,281576.66,R06
S504617,9/5/2026 0:00,E1043,C2240,P3031,4,61484.37,250978.44,R01
S504618,3/11/2026 0:00,E1042,C2011,P3021,11,42656.59,450042.28,R03
S504619,3/26/2026 0:00,E1004,C2138,P3003,8,36568.91,283418.93,R04
S504620,2/26/2026 0:00,E1018,C2167,P3002,8,7831.21,62459.43,R04
S504621,5/6/2026 0:00,E1068,C2247,P3035,3,45920.83,139729.83,R05
S504622,2/8/2026 0:00,E1081,C2354,P3041,4,58594.28,219064.63,R06
S504623,8/4/2026 0:00,E1112,C2031,P3059,1,17588.05,18378.53,R02
S504624,2/2/2026 0:00,E1095,C2012,P3016,10,51163.56,508232.32,R05
S504625,7/6/2026 0:00,E1116,C2243,P3056,2,48237.37,86908.86,R06
S504626,1/18/2026 0:00,E1114,C2108,P3045,7,50149.35,337826.25,R05
S504627,7/3/2026 0:00,E1054,C2336,P3051,11,55331.31,587659.98,R06
S504628,8/8/2026 0:00,E1023,C2422,P3059,7,17588.05,125747.93,R02
S504629,2/26/2026 0:00,E1005,C2323,P3050,9,12809.06,109029.93,R02
S504630,9/1/2026 0:00,E1118,C2194,P3021,10,42656.59,405102.8,R02
S504631,4/6/2026 0:00,E1007,C2308,P3012,9,20628.64,169055.15,R01
S504632,7/23/2026 0:00,E1039,C2133,P3028,9,47578.07,403594.64,R04
S504633,2/17/2026 0:00,E1027,C2395,P3012,6,20628.64,124705.61,R02
S504634,2/11/2026 0:00,E1012,C2281,P3033,8,17298.96,137729.27,R06
S504635,1/27/2026 0:00,E1092,C2291,P3020,9,8239.05,67641.63,R05
S504636,3/15/2026 0:00,E1018,C2163,P3040,7,17956.07,115285.67,R04
S504637,4/20/2026 0:00,E1090,C2278,P3049,4,44098.98,168729.56,R03
S504638,6/29/2026 0:00,E1094,C2421,P3021,4,42656.59,172599.43,R04
S504639,6/19/2026 0:00,E1101,C2439,P3060,6,29470.22,181230.84,R01
S504640,2/1/2026 0:00,E1032,C2203,P3052,11,64744.08,642528.65,R02
S504641,8/22/2026 0:00,E1079,C2096,P3054,4,7404.66,28118.5,R02
S504642,1/26/2026 0:00,E1120,C2223,P3039,11,26668.25,282684.31,R04
S504643,1/25/2026 0:00,E1036,C2237,P3041,7,58594.28,425200.49,R05
S504644,3/16/2026 0:00,E1017,C2117,P3049,8,44098.98,344046.48,R02
S504645,1/23/2026 0:00,E1081,C2192,P3059,8,17588.05,132326.17,R06
S504646,8/14/2026 0:00,E1109,C2276,P3042,8,20791.75,159432.31,R02
S504647,2/26/2026 0:00,E1019,C2106,P3036,2,30974.38,59809.37,R03
S504648,6/29/2026 0:00,E1113,C2004,P3022,10,19428.07,194377.72,R06
S504649,8/20/2026 0:00,E1103,C2018,P3026,2,41379.43,74993.03,R02
S504650,5/6/2026 0:00,E1114,C2307,P3007,2,60276.19,115539.54,R05
S504651,3/28/2026 0:00,E1064,C2020,P3007,2,60276.19,120188.7,R02
S504652,8/9/2026 0:00,E1114,C2122,P3008,4,40552.31,152881.94,R05
S504653,1/31/2026 0:00,E1115,C2137,P3026,5,41379.43,204572.17,R04
S504654,3/5/2026 0:00,E1107,C2080,P3024,4,36395.04,138824.05,R03
S504655,7/18/2026 0:00,E1028,C2154,P3024,5,36395.04,184487.94,R04
S504656,8/20/2026 0:00,E1036,C2358,P3040,4,17956.07,65294.71,R05
S504657,2/2/2026 0:00,E1118,C2025,P3048,7,34019.63,247113.83,R02
S504658,8/1/2026 0:00,E1047,C2169,P3012,10,20628.64,190967.96,R02
S504659,1/2/2026 0:00,E1120,C2059,P3047,1,46883.48,43310.12,R04
S504660,1/18/2026 0:00,E1036,C2301,P3008,1,40552.31,41610.58,R05
S504661,6/24/2026 0:00,E1029,C2041,P3054,2,7404.66,15259.41,R04
S504662,6/10/2026 0:00,E1105,C2038,P3009,1,23520.25,21496.24,R06
S504663,8/17/2026 0:00,E1104,C2117,P3003,10,36568.91,378966.48,R04
S504664,8/14/2026 0:00,E1010,C2275,P3054,10,7404.66,69677.46,R05
S504665,3/25/2026 0:00,E1078,C2270,P3021,11,42656.59,465840.92,R01
S504666,2/4/2026 0:00,E1016,C2127,P3031,3,61484.37,167905.64,R02
S504667,6/28/2026 0:00,E1022,C2405,P3048,6,34019.63,195360.96,R01
S504668,4/24/2026 0:00,E1054,C2399,P3047,10,46883.48,453648.63,R06
S504669,9/3/2026 0:00,E1036,C2003,P3024,11,36395.04,396331.57,R05
S504670,5/26/2026 0:00,E1108,C2293,P3004,6,19444.05,114189.94,R05
S504671,4/20/2026 0:00,E1099,C2373,P3020,1,8239.05,7985.48,R01
S504672,3/29/2026 0:00,E1053,C2430,P3016,6,51163.56,320471.97,R06
S504673,3/13/2026 0:00,E1085,C2016,P3010,5,45872.45,212791.61,R02
S504674,5/5/2026 0:00,E1057,C2398,P3043,7,61740.42,399207.01,R01
S504675,1/30/2026 0:00,E1089,C2265,P3026,6,41379.43,250017.71,R06
S504676,6/21/2026 0:00,E1079,C2239,P3029,7,71367.4,455201.22,R02
S504677,2/22/2026 0:00,E1046,C2263,P3005,2,21544.25,41900.71,R04
S504678,5/18/2026 0:00,E1067,C2398,P3011,1,53782.26,52309.05,R01
S504679,3/28/2026 0:00,E1117,C2134,P3029,7,71367.4,472846.61,R05
S504680,6/29/2026 0:00,E1095,C2213,P3045,9,50149.35,469202.29,R05
S504681,6/26/2026 0:00,E1090,C2015,P3015,2,13790.91,25992.6,R03
S504682,5/19/2026 0:00,E1082,C2436,P3006,7,23219.92,153317.98,R04
S504683,7/13/2026 0:00,E1026,C2328,P3048,3,34019.63,95439.86,R05
S504684,7/5/2026 0:00,E1089,C2418,P3015,6,13790.91,76280.41,R06
S504685,8/6/2026 0:00,E1094,C2360,P3043,3,61740.42,176812.52,R04
S504686,6/13/2026 0:00,E1049,C2129,P3020,10,8239.05,82566.25,R04
S504687,6/10/2026 0:00,E1082,C2352,P3034,11,16100.35,179109.45,R04
S504688,6/24/2026 0:00,E1109,C2122,P3060,11,29470.22,331308.37,R02
S504689,1/13/2026 0:00,E1058,C2241,P3060,11,29470.22,301360.92,R02
S504690,2/9/2026 0:00,E1039,C2115,P3002,5,7831.21,35449.73,R04
S504691,3/30/2026 0:00,E1012,C2197,P3044,2,31924.43,66798.86,R06
S504692,3/9/2026 0:00,E1069,C2222,P3016,8,51163.56,369257.6,R01
S504693,2/11/2026 0:00,E1016,C2214,P3019,8,53251.21,444797.48,R02
S504694,5/27/2026 0:00,E1002,C2404,P3034,7,16100.35,115443.62,R06
S504695,7/29/2026 0:00,E1008,C2080,P3049,6,44098.98,274333.9,R06
S504696,8/17/2026 0:00,E1002,C2263,P3014,1,9360.99,8968.56,R06
S504697,4/4/2026 0:00,E1051,C2135,P3024,8,36395.04,270656.9,R06
S504698,1/19/2026 0:00,E1098,C2306,P3028,1,47578.07,47148.42,R03
S504699,7/5/2026 0:00,E1075,C2242,P3048,8,34019.63,275201.84,R05
S504700,1/23/2026 0:00,E1030,C2386,P3032,11,66344.43,671135,R01
S504701,2/23/2026 0:00,E1027,C2303,P3037,2,63029.63,128535.47,R02
S504702,7/27/2026 0:00,E1089,C2270,P3010,8,45872.45,341764.06,R06
S504703,3/6/2026 0:00,E1047,C2287,P3049,10,44098.98,429414.52,R02
S504704,5/20/2026 0:00,E1109,C2050,P3045,4,50149.35,206308.88,R02
S504705,1/24/2026 0:00,E1095,C2189,P3048,7,34019.63,221232.91,R05
S504706,2/3/2026 0:00,E1118,C2297,P3009,5,23520.25,110108.02,R02
S504707,2/22/2026 0:00,E1104,C2014,P3024,8,36395.04,264785.76,R04
S504708,5/16/2026 0:00,E1099,C2389,P3036,6,30974.38,171348.81,R01
S504709,1/18/2026 0:00,E1073,C2232,P3056,5,48237.37,222369.18,R01
S504710,2/26/2026 0:00,E1013,C2261,P3029,1,71367.4,66408.37,R05
S504711,4/22/2026 0:00,E1097,C2192,P3060,3,29470.22,83365.07,R04
S504712,1/5/2026 0:00,E1033,C2413,P3029,10,71367.4,729551.47,R01
S504713,6/3/2026 0:00,E1120,C2203,P3058,9,41115.63,383867.08,R04
S504714,6/7/2026 0:00,E1021,C2261,P3048,9,34019.63,294218.05,R04
S504715,7/1/2026 0:00,E1053,C2113,P3023,5,72228.78,331974.79,R06
S504716,1/13/2026 0:00,E1083,C2374,P3027,3,3495.09,9788.75,R02
S504717,3/24/2026 0:00,E1037,C2352,P3031,6,61484.37,372754.24,R02
S504718,1/29/2026 0:00,E1069,C2036,P3043,5,61740.42,309200.29,R01
S504719,1/3/2026 0:00,E1002,C2079,P3007,1,60276.19,62993.51,R06
S504720,3/31/2026 0:00,E1116,C2275,P3049,2,44098.98,79569.84,R06
S504721,4/14/2026 0:00,E1028,C2448,P3054,5,7404.66,37490.31,R04
S504722,5/3/2026 0:00,E1119,C2278,P3045,9,50149.35,440452.78,R06
S504723,7/5/2026 0:00,E1113,C2162,P3004,4,19444.05,80529.78,R06
S504724,3/17/2026 0:00,E1042,C2312,P3014,9,9360.99,83105.23,R03
S504725,5/10/2026 0:00,E1099,C2017,P3042,3,20791.75,60316.88,R01
S504726,7/22/2026 0:00,E1086,C2204,P3042,1,20791.75,20789.2,R02
S504727,4/18/2026 0:00,E1015,C2440,P3010,6,45872.45,282123.42,R02
S504728,6/5/2026 0:00,E1102,C2017,P3059,10,17588.05,165745.35,R04
S504729,3/23/2026 0:00,E1071,C2202,P3044,7,31924.43,204728.29,R05
S504730,3/18/2026 0:00,E1089,C2210,P3034,4,16100.35,62144.31,R06
S504731,8/17/2026 0:00,E1111,C2402,P3026,10,41379.43,385729.94,R02
S504732,8/2/2026 0:00,E1081,C2429,P3023,5,72228.78,348298.44,R06
S504733,7/23/2026 0:00,E1007,C2078,P3009,4,23520.25,98658.72,R01
S504734,1/2/2026 0:00,E1034,C2056,P3037,3,63029.63,186464.02,R06
S504735,5/7/2026 0:00,E1057,C2080,P3008,1,40552.31,40716.14,R01
S504736,8/17/2026 0:00,E1020,C2306,P3053,6,16451.3,98874.54,R02
S504737,5/15/2026 0:00,E1079,C2058,P3014,10,9360.99,95772.77,R02
S504738,1/26/2026 0:00,E1030,C2018,P3007,5,60276.19,313924.21,R01
S504739,8/6/2026 0:00,E1063,C2208,P3007,11,60276.19,662257.51,R05
S504740,3/29/2026 0:00,E1072,C2135,P3009,1,23520.25,22847.9,R02
S504741,7/23/2026 0:00,E1081,C2332,P3003,5,36568.91,173277.14,R06
S504742,1/16/2026 0:00,E1082,C2010,P3014,6,9360.99,53584.62,R04
S504743,5/31/2026 0:00,E1025,C2069,P3017,10,13812.52,131242.71,R03
S504744,6/17/2026 0:00,E1024,C2341,P3050,5,12809.06,60757.84,R02
S504745,7/7/2026 0:00,E1114,C2387,P3044,1,31924.43,32058.31,R05
S504746,3/14/2026 0:00,E1011,C2083,P3022,5,19428.07,95989.85,R01
S504747,2/1/2026 0:00,E1056,C2109,P3046,10,7391.26,68760.84,R06
S504748,1/15/2026 0:00,E1107,C2044,P3026,1,41379.43,43259.87,R03
S504749,8/17/2026 0:00,E1043,C2398,P3058,11,41115.63,436061.97,R01
S504750,5/21/2026 0:00,E1051,C2132,P3028,3,47578.07,140580.77,R06
S504751,1/5/2026 0:00,E1018,C2018,P3045,2,50149.35,100839.32,R04
S504752,7/22/2026 0:00,E1115,C2093,P3014,1,9360.99,9286.59,R04
S504753,3/15/2026 0:00,E1058,C2436,P3009,4,23520.25,89062.51,R02
S504754,2/21/2026 0:00,E1110,C2294,P3051,2,55331.31,112837.8,R01
S504755,3/18/2026 0:00,E1047,C2148,P3026,5,41379.43,189626.01,R02
S504756,6/18/2026 0:00,E1031,C2172,P3002,10,7831.21,77164.78,R04
S504757,6/30/2026 0:00,E1046,C2051,P3011,1,53782.26,50608.98,R04
S504758,4/20/2026 0:00,E1112,C2019,P3017,10,13812.52,137070.53,R02
S504759,6/27/2026 0:00,E1076,C2120,P3034,1,16100.35,15016.78,R05
S504760,5/23/2026 0:00,E1057,C2324,P3019,11,53251.21,595035.91,R01
S504761,4/16/2026 0:00,E1020,C2225,P3039,10,26668.25,249116.24,R02
S504762,9/5/2026 0:00,E1030,C2066,P3018,4,39505.96,163326.93,R01
S504763,5/7/2026 0:00,E1003,C2141,P3013,7,31162.8,224516.53,R05
S504764,1/7/2026 0:00,E1037,C2446,P3005,2,21544.25,41121.9,R02
S504765,2/9/2026 0:00,E1020,C2189,P3050,2,12809.06,24538.91,R02
S504766,6/5/2026 0:00,E1008,C2158,P3023,1,72228.78,72606.21,R06
S504767,6/9/2026 0:00,E1027,C2098,P3058,5,41115.63,187807.16,R02
S504768,4/9/2026 0:00,E1081,C2158,P3056,6,48237.37,263994.8,R06
S504769,5/23/2026 0:00,E1113,C2435,P3024,6,36395.04,200998.59,R06
S504770,8/28/2026 0:00,E1039,C2246,P3029,2,71367.4,140504.04,R04
S504771,8/16/2026 0:00,E1004,C2344,P3048,7,34019.63,219646.12,R04
S504772,3/26/2026 0:00,E1104,C2432,P3047,6,46883.48,264884.89,R04
S504773,7/17/2026 0:00,E1082,C2236,P3008,8,40552.31,323457.13,R04
S504774,3/6/2026 0:00,E1068,C2033,P3026,6,41379.43,224030.77,R05
S504775,5/12/2026 0:00,E1097,C2361,P3015,9,13790.91,115061.97,R04
S504776,1/11/2026 0:00,E1094,C2241,P3057,10,45630.28,474322.01,R04
S504777,4/18/2026 0:00,E1073,C2330,P3001,2,26533.8,53043.01,R01
S504778,1/26/2026 0:00,E1096,C2338,P3028,7,47578.07,315006.25,R03
S504779,7/8/2026 0:00,E1045,C2275,P3049,5,44098.98,199943.79,R02
S504780,6/14/2026 0:00,E1064,C2071,P3047,1,46883.48,46316.53,R02
S504781,5/31/2026 0:00,E1073,C2313,P3046,3,7391.26,20697.67,R01
S504782,8/9/2026 0:00,E1102,C2403,P3014,4,9360.99,39092.48,R04
S504783,3/26/2026 0:00,E1095,C2216,P3042,2,20791.75,41710.09,R05
S504784,8/28/2026 0:00,E1025,C2079,P3034,7,16100.35,117900.13,R03
S504785,8/25/2026 0:00,E1118,C2169,P3059,1,17588.05,18068.82,R02
S504786,8/25/2026 0:00,E1041,C2298,P3031,3,61484.37,179372.19,R01
S504787,8/29/2026 0:00,E1070,C2180,P3006,9,23219.92,209070.08,R06
S504788,8/7/2026 0:00,E1095,C2116,P3049,11,44098.98,495671.52,R05
S504789,8/19/2026 0:00,E1046,C2260,P3005,2,21544.25,42516.58,R04
S504790,6/17/2026 0:00,E1006,C2260,P3031,5,61484.37,279515.06,R02
S504791,7/24/2026 0:00,E1057,C2005,P3037,4,63029.63,244697.9,R01
S504792,5/31/2026 0:00,E1095,C2297,P3015,3,13790.91,38045.78,R05
S504793,5/3/2026 0:00,E1031,C2108,P3015,5,13790.91,69452.89,R04
S504794,5/24/2026 0:00,E1030,C2343,P3052,6,64744.08,389278.06,R01
S504795,8/10/2026 0:00,E1027,C2360,P3043,1,61740.42,64761.76,R02
S504796,7/8/2026 0:00,E1085,C2117,P3005,2,21544.25,42843.82,R02
S504797,3/9/2026 0:00,E1027,C2357,P3028,1,47578.07,48530.62,R02
S504798,4/14/2026 0:00,E1038,C2445,P3033,3,17298.96,48795.69,R01
S504799,3/21/2026 0:00,E1093,C2331,P3011,8,53782.26,409176.99,R05
S504800,6/8/2026 0:00,E1096,C2439,P3043,8,61740.42,512471.98,R03
S504801,2/22/2026 0:00,E1117,C2331,P3006,4,23219.92,94113.01,R05
S504802,4/16/2026 0:00,E1055,C2013,P3023,6,72228.78,432631.78,R04
S504803,6/2/2026 0:00,E1031,C2142,P3040,9,17956.07,151601.97,R04
S504804,2/13/2026 0:00,E1004,C2188,P3002,7,7831.21,55080.87,R04
S504805,5/20/2026 0:00,E1045,C2281,P3015,2,13790.91,28492.42,R02
S504806,3/31/2026 0:00,E1008,C2115,P3023,11,72228.78,742570.81,R06
S504807,4/11/2026 0:00,E1051,C2428,P3022,2,19428.07,39086.11,R06
S504808,8/28/2026 0:00,E1075,C2236,P3009,3,23520.25,67671.58,R05
S504809,4/7/2026 0:00,E1119,C2338,P3047,8,46883.48,344242.93,R06
S504810,8/8/2026 0:00,E1043,C2010,P3040,10,17956.07,182167.76,R01
S504811,1/9/2026 0:00,E1108,C2199,P3030,9,45220.48,376489.2,R05
S504812,1/12/2026 0:00,E1079,C2252,P3016,3,51163.56,143964.2,R02
S504813,3/10/2026 0:00,E1081,C2050,P3059,9,17588.05,161053.28,R06
S504814,7/1/2026 0:00,E1056,C2428,P3046,10,7391.26,74749.28,R06
S504815,9/1/2026 0:00,E1071,C2142,P3047,8,46883.48,351861.44,R05
S504816,7/1/2026 0:00,E1095,C2271,P3052,5,64744.08,337039.78,R05
S504817,1/28/2026 0:00,E1101,C2016,P3030,11,45220.48,463746,R01
S504818,2/25/2026 0:00,E1093,C2002,P3045,10,50149.35,526088.41,R05
S504819,4/9/2026 0:00,E1028,C2158,P3009,3,23520.25,71314.69,R04
S504820,7/16/2026 0:00,E1009,C2030,P3001,11,26533.8,279868.91,R04
S504821,8/14/2026 0:00,E1033,C2082,P3059,7,17588.05,113211.93,R01
S504822,4/20/2026 0:00,E1086,C2031,P3038,9,67526.73,576184.55,R02
S504823,8/14/2026 0:00,E1066,C2236,P3008,6,40552.31,226053.36,R04
S504824,3/18/2026 0:00,E1011,C2333,P3059,3,17588.05,52409.36,R01
S504825,4/13/2026 0:00,E1014,C2148,P3059,5,17588.05,83853.51,R02
S504826,4/16/2026 0:00,E1065,C2177,P3052,7,64744.08,427942.68,R02
S504827,4/19/2026 0:00,E1095,C2370,P3018,8,39505.96,320336.44,R05
S504828,4/22/2026 0:00,E1036,C2035,P3027,4,3495.09,13065.9,R05
S504829,2/27/2026 0:00,E1063,C2023,P3018,2,39505.96,78066.42,R05
S504830,3/19/2026 0:00,E1056,C2106,P3032,10,66344.43,616465.42,R06
S504831,3/16/2026 0:00,E1009,C2097,P3058,2,41115.63,82824.95,R04
S504832,2/11/2026 0:00,E1030,C2230,P3049,3,44098.98,131472.49,R01
S504833,6/15/2026 0:00,E1097,C2227,P3032,8,66344.43,541223.54,R04
S504834,3/9/2026 0:00,E1043,C2371,P3053,1,16451.3,14975.2,R01
S504835,6/30/2026 0:00,E1031,C2100,P3048,7,34019.63,221828.76,R04
S504836,2/2/2026 0:00,E1088,C2445,P3045,6,50149.35,277777.97,R04
S504837,3/12/2026 0:00,E1022,C2055,P3054,2,7404.66,13751.7,R01
S504838,2/25/2026 0:00,E1078,C2195,P3036,9,30974.38,255200.05,R01
S504839,4/15/2026 0:00,E1012,C2008,P3036,5,30974.38,152442.31,R06
S504840,7/19/2026 0:00,E1003,C2424,P3021,2,42656.59,84375.99,R05
S504841,4/11/2026 0:00,E1052,C2315,P3046,3,7391.26,22761.91,R05
S504842,2/20/2026 0:00,E1043,C2128,P3032,7,66344.43,447070.24,R01
S504843,3/15/2026 0:00,E1068,C2032,P3031,7,61484.37,421721.54,R05
S504844,6/20/2026 0:00,E1100,C2093,P3037,10,63029.63,660988.96,R01
S504845,5/1/2026 0:00,E1004,C2007,P3016,1,51163.56,50128.87,R04
S504846,5/23/2026 0:00,E1082,C2258,P3046,10,7391.26,72880.51,R04
S504847,6/15/2026 0:00,E1053,C2341,P3046,11,7391.26,85319.26,R06
S504848,5/23/2026 0:00,E1070,C2390,P3014,11,9360.99,108028.76,R06
S504849,1/5/2026 0:00,E1089,C2220,P3057,4,45630.28,175878.18,R06
S504850,8/9/2026 0:00,E1116,C2240,P3024,6,36395.04,217331.24,R06
S504851,3/24/2026 0:00,E1086,C2106,P3025,8,60497.94,470490.24,R02
S504852,7/1/2026 0:00,E1026,C2036,P3046,3,7391.26,22353.55,R05
S504853,2/20/2026 0:00,E1031,C2416,P3051,3,55331.31,172759.51,R04
S504854,1/10/2026 0:00,E1084,C2045,P3035,8,45920.83,347693.75,R01
S504855,5/20/2026 0:00,E1108,C2298,P3017,8,13812.52,113023.02,R05
S504856,9/3/2026 0:00,E1012,C2309,P3046,8,7391.26,59025.26,R06
S504857,1/4/2026 0:00,E1095,C2366,P3042,1,20791.75,19586.4,R05
S504858,4/5/2026 0:00,E1018,C2009,P3045,8,50149.35,409056.19,R04
S504859,5/26/2026 0:00,E1027,C2087,P3054,8,7404.66,57108.88,R02
S504860,3/21/2026 0:00,E1024,C2370,P3004,2,19444.05,35701.59,R02
S504861,8/20/2026 0:00,E1058,C2331,P3011,9,53782.26,507764.34,R02
S504862,2/5/2026 0:00,E1054,C2177,P3047,7,46883.48,316319.49,R06
S504863,1/25/2026 0:00,E1050,C2130,P3015,8,13790.91,108256.75,R02
S504864,8/3/2026 0:00,E1021,C2195,P3030,2,45220.48,92357.79,R04
S504865,7/23/2026 0:00,E1111,C2011,P3024,4,36395.04,152004.82,R02
S504866,4/8/2026 0:00,E1003,C2306,P3002,7,7831.21,56514.18,R05
S504867,6/13/2026 0:00,E1090,C2419,P3043,6,61740.42,362573.57,R03
S504868,4/11/2026 0:00,E1032,C2122,P3034,7,16100.35,110657.4,R02
S504869,7/14/2026 0:00,E1028,C2399,P3023,1,72228.78,68049.12,R04
S504870,1/9/2026 0:00,E1003,C2235,P3031,8,61484.37,476833.64,R05
S504871,3/2/2026 0:00,E1080,C2331,P3037,7,63029.63,459749.52,R01
S504872,2/22/2026 0:00,E1005,C2031,P3013,4,31162.8,125778.19,R02
S504873,5/26/2026 0:00,E1115,C2348,P3033,1,17298.96,15599.88,R04
S504874,6/20/2026 0:00,E1014,C2446,P3007,8,60276.19,442415.67,R02
S504875,6/12/2026 0:00,E1102,C2412,P3032,10,66344.43,689034.47,R04
S504876,3/4/2026 0:00,E1036,C2224,P3007,7,60276.19,433455.44,R05
S504877,5/1/2026 0:00,E1110,C2153,P3042,8,20791.75,161830.45,R01
S504878,9/4/2026 0:00,E1120,C2212,P3038,10,67526.73,670234.36,R04
S504879,8/14/2026 0:00,E1074,C2092,P3052,1,64744.08,61082.6,R05
S504880,4/15/2026 0:00,E1068,C2409,P3044,5,31924.43,162642.94,R05
S504881,7/25/2026 0:00,E1007,C2331,P3013,9,31162.8,277800.11,R01
S504882,1/4/2026 0:00,E1032,C2348,P3024,5,36395.04,182743.84,R02
S504883,4/3/2026 0:00,E1120,C2129,P3028,10,47578.07,454958.86,R04
S504884,6/18/2026 0:00,E1011,C2443,P3032,3,66344.43,191980.68,R01
S504885,6/22/2026 0:00,E1110,C2197,P3043,9,61740.42,517407.61,R01
S504886,6/27/2026 0:00,E1022,C2042,P3018,9,39505.96,370560.81,R01
S504887,7/26/2026 0:00,E1108,C2366,P3034,4,16100.35,67105.2,R05
S504888,1/28/2026 0:00,E1076,C2418,P3048,4,34019.63,139162.42,R05
S504889,6/19/2026 0:00,E1024,C2228,P3034,11,16100.35,184247.03,R02
S504890,3/21/2026 0:00,E1004,C2194,P3051,8,55331.31,442561.6,R04
S504891,3/17/2026 0:00,E1033,C2018,P3038,7,67526.73,442055.94,R01
S504892,4/26/2026 0:00,E1021,C2333,P3001,11,26533.8,295967.22,R04
S504893,3/10/2026 0:00,E1076,C2243,P3043,5,61740.42,292893.91,R05
S504894,4/8/2026 0:00,E1030,C2389,P3050,6,12809.06,74246.86,R01
S504895,8/22/2026 0:00,E1107,C2276,P3042,3,20791.75,58704.62,R03
S504896,1/1/2026 0:00,E1054,C2450,P3031,6,61484.37,355457.11,R06
S504897,6/16/2026 0:00,E1117,C2127,P3050,8,12809.06,102666.93,R05
S504898,4/6/2026 0:00,E1048,C2075,P3060,10,29470.22,270121.56,R04
S504899,8/6/2026 0:00,E1035,C2062,P3001,11,26533.8,267290.66,R06
S504900,1/17/2026 0:00,E1103,C2288,P3051,9,55331.31,499259.36,R02
S504901,4/22/2026 0:00,E1086,C2186,P3016,3,51163.56,156090.38,R02
S504902,4/1/2026 0:00,E1063,C2178,P3058,8,41115.63,323241.22,R05
S504903,3/29/2026 0:00,E1074,C2166,P3039,3,26668.25,74184.1,R05
S504904,6/12/2026 0:00,E1073,C2183,P3015,2,13790.91,26605.8,R01
S504905,6/23/2026 0:00,E1072,C2028,P3033,5,17298.96,87682.06,R02
S504906,6/19/2026 0:00,E1012,C2330,P3023,4,72228.78,289741.41,R06
S504907,9/3/2026 0:00,E1110,C2247,P3053,5,16451.3,75386.42,R01
S504908,6/16/2026 0:00,E1084,C2337,P3041,6,58594.28,367516.95,R01
S504909,3/31/2026 0:00,E1117,C2022,P3034,3,16100.35,45089.25,R05
S504910,2/18/2026 0:00,E1108,C2427,P3017,1,13812.52,12887.89,R05
S504911,7/9/2026 0:00,E1095,C2420,P3025,4,60497.94,234484.83,R05
S504912,2/7/2026 0:00,E1091,C2096,P3056,6,48237.37,274688.61,R01
S504913,5/31/2026 0:00,E1065,C2122,P3042,2,20791.75,43562.79,R02
S504914,5/30/2026 0:00,E1022,C2250,P3006,2,23219.92,42328.68,R01
S504915,5/12/2026 0:00,E1112,C2379,P3031,1,61484.37,58162.12,R02
S504916,6/26/2026 0:00,E1004,C2308,P3005,9,21544.25,185639.8,R04
S504917,2/28/2026 0:00,E1084,C2420,P3040,3,17956.07,52468.65,R01
S504918,7/20/2026 0:00,E1090,C2412,P3040,2,17956.07,32409.3,R03
S504919,3/9/2026 0:00,E1113,C2334,P3030,4,45220.48,165028.4,R06
S504920,7/18/2026 0:00,E1104,C2442,P3005,6,21544.25,121337.83,R04
S504921,8/3/2026 0:00,E1011,C2420,P3012,1,20628.64,20280.02,R01
S504922,5/10/2026 0:00,E1028,C2326,P3007,9,60276.19,550712.9,R04
S504923,2/18/2026 0:00,E1013,C2137,P3045,9,50149.35,452686.58,R05
S504924,8/4/2026 0:00,E1008,C2277,P3013,8,31162.8,245576.26,R06
S504925,8/20/2026 0:00,E1018,C2320,P3049,6,44098.98,253900.3,R04
S504926,9/4/2026 0:00,E1067,C2332,P3004,4,19444.05,80156.48,R01
S504927,5/6/2026 0:00,E1066,C2061,P3050,2,12809.06,24823.08,R04
S504928,8/11/2026 0:00,E1116,C2250,P3042,8,20791.75,157166.99,R06
S504929,8/27/2026 0:00,E1027,C2095,P3003,7,36568.91,254548.94,R02
S504930,6/8/2026 0:00,E1016,C2296,P3012,4,20628.64,82829.54,R02
S504931,4/21/2026 0:00,E1117,C2184,P3001,3,26533.8,76399.08,R05
S504932,6/17/2026 0:00,E1034,C2260,P3027,6,3495.09,18962.01,R06
S504933,2/17/2026 0:00,E1064,C2287,P3043,1,61740.42,56438.14,R02
S504934,2/20/2026 0:00,E1103,C2155,P3050,2,12809.06,26305.71,R02
S504935,2/12/2026 0:00,E1049,C2186,P3013,7,31162.8,198175.94,R04
S504936,4/8/2026 0:00,E1097,C2409,P3017,11,13812.52,150236.47,R04
S504937,7/2/2026 0:00,E1036,C2069,P3008,3,40552.31,112843.66,R05
S504938,8/4/2026 0:00,E1067,C2326,P3032,1,66344.43,61988.18,R01
S504939,6/26/2026 0:00,E1074,C2261,P3020,2,8239.05,15505.89,R05
S504940,5/4/2026 0:00,E1078,C2115,P3051,10,55331.31,501159.86,R01
S504941,8/6/2026 0:00,E1120,C2347,P3017,10,13812.52,127984.78,R04
S504942,3/21/2026 0:00,E1085,C2008,P3034,9,16100.35,144551.76,R02
S504943,7/4/2026 0:00,E1026,C2265,P3035,7,45920.83,313347.81,R05
S504944,4/21/2026 0:00,E1059,C2271,P3035,7,45920.83,327745.94,R01
S504945,7/24/2026 0:00,E1033,C2249,P3038,10,67526.73,613943.79,R01
S504946,5/23/2026 0:00,E1065,C2105,P3042,8,20791.75,171878.7,R02
S504947,1/27/2026 0:00,E1013,C2263,P3024,8,36395.04,305561.05,R05
S504948,7/15/2026 0:00,E1065,C2224,P3054,9,7404.66,60135.09,R02
S504949,7/27/2026 0:00,E1079,C2328,P3018,2,39505.96,82578.99,R02
S504950,7/11/2026 0:00,E1094,C2371,P3050,8,12809.06,95850.65,R04
S504951,8/10/2026 0:00,E1002,C2271,P3046,8,7391.26,59359.59,R06
S504952,8/24/2026 0:00,E1053,C2165,P3048,5,34019.63,160550.97,R06
S504953,6/7/2026 0:00,E1072,C2083,P3039,5,26668.25,130444,R02
S504954,6/13/2026 0:00,E1009,C2295,P3033,4,17298.96,67574.08,R04
S504955,7/14/2026 0:00,E1070,C2134,P3049,5,44098.98,210388.7,R06
S504956,8/2/2026 0:00,E1006,C2211,P3023,2,72228.78,145560.06,R02
S504957,4/23/2026 0:00,E1091,C2313,P3025,2,60497.94,119779.32,R01
S504958,3/27/2026 0:00,E1088,C2092,P3037,5,63029.63,307660.72,R04
S504959,4/24/2026 0:00,E1094,C2337,P3027,11,3495.09,40269.33,R04
S504960,8/30/2026 0:00,E1041,C2403,P3001,3,26533.8,82865.17,R01
S504961,9/4/2026 0:00,E1024,C2127,P3021,1,42656.59,44504.28,R02
S504962,5/4/2026 0:00,E1070,C2191,P3059,9,17588.05,163389.24,R06
S504963,2/18/2026 0:00,E1054,C2159,P3049,2,44098.98,82753.79,R06
S504964,3/17/2026 0:00,E1005,C2331,P3010,10,45872.45,436933.44,R02
S504965,2/24/2026 0:00,E1049,C2335,P3031,2,61484.37,114933.74,R04
S504966,8/1/2026 0:00,E1022,C2010,P3044,4,31924.43,133817.83,R01
S504967,2/25/2026 0:00,E1103,C2107,P3025,2,60497.94,111667.01,R02
S504968,7/15/2026 0:00,E1058,C2087,P3020,7,8239.05,55076.71,R02
S504969,4/5/2026 0:00,E1107,C2067,P3057,10,45630.28,424296.2,R03
S504970,2/13/2026 0:00,E1068,C2062,P3002,1,7831.21,7310.58,R05
S504971,6/8/2026 0:00,E1061,C2387,P3055,11,2016.98,20790.41,R03
S504972,7/5/2026 0:00,E1008,C2146,P3048,2,34019.63,67763.74,R06
S504973,3/28/2026 0:00,E1051,C2153,P3015,11,13790.91,138260.51,R06
S504974,9/3/2026 0:00,E1017,C2107,P3028,5,47578.07,234531.21,R02
S504975,6/30/2026 0:00,E1018,C2148,P3013,2,31162.8,63752.42,R04
S504976,3/25/2026 0:00,E1086,C2186,P3050,9,12809.06,117008.29,R02
S504977,7/26/2026 0:00,E1089,C2349,P3060,4,29470.22,108765.83,R06
S504978,5/31/2026 0:00,E1100,C2342,P3052,9,64744.08,604378.73,R01
S504979,6/5/2026 0:00,E1077,C2178,P3054,11,7404.66,82714.86,R05
S504980,1/16/2026 0:00,E1035,C2377,P3014,1,9360.99,8432.34,R06
S504981,6/14/2026 0:00,E1034,C2335,P3050,1,12809.06,12944.91,R06
S504982,5/29/2026 0:00,E1027,C2266,P3002,1,7831.21,7914.32,R02
S504983,7/26/2026 0:00,E1068,C2149,P3034,4,16100.35,62760.61,R05
S504984,5/25/2026 0:00,E1065,C2247,P3035,9,45920.83,374809.32,R02
S504985,8/30/2026 0:00,E1089,C2254,P3037,8,63029.63,497674.84,R06
S504986,2/6/2026 0:00,E1043,C2029,P3025,7,60497.94,429779.43,R01
S504987,3/18/2026 0:00,E1088,C2352,P3048,1,34019.63,31999.92,R04
S504988,5/27/2026 0:00,E1060,C2266,P3054,3,7404.66,22215.32,R02
S504989,6/7/2026 0:00,E1100,C2013,P3015,9,13790.91,118295.67,R01
S504990,2/14/2026 0:00,E1081,C2047,P3012,9,20628.64,183073.07,R06
S504991,5/26/2026 0:00,E1011,C2151,P3009,5,23520.25,112624.94,R01
S504992,7/25/2026 0:00,E1016,C2050,P3058,6,41115.63,233264.81,R02
S504993,3/3/2026 0:00,E1044,C2215,P3031,11,61484.37,695527.11,R06
S504994,6/13/2026 0:00,E1095,C2132,P3014,6,9360.99,56900.35,R05
S504995,4/10/2026 0:00,E1059,C2372,P3029,10,71367.4,679287.31,R01
S504996,7/31/2026 0:00,E1089,C2113,P3053,4,16451.3,63514.83,R06
S504997,2/21/2026 0:00,E1018,C2252,P3048,1,34019.63,34147.39,R04
S504998,1/19/2026 0:00,E1062,C2023,P3043,5,61740.42,315389.15,R02
S504999,4/19/2026 0:00,E1010,C2341,P3038,1,67526.73,67705.76,R05
S505000,2/13/2026 0:00,E1116,C2053,P3042,1,20791.75,20399.61,R06
S505001,1/7/2026 0:00,E1037,C2130,P3060,11,29470.22,338163.01,R02
S505002,6/21/2026 0:00,E1075,C2324,P3008,5,40552.31,206030.38,R05
S505003,4/27/2026 0:00,E1082,C2193,P3048,5,34019.63,156037.63,R04
S505004,3/9/2026 0:00,E1037,C2079,P3003,7,36568.91,251815.2,R02
S505005,2/3/2026 0:00,E1050,C2057,P3002,2,7831.21,15058.38,R02
S505006,7/13/2026 0:00,E1053,C2097,P3016,6,51163.56,312887.79,R06
S505007,3/10/2026 0:00,E1099,C2198,P3019,2,53251.21,96565.69,R01
S505008,2/24/2026 0:00,E1097,C2135,P3030,10,45220.48,434844,R04
S505009,1/10/2026 0:00,E1072,C2147,P3041,5,58594.28,277661.14,R02
S505010,8/12/2026 0:00,E1076,C2172,P3016,4,51163.56,188522.96,R05
S505011,2/11/2026 0:00,E1082,C2063,P3031,11,61484.37,647124.64,R04
S505012,2/10/2026 0:00,E1070,C2065,P3054,10,7404.66,74114.73,R06
S505013,7/24/2026 0:00,E1120,C2295,P3058,5,41115.63,196173.3,R04
S505014,8/19/2026 0:00,E1023,C2211,P3028,2,47578.07,93919.2,R02
S505015,7/16/2026 0:00,E1079,C2109,P3004,8,19444.05,153829.15,R02
S505016,5/2/2026 0:00,E1082,C2282,P3010,8,45872.45,362600.31,R04
S505017,5/18/2026 0:00,E1118,C2172,P3051,6,55331.31,325158.8,R02
S505018,1/10/2026 0:00,E1095,C2012,P3045,3,50149.35,138043.34,R05
S505019,4/12/2026 0:00,E1007,C2406,P3018,4,39505.96,147399.64,R01
S505020,8/7/2026 0:00,E1027,C2333,P3047,1,46883.48,47821.62,R02
S505021,7/7/2026 0:00,E1077,C2220,P3032,9,66344.43,582384.24,R05
S505022,5/8/2026 0:00,E1090,C2398,P3030,10,45220.48,454877.98,R03
S505023,6/28/2026 0:00,E1095,C2342,P3036,5,30974.38,152624.15,R05
S505024,5/29/2026 0:00,E1004,C2286,P3009,8,23520.25,170437.81,R04
S505025,5/16/2026 0:00,E1054,C2172,P3036,3,30974.38,94728.83,R06
S505026,7/12/2026 0:00,E1076,C2236,P3029,4,71367.4,259677.03,R05
S505027,4/2/2026 0:00,E1062,C2166,P3016,4,51163.56,213142.5,R02
S505028,4/23/2026 0:00,E1065,C2187,P3028,8,47578.07,354858.77,R02
S505029,8/19/2026 0:00,E1067,C2170,P3021,9,42656.59,375026,R01
S505030,3/19/2026 0:00,E1054,C2052,P3047,3,46883.48,127926.95,R06
S505031,3/26/2026 0:00,E1109,C2319,P3056,7,48237.37,349223.07,R02
S505032,1/30/2026 0:00,E1092,C2189,P3002,9,7831.21,73792.86,R05
S505033,8/1/2026 0:00,E1078,C2120,P3060,2,29470.22,54339.78,R01
S505034,2/18/2026 0:00,E1015,C2105,P3059,4,17588.05,66438.37,R02
S505035,1/9/2026 0:00,E1091,C2162,P3046,3,7391.26,20009.2,R01
S505036,5/25/2026 0:00,E1074,C2295,P3035,8,45920.83,373995.71,R05
S505037,3/10/2026 0:00,E1109,C2041,P3054,4,7404.66,28040.55,R02
S505038,2/27/2026 0:00,E1070,C2377,P3028,9,47578.07,423203.63,R06
S505039,7/4/2026 0:00,E1029,C2364,P3055,1,2016.98,1827.15,R04
S505040,3/3/2026 0:00,E1073,C2165,P3036,1,30974.38,31201.08,R01
S505041,8/11/2026 0:00,E1011,C2321,P3031,4,61484.37,240873.77,R01
S505042,2/21/2026 0:00,E1117,C2374,P3033,3,17298.96,52350.82,R05
S505043,7/8/2026 0:00,E1059,C2335,P3023,3,72228.78,220680.88,R01
S505044,2/9/2026 0:00,E1102,C2160,P3060,10,29470.22,269176.99,R04
S505045,6/15/2026 0:00,E1068,C2264,P3041,2,58594.28,115631.57,R05
S505046,6/20/2026 0:00,E1092,C2353,P3017,10,13812.52,137778.73,R05
S505047,3/4/2026 0:00,E1119,C2018,P3046,10,7391.26,72250.14,R06
S505048,5/27/2026 0:00,E1052,C2173,P3049,2,44098.98,81791.38,R05
S505049,8/16/2026 0:00,E1015,C2352,P3001,8,26533.8,216375.62,R02
S505050,2/19/2026 0:00,E1017,C2033,P3042,1,20791.75,21823.41,R02
S505051,6/10/2026 0:00,E1056,C2261,P3023,8,72228.78,604058.27,R06
S505052,5/21/2026 0:00,E1045,C2210,P3048,10,34019.63,345853.57,R02
S505053,3/19/2026 0:00,E1044,C2383,P3027,3,3495.09,10094.34,R06
S505054,9/5/2026 0:00,E1083,C2330,P3025,2,60497.94,115018.09,R02
S505055,4/7/2026 0:00,E1112,C2382,P3032,9,66344.43,543529.19,R02
S505056,7/9/2026 0:00,E1023,C2164,P3019,5,53251.21,256256.26,R02
S505057,8/9/2026 0:00,E1070,C2407,P3024,5,36395.04,168037.23,R06
S505058,2/12/2026 0:00,E1020,C2424,P3057,6,45630.28,256848.34,R02
S505059,6/26/2026 0:00,E1068,C2005,P3003,4,36568.91,151217.27,R05
S505060,2/5/2026 0:00,E1041,C2034,P3060,7,29470.22,215632.18,R01
S505061,5/2/2026 0:00,E1075,C2280,P3012,7,20628.64,150506.29,R05
S505062,4/18/2026 0:00,E1020,C2145,P3035,11,45920.83,469266.66,R02
S505063,1/10/2026 0:00,E1017,C2351,P3015,9,13790.91,128478.97,R02
S505064,4/5/2026 0:00,E1056,C2071,P3017,6,13812.52,76346.7,R06
S505065,1/6/2026 0:00,E1026,C2348,P3050,1,12809.06,12503.55,R05
S505066,2/26/2026 0:00,E1114,C2230,P3032,9,66344.43,595039.58,R05
S505067,5/9/2026 0:00,E1019,C2125,P3007,10,60276.19,584299.32,R03
S505068,3/12/2026 0:00,E1024,C2278,P3019,9,53251.21,499761.57,R02
S505069,7/5/2026 0:00,E1119,C2271,P3007,5,60276.19,286306.45,R06
S505070,8/7/2026 0:00,E1087,C2357,P3005,7,21544.25,147658.83,R05
S505071,1/21/2026 0:00,E1012,C2015,P3058,1,41115.63,37469.39,R06
S505072,4/2/2026 0:00,E1041,C2242,P3040,4,17956.07,73823.41,R01
S505073,5/7/2026 0:00,E1107,C2153,P3021,10,42656.59,410358.32,R03
S505074,3/21/2026 0:00,E1070,C2053,P3048,4,34019.63,136769.77,R06
S505075,2/25/2026 0:00,E1026,C2149,P3048,5,34019.63,170495.64,R05
S505076,8/26/2026 0:00,E1065,C2358,P3051,6,55331.31,332465.73,R02
S505077,8/3/2026 0:00,E1098,C2450,P3057,4,45630.28,178148.05,R03
S505078,4/26/2026 0:00,E1031,C2219,P3047,6,46883.48,264880.73,R04
S505079,5/28/2026 0:00,E1047,C2113,P3007,10,60276.19,599003.19,R02
S505080,8/18/2026 0:00,E1092,C2288,P3037,7,63029.63,460739.1,R05
S505081,7/1/2026 0:00,E1063,C2277,P3023,3,72228.78,222123.52,R05
S505082,1/25/2026 0:00,E1102,C2428,P3011,9,53782.26,443533.54,R04
S505083,6/5/2026 0:00,E1053,C2083,P3010,8,45872.45,331558.04,R06
S505084,1/5/2026 0:00,E1100,C2450,P3057,1,45630.28,44482.48,R01
S505085,4/30/2026 0:00,E1010,C2218,P3021,2,42656.59,86710.13,R05
S505086,1/21/2026 0:00,E1078,C2226,P3055,2,2016.98,3820.5,R01
S505087,1/18/2026 0:00,E1003,C2270,P3059,10,17588.05,176792.57,R05
S505088,6/24/2026 0:00,E1104,C2015,P3041,9,58594.28,548330.76,R04
S505089,7/17/2026 0:00,E1006,C2404,P3033,9,17298.96,150840.51,R02
S505090,2/26/2026 0:00,E1064,C2290,P3020,9,8239.05,69452.02,R02
S505091,4/3/2026 0:00,E1071,C2420,P3033,1,17298.96,17950.5,R05
S505092,1/19/2026 0:00,E1054,C2339,P3040,7,17956.07,122027.25,R06
S505093,5/8/2026 0:00,E1088,C2265,P3035,11,45920.83,485517.94,R04
S505094,4/7/2026 0:00,E1006,C2199,P3034,3,16100.35,46031.11,R02
S505095,7/12/2026 0:00,E1061,C2158,P3036,11,30974.38,328265.8,R03
S505096,8/25/2026 0:00,E1070,C2333,P3027,9,3495.09,31488.8,R06
S505097,5/11/2026 0:00,E1010,C2447,P3019,8,53251.21,411124.03,R05
S505098,6/19/2026 0:00,E1095,C2419,P3043,3,61740.42,175707.11,R05
S505099,1/21/2026 0:00,E1023,C2397,P3005,1,21544.25,21792.99,R02
S505100,8/15/2026 0:00,E1028,C2207,P3029,9,71367.4,597631.42,R04
S505101,8/21/2026 0:00,E1011,C2174,P3056,10,48237.37,448747.46,R01
S505102,2/9/2026 0:00,E1082,C2184,P3010,1,45872.45,46077.29,R04
S505103,3/8/2026 0:00,E1108,C2265,P3056,3,48237.37,149054.34,R05
S505104,6/2/2026 0:00,E1108,C2246,P3059,6,17588.05,98793.66,R05
S505105,5/7/2026 0:00,E1063,C2036,P3055,6,2016.98,11238.64,R05
S505106,8/25/2026 0:00,E1053,C2373,P3040,11,17956.07,197624.59,R06
S505107,8/18/2026 0:00,E1011,C2259,P3013,10,31162.8,309484.12,R01
S505108,8/25/2026 0:00,E1007,C2019,P3029,4,71367.4,276074.18,R01
S505109,2/24/2026 0:00,E1064,C2412,P3005,2,21544.25,39399.22,R02
S505110,7/31/2026 0:00,E1115,C2023,P3058,10,41115.63,375701.39,R04
S505111,6/29/2026 0:00,E1006,C2104,P3058,6,41115.63,250789.21,R02
S505112,6/21/2026 0:00,E1072,C2241,P3059,10,17588.05,170211.06,R02
S505113,4/19/2026 0:00,E1065,C2391,P3012,5,20628.64,106102.9,R02
S505114,4/8/2026 0:00,E1058,C2361,P3059,6,17588.05,104073.07,R02
S505115,8/1/2026 0:00,E1061,C2204,P3013,7,31162.8,216571.33,R03
S505116,7/3/2026 0:00,E1065,C2253,P3022,11,19428.07,222284.72,R02
S505117,7/2/2026 0:00,E1113,C2142,P3040,9,17956.07,149434.57,R06
S505118,4/22/2026 0:00,E1091,C2302,P3015,7,13790.91,94745.97,R01
S505119,8/3/2026 0:00,E1061,C2143,P3013,4,31162.8,113273.14,R03
S505120,7/17/2026 0:00,E1053,C2023,P3001,10,26533.8,253089.67,R06
S505121,4/25/2026 0:00,E1052,C2271,P3054,5,7404.66,34143.43,R05
S505122,4/27/2026 0:00,E1005,C2307,P3038,6,67526.73,376059.9,R02
S505123,7/24/2026 0:00,E1106,C2110,P3043,9,61740.42,578012.14,R02
S505124,8/29/2026 0:00,E1050,C2008,P3045,5,50149.35,248641.07,R02
S505125,3/28/2026 0:00,E1033,C2069,P3053,5,16451.3,85038.72,R01
S505126,7/20/2026 0:00,E1053,C2190,P3052,7,64744.08,438038.78,R06
S505127,3/22/2026 0:00,E1054,C2179,P3001,2,26533.8,52518.16,R06
S505128,3/7/2026 0:00,E1101,C2063,P3011,3,53782.26,145988.85,R01
S505129,1/19/2026 0:00,E1076,C2068,P3058,2,41115.63,79799.3,R05
S505130,7/30/2026 0:00,E1035,C2206,P3043,10,61740.42,607901.42,R06
S505131,9/5/2026 0:00,E1037,C2400,P3040,10,17956.07,162056.52,R02
S505132,5/15/2026 0:00,E1072,C2408,P3022,2,19428.07,39572,R02
S505133,4/28/2026 0:00,E1045,C2006,P3035,3,45920.83,130090.97,R02
S505134,7/10/2026 0:00,E1112,C2119,P3060,6,29470.22,171140.59,R02
S505135,2/11/2026 0:00,E1017,C2313,P3051,5,55331.31,271218.74,R02
S505136,2/11/2026 0:00,E1061,C2031,P3044,11,31924.43,368316.15,R03
S505137,2/28/2026 0:00,E1055,C2006,P3006,5,23219.92,106216.93,R04
S505138,1/20/2026 0:00,E1020,C2207,P3028,2,47578.07,93566.26,R02
S505139,3/14/2026 0:00,E1100,C2157,P3031,2,61484.37,120458.84,R01
S505140,1/17/2026 0:00,E1091,C2067,P3055,1,2016.98,1836.13,R01
S505141,1/27/2026 0:00,E1097,C2387,P3008,3,40552.31,121059.69,R04
S505142,6/24/2026 0:00,E1115,C2412,P3005,11,21544.25,223485.18,R04
S505143,1/2/2026 0:00,E1043,C2330,P3042,7,20791.75,133253.42,R01
S505144,3/4/2026 0:00,E1083,C2370,P3054,11,7404.66,75488.73,R02
S505145,3/3/2026 0:00,E1049,C2353,P3048,5,34019.63,174102.34,R04
S505146,4/10/2026 0:00,E1096,C2432,P3044,7,31924.43,204614.24,R03
S505147,1/19/2026 0:00,E1105,C2336,P3017,9,13812.52,120588.16,R06
S505148,1/17/2026 0:00,E1056,C2379,P3038,6,67526.73,376511.88,R06
S505149,3/10/2026 0:00,E1057,C2394,P3009,2,23520.25,43481.79,R01
S505150,6/16/2026 0:00,E1097,C2289,P3010,1,45872.45,42700.68,R04
S505151,7/29/2026 0:00,E1020,C2023,P3020,1,8239.05,8024.15,R02
S505152,4/27/2026 0:00,E1064,C2140,P3014,10,9360.99,87587.81,R02
S505153,9/3/2026 0:00,E1101,C2441,P3014,9,9360.99,77046.47,R01
S505154,7/18/2026 0:00,E1095,C2300,P3026,6,41379.43,253294.28,R05
S505155,3/22/2026 0:00,E1061,C2013,P3029,6,71367.4,420057.05,R03
S505156,2/8/2026 0:00,E1067,C2152,P3049,4,44098.98,162906.58,R01
S505157,2/5/2026 0:00,E1070,C2428,P3027,2,3495.09,6785.47,R06
S505158,6/17/2026 0:00,E1029,C2313,P3025,10,60497.94,550685.15,R04
S505159,6/22/2026 0:00,E1019,C2352,P3016,3,51163.56,151505.2,R03
S505160,5/12/2026 0:00,E1027,C2400,P3036,3,30974.38,88374.15,R02
S505161,8/18/2026 0:00,E1106,C2109,P3034,8,16100.35,117922.73,R02
S505162,6/2/2026 0:00,E1020,C2376,P3016,6,51163.56,284739.51,R02
S505163,7/16/2026 0:00,E1057,C2356,P3033,7,17298.96,115262.76,R01
S505164,6/7/2026 0:00,E1059,C2149,P3003,9,36568.91,336018.92,R01
S505165,7/23/2026 0:00,E1007,C2367,P3023,1,72228.78,66888.43,R01
S505166,7/15/2026 0:00,E1002,C2204,P3011,2,53782.26,98577.46,R06
S505167,8/4/2026 0:00,E1009,C2307,P3048,9,34019.63,299254.28,R04
S505168,1/29/2026 0:00,E1099,C2021,P3058,5,41115.63,202248.72,R01
S505169,7/20/2026 0:00,E1053,C2060,P3018,4,39505.96,144360.5,R06
S505170,7/15/2026 0:00,E1109,C2435,P3047,1,46883.48,44195.78,R02
S505171,2/20/2026 0:00,E1087,C2021,P3041,9,58594.28,495398.9,R05
S505172,6/1/2026 0:00,E1090,C2363,P3044,11,31924.43,325861.14,R03
S505173,1/14/2026 0:00,E1026,C2382,P3029,9,71367.4,608486.41,R05
S505174,3/10/2026 0:00,E1049,C2245,P3059,4,17588.05,63708.58,R04
S505175,5/26/2026 0:00,E1057,C2390,P3050,9,12809.06,115020.14,R01
S505176,6/19/2026 0:00,E1066,C2073,P3005,10,21544.25,225842.57,R04
S505177,2/26/2026 0:00,E1109,C2449,P3024,1,36395.04,36216.96,R02
S505178,7/30/2026 0:00,E1085,C2076,P3029,5,71367.4,340480.12,R02
S505179,1/12/2026 0:00,E1095,C2186,P3029,1,71367.4,71380.71,R05
S505180,7/29/2026 0:00,E1119,C2078,P3060,4,29470.22,116198.41,R06
S505181,1/17/2026 0:00,E1011,C2390,P3026,5,41379.43,212486.21,R01
S505182,1/30/2026 0:00,E1058,C2065,P3040,11,17956.07,196189.69,R02
S505183,3/29/2026 0:00,E1013,C2342,P3003,3,36568.91,109170.42,R05
S505184,7/22/2026 0:00,E1034,C2290,P3002,2,7831.21,14616.95,R06
S505185,4/9/2026 0:00,E1073,C2056,P3025,6,60497.94,349319.01,R01
S505186,1/23/2026 0:00,E1018,C2331,P3019,11,53251.21,557448.92,R04
S505187,7/28/2026 0:00,E1063,C2259,P3040,3,17956.07,48573.71,R05
S505188,5/9/2026 0:00,E1011,C2426,P3002,10,7831.21,74160.94,R01
S505189,3/20/2026 0:00,E1032,C2190,P3019,1,53251.21,51808.6,R02
S505190,2/1/2026 0:00,E1062,C2006,P3001,11,26533.8,288946.46,R02
S505191,1/9/2026 0:00,E1072,C2006,P3027,5,3495.09,18177.71,R02
S505192,1/15/2026 0:00,E1018,C2191,P3054,2,7404.66,13859.55,R04
S505193,6/5/2026 0:00,E1052,C2148,P3045,2,50149.35,92562.09,R05
S505194,6/1/2026 0:00,E1038,C2405,P3055,4,2016.98,8313.32,R01
S505195,7/7/2026 0:00,E1084,C2258,P3052,4,64744.08,269666.12,R01
S505196,6/12/2026 0:00,E1064,C2218,P3049,4,44098.98,171667.3,R02
S505197,8/2/2026 0:00,E1092,C2090,P3035,7,45920.83,294856.61,R05
S505198,1/27/2026 0:00,E1115,C2312,P3041,1,58594.28,57001,R04
S505199,7/30/2026 0:00,E1120,C2352,P3005,8,21544.25,157948.05,R04
S505200,4/19/2026 0:00,E1082,C2010,P3038,10,67526.73,697198.52,R04
S_DUP_001,4/12/2026 0:00,E1053,C2180,P3037,7,63029.63,453494.73,R06
S505201,9/8/2026 0:00,E1082,C2010,P3038,10,67526.73,675267.3,R04
