Order_ID,Order_Date,Employee_ID,Customer_ID,Product_ID,Quantity,Region_Code,Order_Value
S500001,2026-07-06 00:00:00,E1078,C2200,P3023,4,R01,262613.73
S500002,2026-06-24 00:00:00,E1021,C2216,P3058,1,R04,37113.32
S500003,2026-08-10 00:00:00,E1067,C2205,P3006,5,R01,119781.99
S500004,2026-08-21 00:00:00,E1087,C2413,P3023,5,R05,368859
S500005,2026-06-11 00:00:00,E1051,C2416,P3028,5,R06,234363.2
S500006,2026-06-14 00:00:00,E1111,C2216,P3049,6,R02,277772.9
S500007,2026-05-14 00:00:00,E1002,C2080,P3030,11,R06,518793.58
S500008,2026-05-15 00:00:00,E1011,C2267,P3014,2,R01,18689.52
S500009,2026-08-12 00:00:00,E1049,C2390,P3037,1,R04,61118.96
S500010,2026-08-12 00:00:00,E1061,C2379,P3055,2,R03,3722.64
S500011,2026-09-02 00:00:00,E1098,C2035,P3032,10,R03,-5000
S500012,2026-06-02 00:00:00,E1064,C2289,P3049,6,R02,244395.19
S500013,2026-02-02 00:00:00,E1105,C2018,P3034,5,R06,77262.98
S500014,2026-02-24 00:00:00,E1088,C2165,P3041,5,R04,305099.6
S500015,2026-07-05 00:00:00,E1019,C2013,P3044,6,R03,182217.66
S500016,2026-01-07 00:00:00,E1114,C2202,P3051,10,R05,510662.67
S500017,2026-09-01 00:00:00,E1048,C2229,P3022,7,R04,134277.43
S500018,2026-02-26 00:00:00,E1033,C2346,P3031,9,R01,548021.97
S500019,2026-05-06 00:00:00,E1028,C2366,P3007,7,R04,392005.87
S500020,2026-01-12 00:00:00,E1094,C2448,P3041,2,R04,108925.36
S500021,2026-01-16 00:00:00,E1019,C2001,P3021,6,R03,268335.32
S500022,2026-07-27 00:00:00,E1041,C2319,P3016,9,R01,431228.46
S500023,2026-02-12 00:00:00,E1051,C2217,P3020,7,R06,59157.22
S500024,2026-04-27 00:00:00,E1095,C2034,P3043,2,R05,119844.15
S500025,2026-08-16 00:00:00,E1084,C2359,P3044,3,R01,92445.01
S500026,2026-07-24 00:00:00,E1046,C2266,P9999,8,R04,354155.69
S500027,2026-05-15 00:00:00,E1074,C2128,P3050,11,R05,143164.46
S500028,2026-08-16 00:00:00,E1056,C2212,P3019,9,R06,494644.75
S500029,2026-04-21 00:00:00,E1097,C2263,P3048,4,R04,127800.74
S500030,2026-02-20 00:00:00,E1035,C2312,P3032,9,R06,545907.21
S500031,2026-07-20 00:00:00,E1073,C2080,P3015,2,R01,25390.11
S500032,2026-06-09 00:00:00,E1037,C2165,P3005,11,R02,241470.66
S500033,2026-03-16 00:00:00,E1019,C2413,P3011,5,R03,259599.99
S500034,2026-01-08 00:00:00,E1039,C2252,P3015,11,R04,139531.73
S500035,2026-08-13 00:00:00,E1061,C2012,P3029,2,R03,135746.97
S500036,2026-08-03 00:00:00,E1010,C2401,P3050,11,R05,137678.03
S500037,2026-08-05 00:00:00,E1075,C2304,P3045,1,R05,51543.89
S500038,2026-09-05 00:00:00,E1112,C2212,P3004,5,R02,96856.79
S500039,2026-07-19 00:00:00,E1074,C2282,P3049,2,R05,81707.02
S500040,2026-02-14 00:00:00,E1053,C2112,P3036,7,R06,200300.1
S500041,2026-08-02 00:00:00,E9999,C2211,P3048,8,R05,261774.28
S500042,2026-02-28 00:00:00,E1084,C2378,P3023,2,R01,131641.13
S500043,2026-05-12 00:00:00,E1006,C2239,P3015,7,R02,97823.83
S500044,2026-04-14 00:00:00,E1015,C2268,P3046,4,R02,28388.89
S500045,2026-07-14 00:00:00,E1094,C2405,P3044,1,R04,30374.61
S500046,2026-06-06 00:00:00,E1031,C2298,P3003,11,R04,392751.14
S500047,2026-08-21 00:00:00,E1005,C2317,P3032,3,R02,200295.86
S500048,2026-06-06 00:00:00,E1041,C2058,P3010,11,R01,497230.86
S500049,2026-04-08 00:00:00,E1086,C2438,P3040,1,R02,18321.66
S500050,2026-08-14 00:00:00,E1066,C2034,P3038,5,R04,335744.38
S500051,2026-06-05 00:00:00,E1026,C2263,P3022,8,R05,158252.59
S500052,2026-07-24 00:00:00,E1029,C2365,P3014,1,R04,9403.28
S500053,2026-03-20 00:00:00,E1078,C2035,P3017,9,R01,115482.55
S500054,2026-05-04 00:00:00,E1068,C2271,P3021,3,R05,116177.76
S500055,2026-08-03 00:00:00,E1109,C2449,P3051,5,R02,286480.49
S500056,2027-12-31 00:00:00,E1080,C2227,P3048,9,R01,318989.68
S500057,2026-08-06 00:00:00,E1023,C2025,P3015,5,R02,69577.89
S500058,2026-01-04 00:00:00,E1032,C2234,P3058,9,R02,373234.44
S500059,2026-03-31 00:00:00,E1024,C2059,P3015,10,R02,129706.55
S500060,2026-04-14 00:00:00,E1050,C2251,P3001,8,R02,208315.01
S500061,2026-05-17 00:00:00,E1021,C2335,P3024,7,R04,267206.98
S500062,2026-04-29 00:00:00,E1039,C2086,P3055,11,R04,22817.36
S500063,2026-05-13 00:00:00,E1057,C2251,P3055,1,R01,1907.38
S500064,2026-02-25 00:00:00,E1070,C2390,P3012,4,R06,77989.2
S500065,2026-04-06 00:00:00,E1081,C2180,P3010,9,R06,401513.73
S500066,2026-07-31 00:00:00,E1090,C2207,P3046,10,R03,71007.08
S500067,2026-06-27 00:00:00,E1091,C2344,P3042,8,R01,158960.91
S500068,2026-03-16 00:00:00,E1002,C2149,P3042,4,R06,82671.81
S500069,2026-05-23 00:00:00,E1008,C2071,P3052,1,R06,58381.28
S500070,2026-02-01 00:00:00,E1059,C2121,P3031,10,R01,623759.51
S500071,2026-01-28 00:00:00,E1097,C2253,P3011,4,R04,217497.17
S500072,2026-01-22 00:00:00,E1013,C2093,P3054,3,R05,22759.31
S500073,2026-08-21 00:00:00,E1108,C2256,P3016,6,R05,315029.67
S500074,2026-01-17 00:00:00,E1006,C2254,P3009,11,R02,254831.55
S500075,2026-02-28 00:00:00,E1110,C2352,P3047,5,R01,238405.1
S500076,2026-03-31 00:00:00,E1052,C2288,P3014,5,R05,45581.43
S500077,2026-08-24 00:00:00,E1044,C2309,P3019,2,R06,111053.21
S500078,2026-07-18 00:00:00,E1104,C2059,P3031,3,R04,171284.04
S500079,2026-04-16 00:00:00,E1013,C2069,P3009,11,R05,268384.12
S500080,2026-07-04 00:00:00,E1105,C2446,P3036,6,R06,174468.69
S500081,2026-01-26 00:00:00,E1019,C2388,P3053,2,R03,30119.32
S500082,2026-01-25 00:00:00,E1068,C2086,P3039,4,R05,103031.79
S500083,2026-05-18 00:00:00,E1076,C2274,P3054,2,R05,14694.36
S500084,2026-02-14 00:00:00,E1081,C2227,P3026,9,R06,348076.99
S500085,2026-03-24 00:00:00,E1096,C2081,P3008,3,R03,119633.71
S500086,2026-01-11 00:00:00,E1110,C2114,P3024,10,R01,371660.33
S500087,2026-07-24 00:00:00,E1018,C2184,P3008,10,R04,380608.87
S500088,2026-06-30 00:00:00,E1070,C2280,P3019,6,R06,315369.11
S500089,2026-07-19 00:00:00,E1073,C2322,P3047,1,R01,44581.36
S500090,2026-04-14 00:00:00,E1064,C2397,P3048,11,R02,366531.51
S500091,2026-03-09 00:00:00,E1043,C2318,P3030,10,R01,452221.92
S500092,2026-08-27 00:00:00,E1097,C2054,P3058,3,R04,117495.73
S500093,2026-04-05 00:00:00,E1117,C2399,P3022,8,R05,163067.16
S500094,2026-06-05 00:00:00,E1105,C2197,P3055,5,R06,9929.25
S500095,2026-07-22 00:00:00,E1035,C2387,P3009,8,R06,192615.65
S500096,2026-08-23 00:00:00,E1072,C2293,P3058,2,R02,82952.45
S500097,2026-03-06 00:00:00,E1116,C2293,P3058,7,R06,295845.28
S500098,2026-02-18 00:00:00,E1104,C2387,P3044,9,R04,266078.35
S500099,2026-06-24 00:00:00,E1047,C2447,P3048,7,R02,222273.42
S500100,2026-02-21 00:00:00,E1060,C2291,P3004,3,R02,56763.7
S500101,2026-04-12 00:00:00,E1053,C2180,P3037,7,R06,453494.73
S500102,2026-08-04 00:00:00,E1035,C2380,P3008,8,R06,301592.72
S500103,2026-07-01 00:00:00,E1046,C2412,P3001,1,R04,27745.33
S500104,2026-07-07 00:00:00,E1016,C2222,P3028,3,R02,131192.77
S500105,2026-02-26 00:00:00,E1080,C2274,P3006,5,R01,107538.61
S500106,2026-02-16 00:00:00,E1072,C2378,P3047,6,R02,260227.24
S500107,2026-06-08 00:00:00,E1052,C2244,P3036,3,R05,91798.85
S500108,2026-08-21 00:00:00,E1103,C2420,P3053,4,R02,68281.53
S500109,2026-06-23 00:00:00,E1116,C2417,P3011,5,R06,252310.52
S500110,2026-08-30 00:00:00,E1033,C2448,P3005,3,R01,63531.12
S500111,2026-01-26 00:00:00,E1069,C2154,P3050,4,R01,47463.5
S500112,2026-08-29 00:00:00,E1004,C2304,P3024,5,R04,181005.37
S500113,2026-04-24 00:00:00,E1088,C2424,P3047,2,R04,86123.73
S500114,2026-01-05 00:00:00,E1088,C2273,P3018,10,R04,384668.2
S500115,2026-03-25 00:00:00,E1076,C2424,P3020,9,R05,74023.71
S500116,2026-02-21 00:00:00,E1053,C2135,P3028,10,R06,469533.31
S500117,2026-04-15 00:00:00,E1069,C2313,P3013,8,R01,229607.53
S500118,2026-07-22 00:00:00,E1078,C2008,P3005,6,R01,119467.95
S500119,2026-09-05 00:00:00,E1095,C2128,P3030,10,R05,452525.26
S500120,2026-02-23 00:00:00,E1050,C2373,P3001,11,R02,298099.29
S500121,2026-06-10 00:00:00,E1018,C2056,P3022,3,R04,60394.75
S500122,2026-06-27 00:00:00,E1008,C2126,P3018,11,R06,444144.14
S500123,2026-06-15 00:00:00,E1014,C2159,P3046,2,R02,15463.83
S500124,2026-06-04 00:00:00,E1068,C2059,P3005,7,R05,144964.03
S500125,2026-08-14 00:00:00,E1005,C2058,P3031,8,R02,467121.29
S500126,2026-01-15 00:00:00,E1011,C2140,P3006,10,R01,209960.93
S500127,2026-08-12 00:00:00,E1105,C2176,P3027,1,R06,3381.44
S500128,2026-03-02 00:00:00,E1090,C2415,P3056,6,R03,288760.2
S500129,2026-05-02 00:00:00,E1018,C2108,P3025,7,R04,432934.09
S500130,2026-01-21 00:00:00,E1054,C2211,P3029,9,R06,603844.19
S500131,2026-02-15 00:00:00,E1007,C2447,P3028,3,R01,139456.85
S500132,2026-07-16 00:00:00,E1085,C2074,P3016,2,R02,102255.64
S500133,2026-05-14 00:00:00,E1071,C2167,P3054,5,R05,36384.29
S500134,2026-02-07 00:00:00,E1098,C2404,P3053,10,R03,154823.7
S500135,2026-03-03 00:00:00,E1076,C2357,P3012,1,R05,21029.71
S500136,2026-03-27 00:00:00,E1010,C2304,P3020,6,R05,45776.37
S500137,2026-07-09 00:00:00,E1093,C2233,P3018,9,R05,368263.61
S500138,2026-07-29 00:00:00,E1079,C2327,P3034,10,R02,167908.86
S500139,2026-03-19 00:00:00,E1085,C2372,P3055,9,R02,17332.97
S500140,2026-07-21 00:00:00,E1022,C2182,P3053,7,R01,110141.3
S500141,2026-02-15 00:00:00,E1025,C2122,P3023,11,R03,803646.96
S500142,2026-05-21 00:00:00,E1104,C2334,P3045,7,R04,339967.61
S500143,2026-08-11 00:00:00,E1005,C2203,P3027,8,R02,25284.64
S500144,2026-08-10 00:00:00,E1025,C2029,P3049,10,R03,457739.26
S500145,2026-01-03 00:00:00,E1061,C2202,P3017,2,R03,26647.46
S500146,2026-08-10 00:00:00,E1101,C2093,P3048,6,R01,189936.55
S500147,2026-01-06 00:00:00,E1004,C2329,P3021,5,R04,209731.71
S500148,2026-04-03 00:00:00,E1070,C2356,P3050,5,R06,59743.76
S500149,2026-01-08 00:00:00,E1103,C2176,P3040,3,R02,50146.09
S500150,2026-06-21 00:00:00,E1042,C2330,P3031,3,R03,181107.08
S500151,2026-08-25 00:00:00,E1050,C2211,P3003,6,R02,210342.11
S500152,2026-08-23 00:00:00,E1056,C2184,P3017,10,R06,136184.4
S500153,2026-04-18 00:00:00,E1036,C2095,P3050,10,R05,134434.14
S500154,2026-06-10 00:00:00,E1097,C2273,P3058,7,R04,296113.5
S500155,2026-07-28 00:00:00,E1058,C2137,P3026,1,R02,37289.1
S500156,2026-08-28 00:00:00,E1110,C2237,P3023,3,R01,196660.92
S500157,2026-03-16 00:00:00,E1091,C2353,P3006,1,R01,23022.83
S500158,2026-03-18 00:00:00,E1042,C2418,P3028,10,R03,472896.71
S500159,2026-02-19 00:00:00,E1079,C2429,P3008,3,R02,125516.94
S500160,2026-01-11 00:00:00,E1070,C2265,P3055,5,R06,10028.01
S500161,2026-04-05 00:00:00,E1048,C2135,P3058,9,R04,345676.15
S500162,2026-06-05 00:00:00,E1080,C2144,P3045,3,R01,145976.35
S500163,2026-08-24 00:00:00,E1014,C2019,P3008,10,R02,414180.13
S500164,2026-03-11 00:00:00,E1028,C2231,P3019,10,R04,552973.21
S500165,2026-06-18 00:00:00,E1007,C2134,P3038,9,R01,568563.95
S500166,2026-01-16 00:00:00,E1018,C2114,P3029,1,R04,70007.19
S500167,2026-03-09 00:00:00,E1037,C2139,P3023,6,R02,400366.64
S500168,2026-04-09 00:00:00,E1106,C2125,P3047,9,R02,411212.64
S500169,2026-02-17 00:00:00,E1115,C2204,P3032,5,R04,303033.86
S500170,2026-07-03 00:00:00,E1101,C2061,P3010,11,R01,525416.22
S500171,2026-03-05 00:00:00,E1083,C2250,P3027,10,R02,34800.91
S500172,2026-07-06 00:00:00,E1107,C2298,P3049,2,R03,90679.19
S500173,2026-03-31 00:00:00,E1003,C2013,P3001,5,R05,139268.52
S500174,2026-07-09 00:00:00,E1079,C2396,P3039,1,R02,24732.13
S500175,2026-03-17 00:00:00,E1054,C2255,P3029,9,R06,644953.87
S500176,2026-05-19 00:00:00,E1068,C2085,P3059,10,R05,181692.99
S500177,2026-04-11 00:00:00,E1054,C2020,P3045,10,R06,494668.54
S500178,2026-03-30 00:00:00,E1094,C2050,P3003,9,R04,327788.72
S500179,2026-01-18 00:00:00,E1045,C2164,P3051,6,R02,319090.35
S500180,2026-01-19 00:00:00,E1092,C2092,P3047,11,R05,516344.43
S500181,2026-08-03 00:00:00,E1023,C2088,P3037,9,R02,544199.73
S500182,2026-02-24 00:00:00,E1113,C2069,P3031,3,R06,179194.9
S500183,2026-04-12 00:00:00,E1109,C2037,P3011,4,R02,196937.03
S500184,2026-04-28 00:00:00,E1057,C2253,P3022,6,R01,105048.11
S500185,2026-07-29 00:00:00,E1069,C2252,P3018,4,R01,143528.73
S500186,2026-06-03 00:00:00,E1101,C2140,P3035,1,R01,42654.86
S500187,2026-05-14 00:00:00,E1062,C2355,P3006,7,R02,157417.92
S500188,2026-01-04 00:00:00,E1060,C2381,P3003,5,R02,165135.89
S500189,2026-04-18 00:00:00,E1013,C2168,P3005,8,R05,159150.05
S500190,2026-04-25 00:00:00,E1090,C2054,P3009,9,R03,215326.72
S500191,2026-01-29 00:00:00,E1071,C2386,P3028,5,R05,241298.13
S500192,2026-02-28 00:00:00,E1086,C2178,P3019,8,R02,433873.62
S500193,2026-05-05 00:00:00,E1105,C2297,P3028,1,R06,49397.03
S500194,2026-04-08 00:00:00,E1041,C2301,P3027,1,R01,3208.01
S500195,2026-01-17 00:00:00,E1014,C2359,P3013,7,R02,201663.73
S500196,2026-04-17 00:00:00,E1043,C2106,P3038,6,R01,384915.75
S500197,2026-02-12 00:00:00,E1059,C2137,P3043,5,R01,320207.79
S500198,2026-09-02 00:00:00,E1055,C2190,P3053,5,R04,83599.06
S500199,2026-03-21 00:00:00,E1111,C2128,P3021,9,R02,364183.36
S500200,2026-07-13 00:00:00,E1013,C2342,P3027,1,R05,3191.53
S500201,2026-06-11 00:00:00,E1014,C2047,P3046,8,R02,58684.06
S500202,2026-09-04 00:00:00,E1076,C2005,P3006,2,R05,43584.85
S500203,2026-01-08 00:00:00,E1099,C2257,P3038,7,R01,463078.74
S500204,2026-05-21 00:00:00,E1059,C2300,P3049,6,R01,275513.8
S500205,2026-04-16 00:00:00,E1042,C2150,P3011,10,R03,530235.31
S500206,2026-01-08 00:00:00,E1120,C2294,P3047,2,R04,97384.04
S500207,2026-08-10 00:00:00,E1082,C2243,P3041,3,R04,168567.98
S500208,2026-04-06 00:00:00,E1047,C2275,P3053,4,R02,65476.35
S500209,2026-08-16 00:00:00,E1036,C2208,P3017,7,R05,99983.09
S500210,2026-08-27 00:00:00,E1004,C2415,P3056,8,R04,381344.62
S500211,2026-04-04 00:00:00,E1006,C2115,P3039,11,R02,291072.82
S500212,2026-03-06 00:00:00,E1092,C2195,P3007,2,R05,121450.04
S500213,2026-06-20 00:00:00,E1012,C2343,P3030,8,R06,373454.66
S500214,2026-02-08 00:00:00,E1073,C2170,P3021,11,R01,428506.65
S500215,2026-03-22 00:00:00,E1119,C2379,P3001,9,R06,226990.3
S500216,2026-07-06 00:00:00,E1058,C2082,P3025,7,R02,406399.08
S500217,2026-03-25 00:00:00,E1011,C2154,P3032,1,R01,68763.11
S500218,2026-03-29 00:00:00,E1108,C2141,P3059,6,R05,110108.35
S500219,2026-08-30 00:00:00,E1118,C2314,P3057,8,R02,335129.61
S500220,2026-03-27 00:00:00,E1035,C2146,P3008,5,R06,186107.96
S500221,2026-04-03 00:00:00,E1069,C2323,P3005,2,R01,44821.92
S500222,2026-03-27 00:00:00,E1074,C2122,P3030,5,R05,213523.37
S500223,2026-02-13 00:00:00,E1032,C2252,P3051,8,R02,414441.32
S500224,2026-05-17 00:00:00,E1077,C2343,P3008,2,R05,73427.53
S500225,2026-06-14 00:00:00,E1111,C2387,P3049,1,R02,41512.11
S500226,2026-03-15 00:00:00,E1073,C2311,P3019,4,R01,213863.03
S500227,2026-02-05 00:00:00,E1111,C2089,P3044,4,R02,123088.52
S500228,2026-04-11 00:00:00,E1068,C2058,P3059,9,R05,154735.71
S500229,2026-08-08 00:00:00,E1072,C2063,P3055,3,R02,6278.42
S500230,2026-06-05 00:00:00,E1043,C2347,P3030,4,R01,165905.52
S500231,2026-06-19 00:00:00,E1065,C2308,P3015,3,R02,37677.57
S500232,2026-06-20 00:00:00,E1033,C2382,P3036,2,R01,63670.29
S500233,2026-08-01 00:00:00,E1021,C2280,P3055,4,R04,8198.85
S500234,2026-08-04 00:00:00,E1059,C2072,P3044,8,R01,239959.37
S500235,2026-06-19 00:00:00,E1100,C2009,P3027,1,R01,3315.57
S500236,2026-04-14 00:00:00,E1052,C2366,P3013,8,R05,235975.11
S500237,2026-03-07 00:00:00,E1082,C2421,P3014,8,R04,74676.09
S500238,2026-02-24 00:00:00,E1026,C2094,P3037,3,R05,171916.16
S500239,2026-07-19 00:00:00,E1013,C2373,P3054,10,R05,72077.72
S500240,2026-06-25 00:00:00,E1073,C2339,P3048,10,R01,313008.13
S500241,2026-04-01 00:00:00,E1041,C2437,P3030,6,R01,277552.67
S500242,2026-01-22 00:00:00,E1018,C2336,P3039,4,R04,102096.67
S500243,2026-04-11 00:00:00,E1047,C2152,P3047,1,R02,45905.3
S500244,2026-06-04 00:00:00,E1012,C2405,P3013,1,R06,28183.56
S500245,2026-05-01 00:00:00,E1072,C2356,P3058,5,R02,186817.02
S500246,2026-04-03 00:00:00,E1024,C2040,P3016,8,R02,409823.48
S500247,2026-07-14 00:00:00,E1093,C2359,P3044,1,R05,32403.79
S500248,2026-04-18 00:00:00,E1112,C2062,P3007,2,R02,121336.61
S500249,2026-05-21 00:00:00,E1072,C2254,P3048,7,R02,240650.43
S500250,2026-06-22 00:00:00,E1039,C2069,P3055,8,R04,14775.48
S500251,2026-01-10 00:00:00,E1003,C2398,P3055,3,R05,6075.25
S500252,2026-08-16 00:00:00,E1088,C2245,P3027,11,R04,35649.51
S500253,2026-01-09 00:00:00,E1086,C2365,P3045,8,R02,366973.81
S500254,2026-07-01 00:00:00,E1091,C2170,P3055,1,R01,2044.36
S500255,2026-09-05 00:00:00,E1081,C2178,P3035,9,R06,427095.78
S500256,2026-09-04 00:00:00,E1115,C2189,P3015,2,R04,27788.86
S500257,2026-06-04 00:00:00,E1095,C2260,P3028,2,R05,97138.82
S500258,2026-02-03 00:00:00,E1074,C2072,P3035,4,R05,192621.94
S500259,2026-08-31 00:00:00,E1038,C2017,P3007,10,R01,554669.57
S500260,2026-05-09 00:00:00,E1051,C2370,P3050,3,R06,40147.68
S500261,2026-06-09 00:00:00,E1054,C2341,P3046,4,R06,29274.7
S500262,2026-03-30 00:00:00,E1034,C2057,P3050,6,R06,78544.23
S500263,2026-04-03 00:00:00,E1023,C2218,P3051,7,R02,386360.7
S500264,2026-03-12 00:00:00,E1116,C2107,P3046,5,R06,36420.64
S500265,2026-08-29 00:00:00,E1113,C2304,P3020,2,R06,16569.44
S500266,2026-03-08 00:00:00,E1006,C2428,P3032,3,R02,188691.28
S500267,2026-07-31 00:00:00,E1105,C2173,P3038,10,R06,701360.12
S500268,2026-05-28 00:00:00,E1019,C2219,P3040,11,R03,181180.93
S500269,2026-04-27 00:00:00,E1039,C2247,P3032,3,R04,188624.78
S500270,2026-04-04 00:00:00,E1120,C2218,P3026,5,R04,187174.55
S500271,2026-06-12 00:00:00,E1119,C2373,P3058,11,R06,425451.51
S500272,2026-04-09 00:00:00,E1038,C2417,P3039,5,R01,124371.65
S500273,2026-04-23 00:00:00,E1096,C2031,P3020,4,R03,29905.93
S500274,2026-04-13 00:00:00,E1117,C2368,P3018,8,R05,307756.52
S500275,2026-04-01 00:00:00,E1097,C2047,P3050,6,R04,74571.43
S500276,2026-03-31 00:00:00,E1066,C2134,P3015,6,R04,75435.88
S500277,2026-07-25 00:00:00,E1011,C2108,P3052,1,R01,60812.66
S500278,2026-01-17 00:00:00,E1081,C2072,P3022,6,R06,121580.67
S500279,2026-01-18 00:00:00,E1044,C2327,P3051,3,R06,152151.78
S500280,2026-06-22 00:00:00,E1050,C2418,P3022,6,R02,110244.91
S500281,2026-04-26 00:00:00,E1046,C2108,P3053,10,R04,148946.67
S500282,2026-04-03 00:00:00,E1084,C2309,P3021,11,R01,432779.42
S500283,2026-07-31 00:00:00,E1089,C2398,P3002,6,R06,47217.95
S500284,2026-06-30 00:00:00,E1099,C2272,P3040,2,R01,34296.36
S500285,2026-04-01 00:00:00,E1017,C2171,P3053,1,R02,15921.76
S500286,2026-03-23 00:00:00,E1056,C2116,P3043,11,R06,627221.81
S500287,2026-03-09 00:00:00,E1104,C2329,P3018,3,R04,118792.96
S500288,2026-07-12 00:00:00,E1036,C2074,P3023,5,R05,365740.63
S500289,2026-04-24 00:00:00,E1100,C2256,P3013,4,R01,115572.46
S500290,2026-01-01 00:00:00,E1029,C2081,P3041,7,R04,371912.14
S500291,2026-02-27 00:00:00,E1003,C2268,P3009,4,R05,85815.15
S500292,2026-06-03 00:00:00,E1096,C2128,P3049,8,R03,352282.71
S500293,2026-04-19 00:00:00,E1014,C2326,P3007,7,R02,388316.46
S500294,2026-05-28 00:00:00,E1043,C2403,P3041,10,R01,570759.75
S500295,2026-04-26 00:00:00,E1082,C2235,P3054,9,R04,61503.6
S500296,2026-03-28 00:00:00,E1061,C2041,P3001,1,R03,24557.62
S500297,2026-01-10 00:00:00,E1071,C2181,P3002,5,R05,35266.06
S500298,2026-02-28 00:00:00,E1094,C2157,P3004,4,R04,73741.45
S500299,2026-07-22 00:00:00,E1055,C2059,P3014,6,R04,51305.88
S500300,2026-02-10 00:00:00,E1105,C2345,P3032,1,R06,63630.56
S500301,2026-04-15 00:00:00,E1047,C2249,P3036,6,R02,183926.05
S500302,2026-05-13 00:00:00,E1021,C2192,P3002,1,R04,7479.82
S500303,2026-05-02 00:00:00,E1025,C2024,P3040,1,R03,18059.54
S500304,2026-07-12 00:00:00,E1063,C2400,P3050,8,R05,103621.99
S500305,2026-05-25 00:00:00,E1093,C2436,P3051,2,R05,111159.6
S500306,2026-01-22 00:00:00,E1096,C2080,P3014,10,R03,97401.76
S500307,2026-04-08 00:00:00,E1060,C2134,P3020,6,R02,46250.44
S500308,2026-09-05 00:00:00,E1111,C2421,P3025,6,R02,337004.43
S500309,2026-08-25 00:00:00,E1028,C2213,P3042,6,R04,123684.72
S500310,2026-06-18 00:00:00,E1027,C2388,P3049,8,R02,348992.82
S500311,2026-08-09 00:00:00,E1008,C2348,P3008,4,R06,158399.72
S500312,2026-03-09 00:00:00,E1044,C2166,P3028,3,R06,128553.99
S500313,2026-07-16 00:00:00,E1049,C2425,P3046,6,R04,43606.32
S500314,2026-05-19 00:00:00,E1055,C2348,P3021,4,R04,177437.71
S500315,2026-02-25 00:00:00,E1061,C2337,P3023,2,R03,137261.65
S500316,2026-06-28 00:00:00,E1039,C2398,P3032,6,R04,416035.26
S500317,2026-05-29 00:00:00,E1071,C2071,P3008,10,R05,386671.75
S500318,2026-04-09 00:00:00,E1089,C2214,P3031,5,R06,283128.81
S500319,2026-03-17 00:00:00,E1094,C2435,P3037,11,R04,665426.85
S500320,2026-01-26 00:00:00,E1100,C2065,P3016,9,R01,448588.04
S500321,2026-04-25 00:00:00,E1055,C2221,P3040,11,R04,196414.56
S500322,2026-05-27 00:00:00,E1016,C2308,P3042,6,R02,121723.02
S500323,2026-04-19 00:00:00,E1098,C2286,P3027,3,R03,10280.89
S500324,2026-07-07 00:00:00,E1027,C2185,P3040,11,R02,178478.14
S500325,2026-07-18 00:00:00,E1050,C2207,P3041,5,R02,274819.78
S500326,2026-02-16 00:00:00,E1097,C2099,P3018,10,R04,373965.19
S500327,2026-09-04 00:00:00,E1020,C2242,P3035,8,R02,385023.49
S500328,2026-03-12 00:00:00,E1010,C2158,P3049,9,R05,374797.96
S500329,2026-06-03 00:00:00,E1066,C2098,P3052,8,R04,535815.18
S500330,2026-02-09 00:00:00,E1095,C2042,P3015,3,R05,39126.62
S500331,2026-05-13 00:00:00,E1056,C2139,P3053,9,R06,135390.07
S500332,2026-05-29 00:00:00,E1053,C2283,P3027,3,R06,9826.19
S500333,2026-07-25 00:00:00,E1041,C2408,P3017,8,R01,103972.28
S500334,2026-05-12 00:00:00,E1005,C2227,P3040,10,R02,187952.88
S500335,2026-01-23 00:00:00,E1004,C2423,P3002,9,R04,70561.5
S500336,2026-04-16 00:00:00,E1066,C2072,P3049,7,R04,320964.06
S500337,2026-03-25 00:00:00,E1030,C2243,P3050,4,R01,52529.92
S500338,2026-05-23 00:00:00,E1118,C2018,P3031,10,R02,606721.48
S500339,2026-08-30 00:00:00,E1012,C2077,P3037,9,R06,568008.76
S500340,2026-04-26 00:00:00,E1099,C2045,P3041,3,R01,174679.9
S500341,2026-04-19 00:00:00,E1104,C2371,P3041,3,R04,175772.2
S500342,2026-08-09 00:00:00,E1060,C2343,P3034,2,R02,30259.51
S500343,2026-05-16 00:00:00,E1077,C2140,P3034,10,R05,154759.59
S500344,2026-02-10 00:00:00,E1028,C2177,P3051,3,R04,164150.13
S500345,2026-04-22 00:00:00,E1099,C2222,P3055,1,R01,1826.15
S500346,2026-05-27 00:00:00,E1022,C2415,P3059,4,R01,68412.25
S500347,2026-04-22 00:00:00,E1041,C2092,P3003,8,R01,301023.28
S500348,2026-04-13 00:00:00,E1097,C2022,P3017,5,R04,67256.97
S500349,2026-02-15 00:00:00,E1104,C2172,P3014,2,R04,18400.87
S500350,2026-06-05 00:00:00,E1048,C2092,P3014,3,R04,26125.19
S500351,2026-08-26 00:00:00,E1068,C2192,P3046,1,R05,7532.81
S500352,2026-08-07 00:00:00,E1093,C2077,P3038,2,R05,128818.28
S500353,2026-03-09 00:00:00,E1037,C2281,P3035,1,R02,47917.84
S500354,2026-05-02 00:00:00,E1077,C2364,P3001,2,R05,55670.95
S500355,2026-01-15 00:00:00,E1113,C2179,P3048,3,R06,105875.9
S500356,2026-08-15 00:00:00,E1084,C2238,P3029,1,R01,65139.27
S500357,2026-06-14 00:00:00,E1067,C2135,P3004,11,R01,203185.5
S500358,2026-05-09 00:00:00,E1065,C2365,P3033,9,R02,162193.94
S500359,2026-07-14 00:00:00,E1101,C2390,P3017,10,R01,140981.63
S500360,2026-04-21 00:00:00,E1036,C2280,P3028,5,R05,246615.58
S500361,2026-01-24 00:00:00,E1032,C2019,P3050,8,R02,101025.87
S500362,2026-01-27 00:00:00,E1029,C2083,P3026,5,R04,201116.37
S500363,2026-02-09 00:00:00,E1105,C2228,P3008,8,R06,297159.04
S500364,2026-07-10 00:00:00,E1002,C2371,P3034,7,R06,115623.78
S500365,2026-07-08 00:00:00,E1026,C2265,P3059,4,R05,71180.33
S500366,2026-06-13 00:00:00,E1045,C2112,P3018,7,R02,251329.82
S500367,2026-08-14 00:00:00,E1104,C2251,P3031,6,R04,343603.75
S500368,2026-08-09 00:00:00,E1086,C2164,P3059,3,R02,51898.38
S500369,2026-01-24 00:00:00,E1069,C2358,P3027,9,R01,31539.49
S500370,2026-01-24 00:00:00,E1065,C2168,P3016,10,R02,471037.59
S500371,2026-08-22 00:00:00,E1053,C2221,P3058,9,R06,346625.87
S500372,2026-01-04 00:00:00,E1003,C2408,P3010,5,R05,213069.85
S500373,2026-03-08 00:00:00,E1084,C2304,P3040,8,R01,134024.05
S500374,2026-02-03 00:00:00,E1110,C2191,P3012,7,R01,149903.14
S500375,2026-07-04 00:00:00,E1066,C2325,P3022,9,R04,176141.81
S500376,2026-06-26 00:00:00,E1076,C2437,P3016,7,R05,361929.1
S500377,2026-08-03 00:00:00,E1071,C2438,P3012,4,R05,84090.53
S500378,2026-06-30 00:00:00,E1010,C2170,P3011,4,R05,205122.52
S500379,2026-09-05 00:00:00,E1003,C2375,P3020,11,R05,91996.03
S500380,2026-04-26 00:00:00,E1035,C2045,P3051,8,R06,463349.71
S500381,2026-01-23 00:00:00,E1062,C2381,P3001,6,R02,159960.47
S500382,2026-04-19 00:00:00,E1104,C2014,P3027,9,R04,30276.63
S500383,2026-03-10 00:00:00,E1063,C2231,P3003,10,R05,368414.93
S500384,2026-04-05 00:00:00,E1032,C2157,P3012,7,R02,149471.71
S500385,2026-06-30 00:00:00,E1011,C2134,P3030,7,R01,291002.82
S500386,2026-03-03 00:00:00,E1116,C2391,P3009,4,R06,88416.78
S500387,2026-06-18 00:00:00,E1078,C2037,P3053,3,R01,51224.14
S500388,2026-02-26 00:00:00,E1037,C2053,P3054,8,R02,61721.39
S500389,2026-07-07 00:00:00,E1120,C2018,P3037,7,R04,429127.53
S500390,2026-02-23 00:00:00,E1087,C2038,P3001,4,R05,101484.64
S500391,2026-03-11 00:00:00,E1051,C2187,P3042,4,R06,78378.02
S500392,2026-04-11 00:00:00,E1113,C2385,P3049,1,R06,42988.25
S500393,2026-02-26 00:00:00,E1072,C2196,P3004,11,R02,222478.36
S500394,2026-05-18 00:00:00,E1114,C2243,P3015,7,R05,89052.04
S500395,2026-06-17 00:00:00,E1051,C2300,P3051,1,R06,53282.65
S500396,2026-05-15 00:00:00,E1004,C2303,P3027,10,R04,36235.04
S500397,2026-04-13 00:00:00,E1076,C2035,P3008,10,R05,386207.18
S500398,2026-06-15 00:00:00,E1006,C2215,P3060,4,R02,119674.11
S500399,2026-03-26 00:00:00,E1112,C2219,P3060,11,R02,310683.27
S500400,2026-03-02 00:00:00,E1092,C2316,P3023,3,R05,221180.2
S500401,2026-07-31 00:00:00,E1063,C2090,P3015,11,R05,158852.72
S500402,2026-01-03 00:00:00,E1087,C2308,P3027,3,R05,10046.71
S500403,2026-05-08 00:00:00,E1111,C2252,P3031,1,R02,63129.99
S500404,2026-06-28 00:00:00,E1092,C2008,P3039,4,R05,111821.31
S500405,2026-03-27 00:00:00,E1104,C2256,P3047,1,R04,49113.94
S500406,2026-02-16 00:00:00,E1110,C2363,P3008,8,R01,313085.14
S500407,2026-07-15 00:00:00,E1027,C2208,P3030,1,R02,43993.38
S500408,2026-08-08 00:00:00,E1074,C2425,P3058,6,R05,233251.49
S500409,2026-03-17 00:00:00,E1006,C2131,P3055,7,R02,13372.01
S500410,2026-02-07 00:00:00,E1016,C2224,P3042,10,R02,202484.74
S500411,2026-08-31 00:00:00,E1017,C2197,P3018,2,R02,73487.23
S500412,2026-06-13 00:00:00,E1002,C2142,P3004,4,R06,78294.85
S500413,2026-08-27 00:00:00,E1017,C2252,P3047,11,R02,505634.07
S500414,2026-06-18 00:00:00,E1038,C2096,P3043,3,R01,191650.32
S500415,2026-07-16 00:00:00,E1004,C2026,P3022,9,R04,178627.24
S500416,2026-05-21 00:00:00,E1054,C2111,P3003,7,R06,242766.17
S500417,2026-03-28 00:00:00,E1049,C2123,P3015,2,R04,26916.29
S500418,2026-02-27 00:00:00,E1097,C2186,P3035,11,R04,511482.26
S500419,2026-02-19 00:00:00,E1014,C2168,P3047,6,R02,261322.9
S500420,2026-01-30 00:00:00,E1082,C2051,P3038,9,R04,549847
S500421,2026-07-09 00:00:00,E1057,C2379,P3033,3,R01,53341.98
S500422,2026-04-11 00:00:00,E1109,C2005,P3014,11,R02,94798.35
S500423,2026-01-25 00:00:00,E1022,C2077,P3048,6,R01,210937.71
S500424,2026-04-22 00:00:00,E1068,C2160,P3001,3,R05,82549.93
S500425,2026-06-04 00:00:00,E1056,C2208,P3053,3,R06,47829.11
S500426,2026-06-28 00:00:00,E1028,C2257,P3049,4,R04,180103.28
S500427,2026-07-25 00:00:00,E1039,C2205,P3026,9,R04,355462.06
S500428,2026-07-04 00:00:00,E1092,C2255,P3008,11,R05,458895.48
S500429,2026-05-06 00:00:00,E1060,C2438,P3050,8,R02,104901.31
S500430,2026-08-28 00:00:00,E1064,C2011,P3016,1,R02,46649.8
S500431,2026-05-03 00:00:00,E1104,C2437,P3038,11,R04,733427.59
S500432,2026-02-16 00:00:00,E1048,C2008,P3010,1,R04,45688.95
S500433,2026-04-28 00:00:00,E1091,C2409,P3042,7,R01,131006.74
S500434,2026-08-16 00:00:00,E1012,C2424,P3037,3,R06,197973.75
S500435,2026-02-08 00:00:00,E1074,C2032,P3026,11,R05,437415.19
S500436,2026-01-16 00:00:00,E1009,C2028,P3028,7,R04,325586.74
S500437,2026-09-05 00:00:00,E1099,C2206,P3012,9,R01,172517.02
S500438,2026-01-22 00:00:00,E1119,C2387,P3020,3,R06,24510.46
S500439,2026-08-01 00:00:00,E1073,C2228,P3049,3,R01,135153.63
S500440,2026-02-23 00:00:00,E1066,C2128,P3014,2,R04,18495.14
S500441,2026-05-29 00:00:00,E1104,C2255,P3046,10,R04,75258.2
S500442,2026-07-19 00:00:00,E1022,C2212,P3035,1,R01,46364.71
S500443,2026-08-29 00:00:00,E1074,C2239,P3029,9,R05,600973.32
S500444,2026-01-16 00:00:00,E1117,C2207,P3012,6,R05,119485.86
S500445,2026-02-28 00:00:00,E1120,C2318,P3052,6,R04,358278.47
S500446,2026-09-04 00:00:00,E1065,C2283,P3018,8,R02,286430.97
S500447,2026-01-31 00:00:00,E1087,C2245,P3044,11,R05,319374.03
S500448,2026-06-19 00:00:00,E1066,C2045,P3002,5,R04,40776.13
S500449,2026-07-21 00:00:00,E1021,C2105,P3002,9,R04,73841.46
S500450,2026-02-01 00:00:00,E1009,C2348,P3059,11,R04,176877.97
S500451,2026-07-06 00:00:00,E1060,C2281,P3017,5,R02,65628.74
S500452,2026-06-11 00:00:00,E1048,C2234,P3010,2,R04,84145.04
S500453,2026-01-09 00:00:00,E1032,C2189,P3018,6,R02,242993.49
S500454,2026-07-28 00:00:00,E1116,C2044,P3022,9,R06,170384.19
S500455,2026-05-19 00:00:00,E1095,C2225,P3019,3,R05,158665.59
S500456,2026-08-12 00:00:00,E1114,C2430,P3058,10,R05,403338.83
S500457,2026-01-10 00:00:00,E1010,C2142,P3053,4,R05,66235.44
S500458,2026-08-02 00:00:00,E1016,C2136,P3001,10,R02,251505.89
S500459,2026-01-17 00:00:00,E1096,C2176,P3024,11,R03,368567.62
S500460,2026-03-09 00:00:00,E1027,C2142,P3036,8,R02,223670.46
S500461,2026-02-17 00:00:00,E1011,C2449,P3025,6,R01,350956.03
S500462,2026-06-29 00:00:00,E1030,C2080,P3036,7,R01,224664.18
S500463,2026-04-21 00:00:00,E1120,C2082,P3031,7,R04,407059.11
S500464,2026-06-02 00:00:00,E1082,C2135,P3031,4,R04,228572.7
S500465,2026-05-03 00:00:00,E1037,C2207,P3002,6,R02,48815.37
S500466,2026-05-29 00:00:00,E1086,C2344,P3019,9,R02,438915.41
S500467,2026-04-11 00:00:00,E1111,C2177,P3053,3,R02,44802
S500468,2026-04-12 00:00:00,E1120,C2383,P3012,8,R04,170295.53
S500469,2026-08-29 00:00:00,E1038,C2243,P3010,7,R01,322756.49
S500470,2026-03-06 00:00:00,E1088,C2055,P3031,4,R04,236914.11
S500471,2026-07-10 00:00:00,E1073,C2141,P3045,10,R01,507938.49
S500472,2026-08-05 00:00:00,E1024,C2440,P3022,3,R02,58937.93
S500473,2026-02-20 00:00:00,E1043,C2056,P3023,7,R01,458079.52
S500474,2026-02-05 00:00:00,E1106,C2015,P3052,10,R02,648371.19
S500475,2026-03-22 00:00:00,E1095,C2185,P3023,9,R05,647543.85
S500476,2026-08-21 00:00:00,E1082,C2314,P3015,10,R04,144055.28
S500477,2026-05-07 00:00:00,E1104,C2419,P3026,3,R04,129723.69
S500478,2026-03-29 00:00:00,E1029,C2088,P3003,10,R04,349843.75
S500479,2026-07-13 00:00:00,E1050,C2097,P3023,9,R02,642567.93
S500480,2026-04-14 00:00:00,E1039,C2144,P3020,8,R04,60718.74
S500481,2026-01-15 00:00:00,E1032,C2008,P3045,3,R02,136902.98
S500482,2026-04-06 00:00:00,E1015,C2215,P3040,8,R02,138608.93
S500483,2026-06-16 00:00:00,E1119,C2173,P3057,4,R06,183156.71
S500484,2026-05-03 00:00:00,E1099,C2223,P3039,6,R01,157635.63
S500485,2026-07-17 00:00:00,E1075,C2040,P3056,10,R05,465224.61
S500486,2026-01-01 00:00:00,E1093,C2182,P3008,2,R05,82947.06
S500487,2026-08-27 00:00:00,E1090,C2270,P3018,8,R03,322104.46
S500488,2026-05-31 00:00:00,E1079,C2187,P3041,9,R02,532511.95
S500489,2026-05-02 00:00:00,E1092,C2245,P3006,7,R05,148163.61
S500490,2026-06-16 00:00:00,E1030,C2309,P3027,8,R01,28505.13
S500491,2026-05-06 00:00:00,E1053,C2231,P3036,7,R06,225041.02
S500492,2026-02-26 00:00:00,E1051,C2383,P3015,11,R06,137882.61
S500493,2026-03-22 00:00:00,E1045,C2155,P3037,10,R02,605242.47
S500494,2026-06-11 00:00:00,E1094,C2175,P3058,4,R04,172398.38
S500495,2026-06-18 00:00:00,E1094,C2336,P3005,1,R04,21326.35
S500496,2026-08-09 00:00:00,E1074,C2115,P3039,3,R05,78167.57
S500497,2026-03-14 00:00:00,E1089,C2390,P3009,7,R06,152559.83
S500498,2026-05-21 00:00:00,E1095,C2311,P3007,11,R05,652975.12
S500499,2026-03-11 00:00:00,E1006,C2300,P3041,11,R02,622530.32
S500500,2026-01-06 00:00:00,E1044,C2018,P3020,7,R06,53008.53
S500501,2026-03-25 00:00:00,E1008,C2272,P3010,11,R06,489282.38
S500502,2026-02-21 00:00:00,E1044,C2012,P3026,3,R06,114785.7
S500503,2026-09-02 00:00:00,E1037,C2404,P3004,1,R02,19630.7
S500504,2026-01-03 00:00:00,E1107,C2301,P3038,10,R03,706361.51
S500505,2026-03-22 00:00:00,E1028,C2192,P3024,9,R04,317871.7
S500506,2026-03-04 00:00:00,E1060,C2232,P3014,6,R02,55876.98
S500507,2026-02-18 00:00:00,E1048,C2443,P3041,7,R04,395659.3
S500508,2026-03-17 00:00:00,E1068,C2093,P3001,1,R05,24431.48
S500509,2026-04-22 00:00:00,E1026,C2218,P3017,1,R05,14442.14
S500510,2026-06-24 00:00:00,E1075,C2278,P3045,4,R05,184436.63
S500511,2026-04-19 00:00:00,E1119,C2353,P3024,7,R06,233554.55
S500512,2026-07-02 00:00:00,E1028,C2303,P3027,11,R04,37249.39
S500513,2026-07-11 00:00:00,E1002,C2029,P3007,11,R06,662264.38
S500514,2026-03-06 00:00:00,E1089,C2301,P3009,8,R06,179363.26
S500515,2026-03-22 00:00:00,E1076,C2077,P3043,10,R05,573492.9
S500516,2026-07-14 00:00:00,E1044,C2009,P3035,9,R06,422728.82
S500517,2026-08-06 00:00:00,E1054,C2024,P3058,1,R06,39243.45
S500518,2026-01-15 00:00:00,E1026,C2015,P3012,4,R05,76668.25
S500519,2026-04-10 00:00:00,E1056,C2164,P3021,4,R06,162907.69
S500520,2026-02-01 00:00:00,E1069,C2013,P3003,3,R01,102266.76
S500521,2026-04-06 00:00:00,E1007,C2347,P3015,7,R01,94404.57
S500522,2026-05-08 00:00:00,E1060,C2172,P3021,1,R02,42666.97
S500523,2026-07-15 00:00:00,E1072,C2357,P3010,9,R02,421081.68
S500524,2026-05-26 00:00:00,E1055,C2327,P3033,8,R04,129276.42
S500525,2026-04-23 00:00:00,E1068,C2200,P3046,2,R05,13674.47
S500526,2026-03-24 00:00:00,E1060,C2378,P3059,2,R02,31761.93
S500527,2026-02-12 00:00:00,E1084,C2076,P3052,8,R01,483878.18
S500528,2026-04-26 00:00:00,E1089,C2164,P3006,11,R06,230793.09
S500529,2026-06-12 00:00:00,E1003,C2372,P3002,1,R05,7453.91
S500530,2026-08-20 00:00:00,E1078,C2061,P3029,7,R01,460532.24
S500531,2026-03-19 00:00:00,E1023,C2424,P3055,9,R02,17916.55
S500532,2026-02-27 00:00:00,E1038,C2245,P3040,3,R01,51581.99
S500533,2026-02-02 00:00:00,E1021,C2382,P3033,7,R04,110683.32
S500534,2026-01-14 00:00:00,E1105,C2155,P3004,6,R06,111995.39
S500535,2026-06-11 00:00:00,E1025,C2257,P3059,7,R03,114670.84
S500536,2026-07-08 00:00:00,E1114,C2244,P3004,7,R05,136384.19
S500537,2026-09-04 00:00:00,E1086,C2162,P3029,10,R02,681319.9
S500538,2026-05-12 00:00:00,E1067,C2068,P3037,1,R01,58116.75
S500539,2026-08-04 00:00:00,E1067,C2344,P3060,3,R01,84205.87
S500540,2026-02-28 00:00:00,E1083,C2277,P3060,10,R02,275150.7
S500541,2026-06-06 00:00:00,E1002,C2161,P3020,1,R06,8398.61
S500542,2026-03-24 00:00:00,E1119,C2391,P3041,5,R06,306889.05
S500543,2026-05-14 00:00:00,E1118,C2449,P3023,3,R02,195846.25
S500544,2026-05-01 00:00:00,E1111,C2259,P3045,1,R02,50325.02
S500545,2026-08-13 00:00:00,E1096,C2307,P3018,2,R03,74239.1
S500546,2026-06-26 00:00:00,E1107,C2335,P3049,10,R03,401283.65
S500547,2026-06-17 00:00:00,E1113,C2095,P3025,5,R06,272891.9
S500548,2026-03-24 00:00:00,E1004,C2438,P3001,11,R04,301255.9
S500549,2026-09-02 00:00:00,E1048,C2246,P3054,3,R04,21170.83
S500550,2026-07-12 00:00:00,E1057,C2221,P3015,6,R01,86815.01
S500551,2026-07-16 00:00:00,E1077,C2123,P3034,9,R05,140028.11
S500552,2026-01-27 00:00:00,E1090,C2187,P3048,6,R03,189449.81
S500553,2026-03-21 00:00:00,E1088,C2262,P3020,2,R04,16751.17
S500554,2026-05-14 00:00:00,E1066,C2413,P3054,2,R04,15386.5
S500555,2026-08-20 00:00:00,E1110,C2273,P3037,8,R01,515503.29
S500556,2026-01-13 00:00:00,E1047,C2373,P3027,11,R02,38898.88
S500557,2026-08-28 00:00:00,E1027,C2060,P3022,8,R02,147685.19
S500558,2026-03-05 00:00:00,E1079,C2406,P3051,6,R02,302000.58
S500559,2026-07-09 00:00:00,E1067,C2408,P3005,10,R01,200403.52
S500560,2026-08-15 00:00:00,E1025,C2125,P3034,7,R03,108985.7
S500561,2026-05-27 00:00:00,E1076,C2337,P3039,1,R05,27826.45
S500562,2026-07-23 00:00:00,E1036,C2341,P3003,9,R05,331894.06
S500563,2026-03-21 00:00:00,E1025,C2051,P3017,5,R03,70736.85
S500564,2026-05-03 00:00:00,E1029,C2178,P3024,9,R04,308424.19
S500565,2026-02-12 00:00:00,E1102,C2139,P3024,2,R04,72977.4
S500566,2026-07-21 00:00:00,E1082,C2440,P3003,8,R04,301142.26
S500567,2026-03-30 00:00:00,E1106,C2327,P3045,7,R02,341185.19
S500568,2026-05-28 00:00:00,E1017,C2170,P3007,11,R02,639489.48
S500569,2026-04-05 00:00:00,E1061,C2039,P3025,4,R03,243906.08
S500570,2026-07-15 00:00:00,E1083,C2069,P3056,3,R02,142394.8
S500571,2026-06-21 00:00:00,E1117,C2236,P3003,4,R05,153439.59
S500572,2026-05-31 00:00:00,E1056,C2048,P3015,4,R06,53164.81
S500573,2026-01-02 00:00:00,E1081,C2381,P3029,10,R06,661141.52
S500574,2026-04-30 00:00:00,E1017,C2057,P3050,10,R02,124349.11
S500575,2026-01-22 00:00:00,E1016,C2277,P3029,8,R02,533988.44
S500576,2026-04-25 00:00:00,E1100,C2338,P3010,4,R01,180588.47
S500577,2026-02-26 00:00:00,E1012,C2099,P3032,5,R06,304809.38
S500578,2026-08-17 00:00:00,E1067,C2404,P3023,2,R01,150596.49
S500579,2026-03-13 00:00:00,E1081,C2015,P3039,4,R06,109763.68
S500580,2026-01-07 00:00:00,E1092,C2325,P3009,7,R05,152019.46
S500581,2026-07-25 00:00:00,E1117,C2179,P3037,3,R05,175069.64
S500582,2026-07-03 00:00:00,E1070,C2332,P3052,1,R06,63246.28
S500583,2026-04-29 00:00:00,E1045,C2062,P3040,8,R02,145937.2
S500584,2026-07-14 00:00:00,E1071,C2119,P3014,8,R05,69860.09
S500585,2026-04-24 00:00:00,E1101,C2037,P3004,6,R01,106064.85
S500586,2026-01-16 00:00:00,E1014,C2134,P3020,7,R02,56625.43
S500587,2026-09-04 00:00:00,E1011,C2026,P3028,10,R01,477559.91
S500588,2026-03-24 00:00:00,E1077,C2008,P3014,11,R05,96448.18
S500589,2026-06-28 00:00:00,E1084,C2004,P3044,2,R01,64548.97
S500590,2026-07-29 00:00:00,E1100,C2021,P3034,5,R01,83930.85
S500591,2026-09-01 00:00:00,E1105,C2415,P3013,7,R06,200810.84
S500592,2026-07-27 00:00:00,E1043,C2149,P3031,9,R01,540440.8
S500593,2026-03-13 00:00:00,E1108,C2025,P3033,1,R05,15716.56
S500594,2026-05-04 00:00:00,E1052,C2143,P3052,3,R05,180830.05
S500595,2026-08-13 00:00:00,E1089,C2245,P3039,6,R06,146164.34
S500596,2026-04-23 00:00:00,E1073,C2419,P3028,7,R01,319924.79
S500597,2026-01-12 00:00:00,E1061,C2433,P3025,6,R03,371381.65
S500598,2026-05-06 00:00:00,E1041,C2043,P3032,1,R01,65453.4
S500599,2026-02-22 00:00:00,E1004,C2425,P3009,4,R04,87814.05
S500600,2026-03-16 00:00:00,E1078,C2293,P3028,6,R01,258639.13
S500601,2026-05-13 00:00:00,E1008,C2185,P3058,8,R06,323336.51
S500602,2026-01-27 00:00:00,E1051,C2042,P3031,10,R06,565606.71
S500603,2026-05-20 00:00:00,E1027,C2431,P3017,4,R02,52565.48
S500604,2026-05-25 00:00:00,E1034,C2092,P3053,7,R06,112456.18
S500605,2026-05-14 00:00:00,E1103,C2317,P3023,11,R02,822769.49
S500606,2026-04-07 00:00:00,E1050,C2398,P3013,3,R02,85286.99
S500607,2026-01-05 00:00:00,E1081,C2324,P3055,8,R06,16140.54
S500608,2026-02-26 00:00:00,E1003,C2053,P3010,1,R05,41382.1
S500609,2026-06-05 00:00:00,E1107,C2084,P3016,4,R03,203525.83
S500610,2026-03-19 00:00:00,E1073,C2034,P3006,8,R01,182551.27
S500611,2026-03-10 00:00:00,E1033,C2076,P3048,10,R01,347605.77
S500612,2026-04-28 00:00:00,E1005,C2353,P3011,4,R02,210772.54
S500613,2026-04-30 00:00:00,E1021,C2408,P3058,2,R04,78357.55
S500614,2026-02-28 00:00:00,E1116,C2404,P3052,2,R06,121254.35
S500615,2026-02-02 00:00:00,E1119,C2197,P3003,4,R06,133518.57
S500616,2026-03-03 00:00:00,E1037,C2286,P3028,4,R02,186542.56
S500617,2026-02-19 00:00:00,E1033,C2088,P3041,2,R01,121084.88
S500618,2026-04-22 00:00:00,E1029,C2235,P3015,7,R04,94336.47
S500619,2026-08-21 00:00:00,E1079,C2232,P3060,6,R02,178742.56
S500620,2026-01-19 00:00:00,E1002,C2007,P3013,11,R06,323856.83
S500621,2026-08-02 00:00:00,E1062,C2292,P3042,3,R02,60330.57
S500622,2026-07-16 00:00:00,E1058,C2038,P3052,8,R02,491376.74
S500623,2026-05-03 00:00:00,E1036,C2052,P3056,8,R05,353633.92
S500624,2026-07-13 00:00:00,E1114,C2143,P3045,1,R05,48271.17
S500625,2026-08-10 00:00:00,E1031,C2430,P3017,3,R04,42044.33
S500626,2026-02-16 00:00:00,E1056,C2407,P3007,5,R06,289098.55
S500627,2026-06-16 00:00:00,E1037,C2396,P3028,2,R02,94920.81
S500628,2026-07-15 00:00:00,E1057,C2221,P3038,5,R01,342290.4
S500629,2026-02-02 00:00:00,E1091,C2428,P3013,11,R01,325106.37
S500630,2026-05-21 00:00:00,E1082,C2240,P3060,10,R04,300486.37
S500631,2026-03-25 00:00:00,E1060,C2143,P3017,3,R02,39400.44
S500632,2026-07-01 00:00:00,E1085,C2349,P3015,9,R02,116474.5
S500633,2026-05-15 00:00:00,E1067,C2363,P3036,11,R01,318015.08
S500634,2026-03-20 00:00:00,E1071,C2382,P3028,1,R05,44246.92
S500635,2026-08-03 00:00:00,E1053,C2049,P3015,4,R06,55746.64
S500636,2026-01-14 00:00:00,E1023,C2277,P3046,10,R02,76361.06
S500637,2026-08-03 00:00:00,E1090,C2271,P3053,6,R03,92252.04
S500638,2026-05-27 00:00:00,E1109,C2014,P3011,9,R02,441825.27
S500639,2026-05-08 00:00:00,E1111,C2298,P3056,3,R02,137051.78
S500640,2026-02-23 00:00:00,E1118,C2015,P3031,3,R02,184209.09
S500641,2026-08-09 00:00:00,E1103,C2234,P3004,5,R02,92872.37
S500642,2026-09-05 00:00:00,E1055,C2063,P3035,7,R04,315780.8
S500643,2026-05-28 00:00:00,E1102,C2196,P3034,5,R04,81439.25
S500644,2026-01-29 00:00:00,E1037,C2027,P3052,11,R02,684603.23
S500645,2026-01-24 00:00:00,E1070,C2093,P3027,8,R06,29357.48
S500646,2026-03-23 00:00:00,E1037,C2105,P3010,5,R02,216676.77
S500647,2026-03-04 00:00:00,E1054,C2309,P3030,7,R06,331337.73
S500648,2026-07-21 00:00:00,E1055,C2052,P3045,6,R04,279970.12
S500649,2026-04-15 00:00:00,E1084,C2319,P3020,10,R01,75522.41
S500650,2026-02-26 00:00:00,E1052,C2181,P3029,2,R05,144536.77
S500651,2026-05-16 00:00:00,E1082,C2057,P3058,3,R04,124006.36
S500652,2026-08-06 00:00:00,E1043,C2120,P3053,11,R01,184886.77
S500653,2026-03-03 00:00:00,E1019,C2308,P3029,11,R03,746997.17
S500654,2026-06-06 00:00:00,E1023,C2363,P3023,4,R02,300362.27
S500655,2026-07-21 00:00:00,E1068,C2043,P3057,5,R05,209425.24
S500656,2026-01-17 00:00:00,E1022,C2135,P3050,9,R01,104276.94
S500657,2026-03-07 00:00:00,E1102,C2373,P3021,6,R04,241884.51
S500658,2026-01-06 00:00:00,E1046,C2426,P3048,1,R04,34686.37
S500659,2026-02-27 00:00:00,E1105,C2260,P3043,3,R06,185396.73
S500660,2026-03-10 00:00:00,E1049,C2197,P3010,7,R04,310006.9
S500661,2026-06-05 00:00:00,E1041,C2133,P3041,8,R01,439896.81
S500662,2026-03-03 00:00:00,E1030,C2255,P3012,7,R01,131244.28
S500663,2026-06-18 00:00:00,E1056,C2220,P3030,5,R06,214938.78
S500664,2026-07-16 00:00:00,E1092,C2336,P3051,10,R05,536162.03
S500665,2026-03-23 00:00:00,E1087,C2041,P3033,8,R05,138814.27
S500666,2026-08-06 00:00:00,E1018,C2388,P3018,9,R04,354449.93
S500667,2026-07-31 00:00:00,E1082,C2255,P3014,7,R04,68285.73
S500668,2026-06-18 00:00:00,E1062,C2002,P3022,11,R02,195556.22
S500669,2026-06-26 00:00:00,E1032,C2195,P3021,9,R02,364886.99
S500670,2026-08-07 00:00:00,E1117,C2242,P3001,1,R05,25797.13
S500671,2026-06-26 00:00:00,E1075,C2149,P3049,9,R05,397130.69
S500672,2026-07-23 00:00:00,E1097,C2198,P3043,3,R04,180464.36
S500673,2026-03-12 00:00:00,E1080,C2299,P3052,6,R01,402804.15
S500674,2026-05-11 00:00:00,E1051,C2245,P3060,8,R06,233710.83
S500675,2026-01-10 00:00:00,E1103,C2338,P3015,3,R02,37481.62
S500676,2026-04-08 00:00:00,E1003,C2108,P3036,4,R05,113620.02
S500677,2026-03-30 00:00:00,E1118,C2393,P3047,7,R02,332458.74
S500678,2026-02-04 00:00:00,E1050,C2212,P3054,7,R02,52214.53
S500679,2026-07-27 00:00:00,E1112,C2156,P3022,4,R02,71730.34
S500680,2026-01-02 00:00:00,E1015,C2026,P3032,9,R02,542666.04
S500681,2026-05-04 00:00:00,E1061,C2082,P3058,3,R03,121719.66
S500682,2026-01-24 00:00:00,E1099,C2083,P3046,8,R01,58855.77
S500683,2026-03-15 00:00:00,E1101,C2131,P3054,8,R01,54515.77
S500684,2026-06-15 00:00:00,E1060,C2329,P3033,4,R02,67192.13
S500685,2026-01-22 00:00:00,E1105,C2100,P3058,7,R06,272231.65
S500686,2026-06-03 00:00:00,E1060,C2256,P3041,4,R02,243680.92
S500687,2026-06-20 00:00:00,E1113,C2049,P3059,1,R06,16407.54
S500688,2026-07-02 00:00:00,E1053,C2401,P3039,1,R06,26934.64
S500689,2026-02-08 00:00:00,E1086,C2063,P3023,1,R02,70619.53
S500690,2026-08-07 00:00:00,E1003,C2311,P3043,2,R05,111346.15
S500691,2026-06-06 00:00:00,E1117,C2407,P3055,6,R05,11830.19
S500692,2026-08-27 00:00:00,E1043,C2290,P3002,10,R01,71649.37
S500693,2026-08-18 00:00:00,E1085,C2105,P3002,11,R02,86045.05
S500694,2026-01-20 00:00:00,E1103,C2105,P3038,5,R02,332511.25
S500695,2026-08-07 00:00:00,E1084,C2325,P3055,11,R01,20002.8
S500696,2026-02-10 00:00:00,E1017,C2015,P3051,2,R02,102994.13
S500697,2026-07-01 00:00:00,E1005,C2175,P3029,8,R02,580321.88
S500698,2026-05-28 00:00:00,E1013,C2259,P3052,9,R05,548530.82
S500699,2026-04-18 00:00:00,E1030,C2211,P3046,7,R01,50439.79
S500700,2026-05-27 00:00:00,E1008,C2412,P3060,9,R06,251121.58
S500701,2026-03-25 00:00:00,E1015,C2259,P3003,4,R02,151867.62
S500702,2026-08-15 00:00:00,E1013,C2102,P3039,7,R05,183035.02
S500703,2026-04-21 00:00:00,E1101,C2260,P3007,5,R01,302714.87
S500704,2026-03-07 00:00:00,E1006,C2344,P3036,5,R02,141323.93
S500705,2026-06-07 00:00:00,E1083,C2159,P3029,3,R02,193987.38
S500706,2026-02-22 00:00:00,E1108,C2045,P3055,9,R05,17043.4
S500707,2026-02-03 00:00:00,E1033,C2443,P3037,10,R01,596493.6
S500708,2026-05-30 00:00:00,E1076,C2301,P3049,5,R05,221189.92
S500709,2026-03-08 00:00:00,E1045,C2251,P3058,6,R02,243084.55
S500710,2026-05-14 00:00:00,E1083,C2331,P3036,3,R02,88851.89
S500711,2026-07-26 00:00:00,E1071,C2165,P3023,10,R05,720928.18
S500712,2026-01-27 00:00:00,E1047,C2193,P3045,7,R02,324553.76
S500713,2026-01-10 00:00:00,E1108,C2009,P3016,9,R05,418810.12
S500714,2026-03-14 00:00:00,E1010,C2401,P3048,9,R05,314803.43
S500715,2026-08-13 00:00:00,E1051,C2374,P3031,10,R06,605370.14
S500716,2026-04-06 00:00:00,E1034,C2065,P3034,10,R06,160579.14
S500717,2026-02-17 00:00:00,E1102,C2387,P3050,5,R04,60592.38
S500718,2026-03-11 00:00:00,E1102,C2282,P3001,7,R04,177525.79
S500719,2026-08-21 00:00:00,E1019,C2181,P3018,3,R03,108130.39
S500720,2026-07-06 00:00:00,E1010,C2415,P3058,6,R05,253736.45
S500721,2026-04-10 00:00:00,E1064,C2282,P3040,8,R02,142049.17
S500722,2026-02-28 00:00:00,E1059,C2279,P3043,8,R01,450726.87
S500723,2026-01-02 00:00:00,E1030,C2030,P3056,2,R01,98469.78
S500724,2026-06-06 00:00:00,E1116,C2266,P3056,6,R06,279762.46
S500725,2026-07-15 00:00:00,E1080,C2328,P3015,7,R01,97961.75
S500726,2026-03-06 00:00:00,E1026,C2217,P3048,7,R05,214774.46
S500727,2026-03-24 00:00:00,E1016,C2320,P3049,3,R02,119637.57
S500728,2026-06-03 00:00:00,E1007,C2406,P3017,9,R01,115065.99
S500729,2026-08-05 00:00:00,E1044,C2399,P3044,2,R06,59483.99
S500730,2026-01-10 00:00:00,E1030,C2379,P3010,11,R01,511960.7
S500731,2026-02-22 00:00:00,E1081,C2105,P3020,3,R06,24865.55
S500732,2026-03-20 00:00:00,E1095,C2184,P3006,11,R05,253481.31
S500733,2026-02-28 00:00:00,E1005,C2330,P3008,2,R02,83759.08
S500734,2026-05-30 00:00:00,E1084,C2148,P3045,11,R01,516929.24
S500735,2026-06-28 00:00:00,E1116,C2105,P3034,9,R06,150070.5
S500736,2026-02-17 00:00:00,E1059,C2047,P3032,4,R01,275042.95
S500737,2026-05-29 00:00:00,E1051,C2087,P3051,2,R06,106804.81
S500738,2026-05-03 00:00:00,E1046,C2309,P3054,3,R04,20307.09
S500739,2026-09-05 00:00:00,E1105,C2437,P3042,4,R06,83914.17
S500740,2026-01-22 00:00:00,E1082,C2129,P3004,10,R04,184823.34
S500741,2026-04-10 00:00:00,E1077,C2258,P3044,6,R05,195231.83
S500742,2026-04-08 00:00:00,E1015,C2314,P3050,5,R02,59213.31
S500743,2026-06-07 00:00:00,E1004,C2147,P3039,3,R04,78478.84
S500744,2026-01-25 00:00:00,E1117,C2446,P3020,10,R05,80430.52
S500745,2026-08-25 00:00:00,E1116,C2072,P3024,8,R06,266425.43
S500746,2026-01-28 00:00:00,E1064,C2140,P3024,8,R02,277912.5
S500747,2026-07-12 00:00:00,E1108,C2410,P3055,7,R05,12886.47
S500748,2026-04-23 00:00:00,E1066,C2027,P3026,3,R04,120378.27
S500749,2026-02-14 00:00:00,E1104,C2029,P3025,1,R04,62097.24
S500750,2026-03-09 00:00:00,E1047,C2271,P3036,5,R02,145661.78
S500751,2026-01-07 00:00:00,E1108,C2174,P3007,1,R05,61164.02
S500752,2026-02-18 00:00:00,E1084,C2253,P3010,6,R01,255284.07
S500753,2026-05-17 00:00:00,E1060,C2385,P3058,11,R02,452751.45
S500754,2026-06-13 00:00:00,E1021,C2060,P3047,7,R04,340435.68
S500755,2026-03-24 00:00:00,E1060,C2107,P3012,5,R02,97840.53
S500756,2026-05-09 00:00:00,E1114,C2220,P3001,4,R05,109856.49
S500757,2026-05-18 00:00:00,E1091,C2441,P3052,2,R01,126356.25
S500758,2026-06-13 00:00:00,E1059,C2259,P3050,5,R01,60684.25
S500759,2026-03-14 00:00:00,E1104,C2371,P3025,9,R04,563253.13
S500760,2026-08-25 00:00:00,E1079,C2146,P3016,4,R02,185172.3
S500761,2026-02-15 00:00:00,E1070,C2052,P3005,2,R06,38960.74
S500762,2026-04-16 00:00:00,E1080,C2060,P3019,6,R01,316304.02
S500763,2026-06-09 00:00:00,E1099,C2034,P3004,8,R01,158587.63
S500764,2026-02-01 00:00:00,E1094,C2096,P3006,2,R04,47031.11
S500765,2026-01-06 00:00:00,E1054,C2089,P3026,9,R06,339612.73
S500766,2026-06-25 00:00:00,E1038,C2316,P3049,7,R01,321823.94
S500767,2026-06-15 00:00:00,E1009,C2410,P3039,2,R04,53627.69
S500768,2026-05-25 00:00:00,E1046,C2231,P3056,11,R04,553091.37
S500769,2026-03-15 00:00:00,E1100,C2275,P3055,5,R01,9574.25
S500770,2026-04-24 00:00:00,E1110,C2246,P3039,5,R01,133886.73
S500771,2026-01-27 00:00:00,E1006,C2111,P3009,7,R02,169414.85
S500772,2026-02-23 00:00:00,E1120,C2234,P3045,5,R04,239982.1
S500773,2026-06-27 00:00:00,E1071,C2278,P3052,11,R05,744040.19
S500774,2026-06-12 00:00:00,E1032,C2417,P3014,6,R02,52781.88
S500775,2026-09-01 00:00:00,E1047,C2166,P3048,9,R02,290054.03
S500776,2026-03-26 00:00:00,E1010,C2128,P3055,3,R05,6281.17
S500777,2026-05-07 00:00:00,E1108,C2237,P3009,3,R05,73767.66
S500778,2026-06-02 00:00:00,E1033,C2291,P3015,8,R01,104014.28
S500779,2026-06-05 00:00:00,E1034,C2107,P3037,10,R06,580161.59
S500780,2026-04-21 00:00:00,E1069,C2128,P3050,6,R01,77919.43
S500781,2026-01-15 00:00:00,E1031,C2195,P3053,10,R04,171003
S500782,2026-05-12 00:00:00,E1116,C2339,P3020,3,R06,24472.62
S500783,2026-04-03 00:00:00,E1078,C2394,P3008,2,R01,80713.52
S500784,2026-05-03 00:00:00,E1030,C2143,P3032,2,R01,134605.09
S500785,2026-03-14 00:00:00,E1004,C2395,P3047,2,R04,86543.41
S500786,2026-06-04 00:00:00,E1092,C2111,P3021,5,R05,223098.3
S500787,2026-06-03 00:00:00,E1059,C2090,P3057,5,R01,217804.6
S500788,2026-05-27 00:00:00,E1031,C2251,P3041,1,R04,58256.55
S500789,2026-09-05 00:00:00,E1010,C2280,P3019,2,R05,103338.49
S500790,2026-04-02 00:00:00,E1027,C2333,P3029,2,R02,138485.18
S500791,2026-01-17 00:00:00,E1003,C2224,P3058,4,R05,165352.53
S500792,2026-02-12 00:00:00,E1064,C2101,P3031,7,R02,451565.53
S500793,2026-05-01 00:00:00,E1004,C2132,P3054,3,R04,22188.63
S500794,2026-02-10 00:00:00,E1048,C2013,P3006,5,R04,118318.13
S500795,2026-06-19 00:00:00,E1070,C2441,P3004,11,R06,193382.09
S500796,2026-06-27 00:00:00,E1026,C2098,P3043,9,R05,567646.17
S500797,2026-07-31 00:00:00,E1053,C2120,P3029,5,R06,337209.67
S500798,2026-08-25 00:00:00,E1014,C2293,P3042,9,R02,171969.55
S500799,2026-06-17 00:00:00,E1105,C2304,P3003,1,R06,33533.69
S500800,2026-02-08 00:00:00,E1046,C2199,P3001,9,R04,239277.32
S500801,2026-04-23 00:00:00,E1036,C2001,P3044,5,R05,167546.2
S500802,2026-09-02 00:00:00,E1057,C2060,P3055,8,R01,16134.7
S500803,2026-05-31 00:00:00,E1089,C2250,P3015,5,R06,64772.61
S500804,2026-04-21 00:00:00,E1010,C2140,P3047,6,R05,261749.31
S500805,2026-08-12 00:00:00,E1003,C2149,P3021,8,R05,334050.09
S500806,2026-06-29 00:00:00,E1063,C2395,P3046,2,R05,13448.48
S500807,2026-02-16 00:00:00,E1120,C2044,P3058,3,R04,118400.63
S500808,2026-03-04 00:00:00,E1043,C2371,P3031,11,R01,676284.27
S500809,2026-08-13 00:00:00,E1046,C2186,P3007,9,R04,566978.58
S500810,2026-04-20 00:00:00,E1066,C2108,P3017,5,R04,66565.85
S500811,2026-03-10 00:00:00,E1032,C2044,P3056,5,R02,224311.87
S500812,2026-02-12 00:00:00,E1110,C2078,P3019,9,R01,490094.28
S500813,2026-06-25 00:00:00,E1049,C2226,P3039,10,R04,269784
S500814,2026-02-03 00:00:00,E1003,C2162,P3060,3,R05,90970.64
S500815,2026-02-09 00:00:00,E1098,C2281,P3003,4,R03,136359.29
S500816,2026-07-22 00:00:00,E1084,C2253,P3030,7,R01,304111.07
S500817,2026-03-02 00:00:00,E1079,C2132,P3035,2,R02,96179.63
S500818,2026-06-27 00:00:00,E1112,C2448,P3058,8,R02,303830.15
S500819,2026-07-14 00:00:00,E1071,C2372,P3057,5,R05,228315.13
S500820,2026-03-03 00:00:00,E1060,C2375,P3029,1,R02,66769.75
S500821,2026-02-27 00:00:00,E1108,C2144,P3050,3,R05,37467.42
S500822,2026-06-10 00:00:00,E1046,C2266,P3052,9,R04,594395.2
S500823,2026-03-16 00:00:00,E1076,C2109,P3054,5,R05,36034.33
S500824,2026-01-16 00:00:00,E1058,C2194,P3014,8,R02,76447.26
S500825,2026-03-23 00:00:00,E1045,C2035,P3035,1,R02,44265.39
S500826,2026-04-04 00:00:00,E1091,C2390,P3028,7,R01,349666.49
S500827,2026-02-17 00:00:00,E1035,C2275,P3058,7,R06,277843.79
S500828,2026-09-04 00:00:00,E1103,C2187,P3030,8,R02,333693.47
S500829,2026-05-18 00:00:00,E1031,C2437,P3026,3,R04,119207.57
S500830,2026-03-23 00:00:00,E1073,C2243,P3007,1,R01,60962.67
S500831,2026-02-07 00:00:00,E1072,C2264,P3039,11,R02,301327.15
S500832,2026-05-07 00:00:00,E1120,C2010,P3031,9,R04,536213.77
S500833,2026-01-19 00:00:00,E1057,C2023,P3005,1,R01,21310.96
S500834,2026-06-13 00:00:00,E1069,C2166,P3035,11,R01,518633
S500835,2026-07-06 00:00:00,E1014,C2029,P3050,6,R02,78547.61
S500836,2026-03-04 00:00:00,E1004,C2271,P3047,9,R04,421385.31
S500837,2026-03-18 00:00:00,E1027,C2087,P3052,2,R02,132369.8
S500838,2026-09-05 00:00:00,E1059,C2023,P3014,4,R01,36934.22
S500839,2026-06-23 00:00:00,E1025,C2210,P3036,2,R03,55797.08
S500840,2026-05-11 00:00:00,E1055,C2046,P3027,4,R04,12668.86
S500841,2026-07-21 00:00:00,E1072,C2028,P3024,2,R02,76209.12
S500842,2026-04-12 00:00:00,E1045,C2026,P3040,1,R02,16550.99
S500843,2026-03-06 00:00:00,E1062,C2266,P3029,11,R02,754171.58
S500844,2026-09-04 00:00:00,E1060,C2175,P3053,3,R02,51331.59
S500845,2026-04-30 00:00:00,E1051,C2004,P3045,8,R06,372812.64
S500846,2026-04-01 00:00:00,E1044,C2311,P3022,5,R06,99721.24
S500847,2026-08-26 00:00:00,E1078,C2322,P3008,4,R01,165897.9
S500848,2026-01-08 00:00:00,E1115,C2067,P3015,5,R04,72260.88
S500849,2026-06-28 00:00:00,E1102,C2135,P3049,6,R04,249314.19
S500850,2026-08-26 00:00:00,E1068,C2055,P3005,6,R05,122453.05
S500851,2026-08-22 00:00:00,E1012,C2031,P3052,5,R06,335190.36
S500852,2026-07-28 00:00:00,E1105,C2074,P3004,11,R06,200005.98
S500853,2026-03-14 00:00:00,E1100,C2019,P3011,6,R01,316944.82
S500854,2026-05-14 00:00:00,E1092,C2156,P3018,9,R05,357723.14
S500855,2026-04-17 00:00:00,E1019,C2337,P3042,5,R03,97802.59
S500856,2026-03-30 00:00:00,E1087,C2156,P3049,6,R05,275379.24
S500857,2026-02-08 00:00:00,E1102,C2147,P3030,4,R04,180855.63
S500858,2026-04-23 00:00:00,E1106,C2087,P3015,3,R02,37528
S500859,2026-07-07 00:00:00,E1054,C2020,P3006,6,R06,128224.2
S500860,2026-01-28 00:00:00,E1048,C2269,P3055,11,R04,20603.03
S500861,2026-04-07 00:00:00,E1046,C2333,P3053,11,R04,169517.15
S500862,2026-07-01 00:00:00,E1023,C2043,P3016,5,R02,258274.06
S500863,2026-02-06 00:00:00,E1055,C2395,P3047,4,R04,171282.28
S500864,2026-05-17 00:00:00,E1061,C2432,P3040,5,R03,85523.79
S500865,2026-03-23 00:00:00,E1096,C2399,P3009,7,R03,170685.34
S500866,2026-02-25 00:00:00,E1116,C2401,P3043,1,R06,60721.71
S500867,2026-07-06 00:00:00,E1109,C2438,P3059,1,R02,16529.68
S500868,2026-03-26 00:00:00,E1031,C2306,P3034,11,R04,184818.22
S500869,2026-01-02 00:00:00,E1009,C2028,P3027,1,R04,3273.67
S500870,2026-07-08 00:00:00,E1100,C2260,P3013,2,R01,64554.67
S500871,2026-02-27 00:00:00,E1059,C2022,P3036,9,R01,281240.84
S500872,2026-04-17 00:00:00,E1113,C2375,P3027,5,R06,17669.05
S500873,2026-05-03 00:00:00,E1075,C2101,P3009,9,R05,214802.64
S500874,2026-07-07 00:00:00,E1117,C2039,P3005,5,R05,105134.37
S500875,2026-08-18 00:00:00,E1021,C2290,P3051,7,R04,395912.55
S500876,2026-06-17 00:00:00,E1106,C2353,P3022,6,R02,119532.63
S500877,2026-06-13 00:00:00,E1026,C2300,P3031,2,R05,117321.16
S500878,2026-04-24 00:00:00,E1020,C2170,P3003,3,R02,105324.13
S500879,2026-04-17 00:00:00,E1006,C2296,P3030,5,R02,233634.66
S500880,2026-02-06 00:00:00,E1077,C2353,P3021,4,R05,166993.62
S500881,2026-03-20 00:00:00,E1081,C2396,P3035,11,R06,520303.98
S500882,2026-04-02 00:00:00,E1074,C2130,P3006,6,R05,138485.75
S500883,2026-01-18 00:00:00,E1085,C2156,P3028,8,R02,376451.07
S500884,2026-04-08 00:00:00,E1089,C2074,P3032,8,R06,480146.39
S500885,2026-03-04 00:00:00,E1028,C2342,P3042,3,R04,58737.78
S500886,2026-05-30 00:00:00,E1042,C2090,P3037,4,R03,245893.37
S500887,2026-05-19 00:00:00,E1098,C2067,P3025,1,R03,59777.87
S500888,2026-07-05 00:00:00,E1027,C2236,P3032,2,R02,131967.72
S500889,2026-07-04 00:00:00,E1028,C2200,P3035,9,R04,416359.61
S500890,2026-07-24 00:00:00,E1064,C2332,P3022,10,R02,193976.65
S500891,2026-01-04 00:00:00,E1085,C2227,P3024,10,R02,373881.33
S500892,2026-08-02 00:00:00,E1052,C2348,P3039,2,R05,50366.75
S500893,2026-05-15 00:00:00,E1044,C2233,P3054,6,R06,44260.71
S500894,2026-03-02 00:00:00,E1030,C2266,P3030,7,R01,287318.15
S500895,2026-04-17 00:00:00,E1041,C2086,P3050,6,R01,74704.63
S500896,2026-02-23 00:00:00,E1062,C2102,P3032,8,R02,499018.89
S500897,2026-03-29 00:00:00,E1043,C2441,P3031,9,R01,529638.52
S500898,2026-03-09 00:00:00,E1034,C2214,P3023,8,R06,550787.45
S500899,2026-08-08 00:00:00,E1085,C2108,P3040,5,R02,81616.14
S500900,2026-07-26 00:00:00,E1103,C2165,P3033,8,R02,134239.5
S500901,2026-05-09 00:00:00,E1085,C2091,P3025,10,R02,634740.99
S500902,2026-02-24 00:00:00,E1099,C2192,P3036,10,R01,292658.46
S500903,2026-01-03 00:00:00,E1113,C2335,P3024,9,R06,330969.11
S500904,2026-07-25 00:00:00,E1017,C2086,P3031,8,R02,483103.97
S500905,2026-06-15 00:00:00,E1024,C2222,P3058,2,R02,78019.69
S500906,2026-08-30 00:00:00,E1008,C2363,P3039,2,R06,48719.75
S500907,2026-05-01 00:00:00,E1027,C2424,P3046,3,R02,20674.36
S500908,2026-05-09 00:00:00,E1098,C2101,P3013,7,R03,221908.62
S500909,2026-04-12 00:00:00,E1013,C2226,P3010,9,R05,388845.95
S500910,2026-02-07 00:00:00,E1074,C2364,P3023,8,R05,532554.57
S500911,2026-03-26 00:00:00,E1006,C2060,P3018,9,R02,337667.43
S500912,2026-08-28 00:00:00,E1108,C2250,P3032,6,R05,393133.12
S500913,2026-06-06 00:00:00,E1094,C2048,P3033,1,R04,17394.44
S500914,2026-05-13 00:00:00,E1119,C2117,P3036,4,R06,118706.8
S500915,2026-08-29 00:00:00,E1071,C2227,P3028,6,R05,278252.37
S500916,2026-07-21 00:00:00,E1051,C2362,P3016,6,R06,297230.87
S500917,2026-04-02 00:00:00,E1027,C2403,P3016,8,R02,368930.4
S500918,2026-01-21 00:00:00,E1006,C2033,P3018,1,R02,37899.65
S500919,2026-08-30 00:00:00,E1023,C2044,P3008,11,R02,440766.21
S500920,2026-07-18 00:00:00,E1081,C2165,P3042,2,R06,40980.19
S500921,2026-07-14 00:00:00,E1014,C2368,P3016,2,R02,103602.64
S500922,2026-04-19 00:00:00,E1029,C2345,P3055,6,R04,12108.61
S500923,2026-02-16 00:00:00,E1034,C2292,P3056,11,R06,499581.48
S500924,2026-03-25 00:00:00,E1109,C2337,P3011,7,R02,353264.79
S500925,2026-03-24 00:00:00,E1024,C2344,P3006,2,R02,45029.06
S500926,2026-02-04 00:00:00,E1099,C2405,P3001,5,R01,133988.45
S500927,2026-07-15 00:00:00,E1109,C2386,P3012,6,R02,113136.63
S500928,2026-03-10 00:00:00,E1019,C2287,P3057,4,R03,190232.45
S500929,2026-05-09 00:00:00,E1116,C2364,P3038,1,R06,66275.66
S500930,2026-07-15 00:00:00,E1119,C2225,P3028,3,R06,135021.03
S500931,2026-05-20 00:00:00,E1031,C2286,P3045,10,R04,503503.83
S500932,2026-07-07 00:00:00,E1027,C2204,P3058,9,R02,335519.16
S500933,2026-01-27 00:00:00,E1017,C2172,P3017,6,R02,80609.28
S500934,2026-02-25 00:00:00,E1079,C2012,P3001,2,R02,51629.23
S500935,2026-08-22 00:00:00,E1041,C2307,P3032,9,R01,551897.2
S500936,2026-01-23 00:00:00,E1034,C2121,P3008,4,R06,166363.12
S500937,2026-06-02 00:00:00,E1027,C2433,P3054,11,R02,83041.34
S500938,2026-01-21 00:00:00,E1050,C2244,P3040,8,R02,132574.67
S500939,2026-03-02 00:00:00,E1067,C2152,P3056,10,R01,460461.44
S500940,2026-03-04 00:00:00,E1115,C2152,P3043,7,R04,395475.24
S500941,2026-05-02 00:00:00,E1039,C2188,P3046,11,R04,83522.75
S500942,2026-02-21 00:00:00,E1003,C2395,P3024,3,R05,103561.87
S500943,2026-03-29 00:00:00,E1115,C2013,P3010,8,R04,354464.66
S500944,2026-06-02 00:00:00,E1007,C2091,P3047,4,R01,177891.07
S500945,2026-08-25 00:00:00,E1048,C2200,P3039,2,R04,50483.21
S500946,2026-02-24 00:00:00,E1052,C2074,P3039,11,R05,296898.93
S500947,2026-02-15 00:00:00,E1039,C2256,P3010,5,R04,232145.55
S500948,2026-02-01 00:00:00,E1108,C2448,P3036,1,R05,30282.67
S500949,2026-02-24 00:00:00,E1090,C2276,P3025,8,R03,483326.53
S500950,2026-04-06 00:00:00,E1019,C2328,P3060,8,R03,230280.18
S500951,2026-05-13 00:00:00,E1028,C2329,P3050,3,R04,34749.25
S500952,2026-02-05 00:00:00,E1043,C2071,P3059,1,R01,16003.38
S500953,2026-04-20 00:00:00,E1074,C2078,P3057,4,R05,174775.12
S500954,2026-08-22 00:00:00,E1094,C2284,P3010,9,R04,417996.99
S500955,2026-06-26 00:00:00,E1076,C2130,P3019,9,R05,496985.84
S500956,2026-04-16 00:00:00,E1018,C2377,P3046,1,R04,6685.07
S500957,2026-02-27 00:00:00,E1064,C2043,P3045,11,R02,526931.74
S500958,2026-02-08 00:00:00,E1030,C2008,P3015,7,R01,90123.2
S500959,2026-03-21 00:00:00,E1060,C2013,P3016,6,R02,313821.15
S500960,2026-04-07 00:00:00,E1072,C2213,P3002,7,R02,56292.82
S500961,2026-04-23 00:00:00,E1080,C2111,P3029,7,R01,465082.03
S500962,2026-08-01 00:00:00,E1023,C2291,P3004,8,R02,156582.79
S500963,2026-03-02 00:00:00,E1120,C2023,P3053,8,R04,132895.37
S500964,2026-05-17 00:00:00,E1007,C2302,P3050,10,R01,118683.45
S500965,2026-01-06 00:00:00,E1027,C2254,P3029,11,R02,757607.65
S500966,2026-08-31 00:00:00,E1041,C2015,P3031,2,R01,122114.19
S500967,2026-04-19 00:00:00,E1013,C2130,P3017,4,R05,49941.1
S500968,2026-02-04 00:00:00,E1101,C2061,P3010,4,R01,176276.59
S500969,2026-02-08 00:00:00,E1015,C2115,P3027,11,R02,35495.02
S500970,2026-05-30 00:00:00,E1023,C2320,P3053,10,R02,161434.05
S500971,2026-06-18 00:00:00,E1053,C2308,P3041,8,R06,481146.99
S500972,2026-04-28 00:00:00,E1024,C2420,P3015,3,R02,40492.03
S500973,2026-01-05 00:00:00,E1050,C2023,P3060,3,R02,80046.79
S500974,2026-06-19 00:00:00,E1073,C2325,P3044,2,R01,57748.01
S500975,2026-03-28 00:00:00,E1106,C2067,P3031,1,R02,60920.28
S500976,2026-07-28 00:00:00,E1052,C2249,P3021,8,R05,323916.14
S500977,2026-03-17 00:00:00,E1091,C2175,P3060,9,R01,261492.2
S500978,2026-08-03 00:00:00,E1014,C2339,P3059,9,R02,146348.58
S500979,2026-07-27 00:00:00,E1087,C2002,P3058,11,R05,459747.69
S500980,2026-07-14 00:00:00,E1107,C2172,P3041,8,R03,482398.72
S500981,2026-06-07 00:00:00,E1011,C2448,P3046,5,R01,38190.04
S500982,2026-02-26 00:00:00,E1119,C2334,P3045,1,R06,47421.79
S500983,2026-05-07 00:00:00,E1057,C2284,P3060,9,R01,264996
S500984,2026-08-02 00:00:00,E1010,C2054,P3026,6,R05,233840.88
S500985,2026-07-20 00:00:00,E1081,C2067,P3038,7,R06,479500.2
S500986,2026-01-29 00:00:00,E1054,C2420,P3051,8,R06,406388
S500987,2026-08-27 00:00:00,E1003,C2102,P3036,5,R05,157104.34
S500988,2026-06-14 00:00:00,E1026,C2120,P3052,6,R05,375240.88
S500989,2026-03-28 00:00:00,E1014,C2191,P3017,7,R02,99427.04
S500990,2026-05-21 00:00:00,E1100,C2409,P3051,7,R01,391517.57
S500991,2026-06-09 00:00:00,E1053,C2304,P3003,2,R06,69954.71
S500992,2026-02-15 00:00:00,E1060,C2423,P3014,11,R02,106629.54
S500993,2026-04-26 00:00:00,E1035,C2047,P3049,1,R06,41563.31
S500994,2026-08-27 00:00:00,E1036,C2222,P3013,8,R05,260533.05
S500995,2026-04-22 00:00:00,E1104,C2021,P3041,5,R04,297389.56
S500996,2026-05-31 00:00:00,E1004,C2158,P3027,10,R04,36649.56
S500997,2026-02-14 00:00:00,E1108,C2348,P3001,2,R05,48189.93
S500998,2026-05-25 00:00:00,E1061,C2159,P3057,3,R03,128828.71
S500999,2026-09-04 00:00:00,E1072,C2377,P3017,6,R02,83802.46
S501000,2026-04-14 00:00:00,E1050,C2372,P3048,10,R02,353238.56
S501001,2026-03-26 00:00:00,E1066,C2410,P3050,6,R04,69500.6
S501002,2026-07-13 00:00:00,E1115,C2235,P3034,8,R04,115922.7
S501003,2026-08-17 00:00:00,E1020,C2150,P3014,5,R02,43923.47
S501004,2026-05-14 00:00:00,E1069,C2405,P3054,5,R01,38056.87
S501005,2026-04-18 00:00:00,E1084,C2257,P3055,7,R01,14331.67
S501006,2026-01-18 00:00:00,E1105,C2165,P3059,10,R06,167269.68
S501007,2026-04-04 00:00:00,E1075,C2077,P3017,5,R05,62177.18
S501008,2026-05-30 00:00:00,E1118,C2085,P3003,9,R02,323592.9
S501009,2026-09-03 00:00:00,E1078,C2046,P3034,6,R01,90389.94
S501010,2026-02-02 00:00:00,E1006,C2393,P3040,7,R02,127180.86
S501011,2026-06-07 00:00:00,E1069,C2401,P3025,8,R01,467989.05
S501012,2026-07-28 00:00:00,E1012,C2047,P3002,5,R06,39226.15
S501013,2026-05-06 00:00:00,E1096,C2213,P3034,11,R03,182035.54
S501014,2026-08-23 00:00:00,E1070,C2059,P3026,4,R06,162267.61
S501015,2026-06-09 00:00:00,E1071,C2054,P3031,8,R05,467474.68
S501016,2026-06-19 00:00:00,E1002,C2342,P3009,10,R06,238832.03
S501017,2026-08-31 00:00:00,E1093,C2012,P3030,9,R05,382474.95
S501018,2026-07-25 00:00:00,E1094,C2192,P3020,1,R04,8516.94
S501019,2026-05-02 00:00:00,E1065,C2006,P3021,3,R02,116543.88
S501020,2026-05-18 00:00:00,E1030,C2309,P3029,4,R01,292697.77
S501021,2026-08-27 00:00:00,E1084,C2144,P3059,7,R01,112495.52
S501022,2026-04-25 00:00:00,E1013,C2346,P3025,6,R05,329745.43
S501023,2026-06-13 00:00:00,E1079,C2261,P3038,10,R02,644534.9
S501024,2026-06-11 00:00:00,E1043,C2073,P3058,10,R01,429034.36
S501025,2026-07-20 00:00:00,E1003,C2174,P3044,11,R05,367857.29
S501026,2026-08-22 00:00:00,E1038,C2232,P3025,1,R01,56281.87
S501027,2026-01-28 00:00:00,E1047,C2270,P3009,4,R02,86770.5
S501028,2026-01-11 00:00:00,E1082,C2428,P3039,6,R04,152479.93
S501029,2026-07-25 00:00:00,E1050,C2447,P3044,3,R02,91038.55
S501030,2026-06-16 00:00:00,E1025,C2362,P3026,2,R03,83912.43
S501031,2026-09-04 00:00:00,E1101,C2222,P3057,2,R01,88212.44
S501032,2026-02-16 00:00:00,E1023,C2052,P3037,10,R02,641000.33
S501033,2026-09-03 00:00:00,E1102,C2116,P3016,4,R04,207172.91
S501034,2026-05-07 00:00:00,E1012,C2026,P3037,1,R06,62194.27
S501035,2026-05-27 00:00:00,E1060,C2053,P3012,10,R02,211449.09
S501036,2026-04-28 00:00:00,E1048,C2365,P3024,2,R04,67647.25
S501037,2026-05-23 00:00:00,E1030,C2029,P3026,10,R01,382458.31
S501038,2026-05-06 00:00:00,E1036,C2019,P3020,2,R05,16685.68
S501039,2026-06-05 00:00:00,E1114,C2303,P3009,4,R05,88127.51
S501040,2026-06-01 00:00:00,E1120,C2392,P3023,4,R04,260144.71
S501041,2026-03-13 00:00:00,E1016,C2279,P3039,1,R02,27649.48
S501042,2026-04-17 00:00:00,E1062,C2117,P3029,7,R02,496294.89
S501043,2026-05-17 00:00:00,E1097,C2106,P3031,7,R04,416076.08
S501044,2026-06-24 00:00:00,E1044,C2419,P3019,10,R06,537230.41
S501045,2026-02-02 00:00:00,E1107,C2309,P3020,11,R03,86098.05
S501046,2026-07-09 00:00:00,E1045,C2227,P3023,10,R02,753382.22
S501047,2026-08-13 00:00:00,E1082,C2352,P3043,10,R04,562018.75
S501048,2026-01-19 00:00:00,E1076,C2186,P3027,1,R05,3481.61
S501049,2026-07-14 00:00:00,E1051,C2261,P3030,11,R06,505679.27
S501050,2026-03-15 00:00:00,E1066,C2016,P3021,8,R04,331141.02
S501051,2026-06-17 00:00:00,E1033,C2273,P3044,10,R01,323472.77
S501052,2026-06-24 00:00:00,E1066,C2160,P3035,7,R04,333993.95
S501053,2026-08-22 00:00:00,E1117,C2358,P3049,7,R05,312273.41
S501054,2026-07-12 00:00:00,E1003,C2250,P3007,11,R05,627502.58
S501055,2026-06-06 00:00:00,E1025,C2224,P3022,6,R03,114735.61
S501056,2026-06-27 00:00:00,E1089,C2256,P3010,4,R06,190231.31
S501057,2026-04-08 00:00:00,E1068,C2180,P3023,11,R05,768587.26
S501058,2026-08-31 00:00:00,E1039,C2020,P3015,8,R04,110576.04
S501059,2026-05-21 00:00:00,E1032,C2112,P3030,2,R02,87712.1
S501060,2026-09-03 00:00:00,E1117,C2120,P3034,7,R05,103483.57
S501061,2026-05-09 00:00:00,E1106,C2194,P3013,3,R02,84961.29
S501062,2026-06-11 00:00:00,E1027,C2111,P3060,3,R02,92198.27
S501063,2026-04-03 00:00:00,E1030,C2210,P3004,7,R01,135003.32
S501064,2026-06-25 00:00:00,E1069,C2001,P3018,3,R01,108511.68
S501065,2026-08-27 00:00:00,E1080,C2058,P3056,5,R01,248088.6
S501066,2026-07-24 00:00:00,E1026,C2093,P3023,8,R05,565351.4
S501067,2026-02-17 00:00:00,E1050,C2221,P3033,4,R02,70288.43
S501068,2026-06-26 00:00:00,E1067,C2211,P3034,7,R01,103575.07
S501069,2026-09-02 00:00:00,E1055,C2428,P3034,7,R04,116763.86
S501070,2026-03-05 00:00:00,E1069,C2232,P3036,2,R01,61241.32
S501071,2026-03-02 00:00:00,E1120,C2262,P3035,8,R04,371311.83
S501072,2026-06-06 00:00:00,E1092,C2364,P3017,10,R05,124962.83
S501073,2026-02-08 00:00:00,E1019,C2103,P3028,10,R03,450705.03
S501074,2026-05-08 00:00:00,E1010,C2050,P3014,9,R05,79203.82
S501075,2026-03-29 00:00:00,E1039,C2374,P3034,6,R04,100701.82
S501076,2026-01-26 00:00:00,E1089,C2110,P3048,5,R06,157817.2
S501077,2026-01-17 00:00:00,E1022,C2088,P3011,1,R01,54108.06
S501078,2026-03-12 00:00:00,E1067,C2020,P3057,1,R01,41359.88
S501079,2026-01-13 00:00:00,E1022,C2014,P3013,9,R01,260735.21
S501080,2026-03-10 00:00:00,E1028,C2133,P3033,4,R04,65790.69
S501081,2026-01-26 00:00:00,E1108,C2425,P3057,1,R05,46505.28
S501082,2026-02-18 00:00:00,E1072,C2296,P3055,11,R02,22597.16
S501083,2026-07-14 00:00:00,E1046,C2034,P3002,10,R04,81670.93
S501084,2026-01-07 00:00:00,E1102,C2380,P3034,3,R04,50113.07
S501085,2026-02-27 00:00:00,E1029,C2208,P3053,6,R04,90043.94
S501086,2026-02-18 00:00:00,E1047,C2301,P3029,11,R02,804259.34
S501087,2026-04-13 00:00:00,E1018,C2199,P3037,11,R04,670914.89
S501088,2026-02-22 00:00:00,E1042,C2080,P3004,8,R03,160200.76
S501089,2026-07-12 00:00:00,E1118,C2071,P3012,10,R02,188420.54
S501090,2026-08-29 00:00:00,E1004,C2155,P3026,2,R04,84696.69
S501091,2026-03-03 00:00:00,E1078,C2078,P3058,8,R01,303909.1
S501092,2026-01-17 00:00:00,E1105,C2078,P3028,1,R06,45202.79
S501093,2026-06-20 00:00:00,E1078,C2172,P3003,11,R01,363772.88
S501094,2026-01-25 00:00:00,E1068,C2289,P3020,2,R05,15136.11
S501095,2026-05-11 00:00:00,E1048,C2033,P3010,8,R04,354817.49
S501096,2026-07-26 00:00:00,E1088,C2300,P3052,7,R04,463519.39
S501097,2026-01-29 00:00:00,E1089,C2276,P3018,5,R06,200700.25
S501098,2026-04-27 00:00:00,E1031,C2367,P3053,10,R04,153868.13
S501099,2026-08-23 00:00:00,E1071,C2420,P3053,2,R05,30360.99
S501100,2026-06-09 00:00:00,E1010,C2007,P3053,9,R05,141900.78
S501101,2026-01-26 00:00:00,E1087,C2160,P3027,5,R05,18043.23
S501102,2026-05-04 00:00:00,E1012,C2240,P3031,8,R06,449432.92
S501103,2026-05-24 00:00:00,E1071,C2023,P3027,4,R05,13720.84
S501104,2026-01-25 00:00:00,E1101,C2423,P3042,9,R01,170905.9
S501105,2026-02-23 00:00:00,E1093,C2024,P3001,10,R05,257518.97
S501106,2026-06-05 00:00:00,E1115,C2214,P3006,7,R04,149376.79
S501107,2026-03-14 00:00:00,E1068,C2070,P3011,2,R05,98104.28
S501108,2026-04-30 00:00:00,E1090,C2368,P3034,3,R03,44853.68
S501109,2026-02-25 00:00:00,E1032,C2216,P3039,2,R02,50045.02
S501110,2026-03-06 00:00:00,E1034,C2104,P3020,5,R06,38782.85
S501111,2026-04-03 00:00:00,E1041,C2215,P3053,2,R01,32796.99
S501112,2026-03-27 00:00:00,E1096,C2054,P3021,5,R03,193713.66
S501113,2026-03-21 00:00:00,E1048,C2294,P3021,9,R04,350171.88
S501114,2026-06-18 00:00:00,E1038,C2330,P3018,2,R01,73347.23
S501115,2026-08-31 00:00:00,E1117,C2336,P3021,9,R05,395737.35
S501116,2026-04-18 00:00:00,E1094,C2203,P3019,7,R04,370630.29
S501117,2026-06-28 00:00:00,E1062,C2288,P3004,7,R02,137408.93
S501118,2026-04-28 00:00:00,E1032,C2045,P3013,5,R02,148888.74
S501119,2026-08-21 00:00:00,E1012,C2317,P3018,8,R06,294551.08
S501120,2026-07-18 00:00:00,E1089,C2198,P3052,7,R06,410468.37
S501121,2026-07-25 00:00:00,E1003,C2216,P3029,6,R05,416762.93
S501122,2026-06-06 00:00:00,E1106,C2309,P3025,2,R02,119319.14
S501123,2026-03-24 00:00:00,E1107,C2384,P3056,6,R03,299423.95
S501124,2026-05-27 00:00:00,E1028,C2435,P3013,2,R04,64339.59
S501125,2026-07-13 00:00:00,E1101,C2332,P3027,1,R01,3368.23
S501126,2026-06-18 00:00:00,E1003,C2184,P3060,9,R05,255560.74
S501127,2026-06-22 00:00:00,E1105,C2027,P3019,5,R06,246065.44
S501128,2026-01-15 00:00:00,E1103,C2166,P3049,10,R02,413920.68
S501129,2026-05-11 00:00:00,E1022,C2318,P3001,10,R01,275646.26
S501130,2026-05-19 00:00:00,E1060,C2274,P3038,4,R02,248810.45
S501131,2026-06-30 00:00:00,E1006,C2383,P3019,11,R02,612301.28
S501132,2026-06-23 00:00:00,E1054,C2365,P3052,8,R06,505371.98
S501133,2026-01-30 00:00:00,E1047,C2103,P3001,5,R02,128488.73
S501134,2026-02-26 00:00:00,E1087,C2448,P3040,7,R05,116415.85
S501135,2026-08-20 00:00:00,E1095,C2333,P3017,3,R05,41405.7
S501136,2026-05-26 00:00:00,E1021,C2373,P3021,8,R04,330665.98
S501137,2026-06-28 00:00:00,E1063,C2104,P3022,8,R05,148523.63
S501138,2026-05-08 00:00:00,E1039,C2414,P3015,3,R04,38877.02
S501139,2026-02-17 00:00:00,E1021,C2245,P3050,9,R04,104903.09
S501140,2026-07-13 00:00:00,E1116,C2305,P3039,8,R06,208630.89
S501141,2026-08-12 00:00:00,E1026,C2169,P3048,1,R05,32214.42
S501142,2026-05-16 00:00:00,E1003,C2116,P3039,8,R05,214664.43
S501143,2026-01-22 00:00:00,E1033,C2141,P3032,11,R01,736012.63
S501144,2026-01-06 00:00:00,E1027,C2418,P3049,4,R02,167543.68
S501145,2026-07-23 00:00:00,E1072,C2356,P3004,6,R02,116707.24
S501146,2026-08-27 00:00:00,E1043,C2125,P3044,10,R01,299706.96
S501147,2026-07-04 00:00:00,E1069,C2025,P3045,9,R01,455440.58
S501148,2026-04-14 00:00:00,E1099,C2194,P3032,5,R01,299349.91
S501149,2026-02-05 00:00:00,E1002,C2384,P3004,7,R06,125592.8
S501150,2026-03-20 00:00:00,E1053,C2100,P3053,1,R06,15410.78
S501151,2026-08-08 00:00:00,E1006,C2402,P3001,9,R02,242610.82
S501152,2026-04-26 00:00:00,E1014,C2005,P3033,6,R02,94447.8
S501153,2026-02-26 00:00:00,E1020,C2019,P3007,11,R02,615437.64
S501154,2026-02-18 00:00:00,E1013,C2170,P3009,4,R05,89733.86
S501155,2026-06-22 00:00:00,E1050,C2274,P3001,6,R02,143501.62
S501156,2026-03-23 00:00:00,E1026,C2254,P3016,5,R05,259480.64
S501157,2026-03-07 00:00:00,E1059,C2121,P3018,3,R01,116623.46
S501158,2026-03-18 00:00:00,E1117,C2032,P3054,7,R05,53652.04
S501159,2026-02-14 00:00:00,E1036,C2149,P3047,3,R05,127240.08
S501160,2026-09-03 00:00:00,E1078,C2266,P3006,2,R01,43686.36
S501161,2026-03-20 00:00:00,E1096,C2037,P3002,4,R03,31628.31
S501162,2026-01-20 00:00:00,E1006,C2177,P3009,7,R02,164851.24
S501163,2026-07-11 00:00:00,E1100,C2342,P3004,5,R01,91042.74
S501164,2026-08-09 00:00:00,E1023,C2013,P3045,9,R02,446538.76
S501165,2026-05-03 00:00:00,E1105,C2183,P3023,10,R06,736057.24
S501166,2026-08-22 00:00:00,E1079,C2145,P3054,7,R02,46908.89
S501167,2026-08-09 00:00:00,E1059,C2265,P3043,9,R01,559911.42
S501168,2026-03-08 00:00:00,E1049,C2088,P3045,9,R04,423277.12
S501169,2026-03-24 00:00:00,E1056,C2428,P3043,2,R06,128688.98
S501170,2026-01-03 00:00:00,E1004,C2046,P3051,1,R04,54265.24
S501171,2026-07-01 00:00:00,E1055,C2392,P3008,11,R04,403701.78
S501172,2026-07-25 00:00:00,E1086,C2119,P3039,4,R02,102460.97
S501173,2026-03-05 00:00:00,E1032,C2421,P3025,4,R02,252868.51
S501174,2026-02-09 00:00:00,E1071,C2019,P3016,2,R05,103304.95
S501175,2026-02-28 00:00:00,E1090,C2447,P3035,3,R03,130195.45
S501176,2026-07-02 00:00:00,E1106,C2220,P3017,3,R02,40869.45
S501177,2026-03-03 00:00:00,E1120,C2430,P3018,5,R04,195527.88
S501178,2026-05-12 00:00:00,E1034,C2233,P3060,1,R06,26626.41
S501179,2026-03-01 00:00:00,E1074,C2094,P3027,9,R05,29154.03
S501180,2026-04-26 00:00:00,E1090,C2251,P3015,8,R03,108425.96
S501181,2026-03-16 00:00:00,E1052,C2250,P3060,8,R05,226428.63
S501182,2026-05-02 00:00:00,E1086,C2282,P3017,3,R02,38475.01
S501183,2026-08-11 00:00:00,E1017,C2232,P3043,2,R02,125444.22
S501184,2026-04-17 00:00:00,E1116,C2046,P3005,1,R06,20970.08
S501185,2026-04-06 00:00:00,E1118,C2374,P3016,6,R02,290556.62
S501186,2026-04-01 00:00:00,E1078,C2046,P3015,10,R01,127462.71
S501187,2026-06-07 00:00:00,E1079,C2014,P3042,1,R02,20618.65
S501188,2026-08-23 00:00:00,E1111,C2085,P3046,11,R02,81298.92
S501189,2026-05-10 00:00:00,E1108,C2319,P3034,5,R05,80537.14
S501190,2026-03-03 00:00:00,E1041,C2328,P3048,9,R01,285676.03
S501191,2026-02-18 00:00:00,E1091,C2003,P3019,11,R01,579496.09
S501192,2026-05-17 00:00:00,E1048,C2028,P3008,9,R04,378040.75
S501193,2026-04-02 00:00:00,E1098,C2381,P3047,4,R03,178715.73
S501194,2026-06-08 00:00:00,E1090,C2157,P3010,7,R03,299148.25
S501195,2026-05-04 00:00:00,E1114,C2343,P3005,11,R05,240736.46
S501196,2026-08-14 00:00:00,E1049,C2402,P3052,7,R04,419912.43
S501197,2026-03-02 00:00:00,E1046,C2419,P3048,4,R04,127650.13
S501198,2026-09-05 00:00:00,E1010,C2333,P3053,5,R05,75272.65
S501199,2026-07-26 00:00:00,E1106,C2332,P3026,11,R02,427945.76
S501200,2026-02-17 00:00:00,E1116,C2175,P3022,9,R06,168129.59
S501201,2026-06-02 00:00:00,E1089,C2114,P3044,7,R06,203274.52
S501202,2026-06-13 00:00:00,E1052,C2389,P3023,7,R05,521151.91
S501203,2026-05-16 00:00:00,E1079,C2331,P3013,10,R02,304476.52
S501204,2026-07-20 00:00:00,E1062,C2250,P3009,7,R02,162701.54
S501205,2026-02-27 00:00:00,E1098,C2059,P3049,9,R03,379305.72
S501206,2026-04-11 00:00:00,E1116,C2203,P3020,5,R06,41214.83
S501207,2026-04-22 00:00:00,E1016,C2315,P3028,6,R02,275410.59
S501208,2026-06-22 00:00:00,E1037,C2239,P3044,3,R02,97132.99
S501209,2026-03-03 00:00:00,E1115,C2234,P3057,1,R04,46689.37
S501210,2026-02-08 00:00:00,E1065,C2303,P3037,11,R02,693864.9
S501211,2026-08-12 00:00:00,E1071,C2095,P3024,2,R05,70875.73
S501212,2026-02-27 00:00:00,E1088,C2141,P3044,8,R04,259824.1
S501213,2026-09-01 00:00:00,E1082,C2334,P3033,1,R04,16851.66
S501214,2026-07-28 00:00:00,E1043,C2113,P3020,10,R01,75529.55
S501215,2026-04-09 00:00:00,E1076,C2109,P3060,7,R05,189262.39
S501216,2026-08-17 00:00:00,E1025,C2362,P3048,5,R03,177291.17
S501217,2026-07-30 00:00:00,E1084,C2345,P3030,6,R01,252882.27
S501218,2026-07-11 00:00:00,E1051,C2289,P3044,8,R06,261113.42
S501219,2026-02-13 00:00:00,E1019,C2097,P3009,4,R03,88154.44
S501220,2026-01-29 00:00:00,E1008,C2446,P3045,6,R06,290249.5
S501221,2026-02-28 00:00:00,E1005,C2335,P3049,11,R02,484236.1
S501222,2026-03-12 00:00:00,E1092,C2016,P3017,3,R05,38281.26
S501223,2026-04-02 00:00:00,E1071,C2044,P3036,7,R05,219116.13
S501224,2026-01-09 00:00:00,E1062,C2442,P3014,2,R02,18787.26
S501225,2026-05-07 00:00:00,E1057,C2376,P3019,8,R01,418112.5
S501226,2026-08-08 00:00:00,E1017,C2230,P3007,7,R02,415555.16
S501227,2026-05-14 00:00:00,E1101,C2390,P3059,8,R01,128866.34
S501228,2026-06-06 00:00:00,E1092,C2108,P3003,2,R05,70606.69
S501229,2026-07-05 00:00:00,E1084,C2217,P3033,3,R01,47381.11
S501230,2026-05-25 00:00:00,E1030,C2399,P3044,4,R01,120824.96
S501231,2026-05-24 00:00:00,E1024,C2260,P3032,9,R02,618026.32
S501232,2026-08-03 00:00:00,E1119,C2312,P3047,5,R06,231177.75
S501233,2026-08-11 00:00:00,E1015,C2320,P3011,6,R02,326374.05
S501234,2026-05-11 00:00:00,E1081,C2196,P3042,1,R06,20502.39
S501235,2026-01-21 00:00:00,E1051,C2418,P3002,4,R06,29105.02
S501236,2026-03-05 00:00:00,E1034,C2095,P3026,4,R06,163733.65
S501237,2026-03-31 00:00:00,E1026,C2056,P3004,10,R05,197028.16
S501238,2026-02-05 00:00:00,E1022,C2032,P3017,8,R01,101744.21
S501239,2026-08-22 00:00:00,E1018,C2231,P3017,8,R04,112990.39
S501240,2026-08-17 00:00:00,E1024,C2372,P3028,10,R02,467839.36
S501241,2026-09-02 00:00:00,E1059,C2009,P3030,6,R01,244364.59
S501242,2026-08-02 00:00:00,E1109,C2191,P3040,8,R02,140483.52
S501243,2026-03-03 00:00:00,E1083,C2361,P3023,9,R02,623634.59
S501244,2026-06-19 00:00:00,E1060,C2200,P3046,5,R02,34904
S501245,2026-03-17 00:00:00,E1015,C2334,P3024,1,R02,36966.03
S501246,2026-06-19 00:00:00,E1095,C2161,P3029,1,R05,73859.91
S501247,2026-07-08 00:00:00,E1021,C2087,P3004,2,R04,39448.01
S501248,2026-01-13 00:00:00,E1031,C2021,P3038,2,R04,138702.05
S501249,2026-01-11 00:00:00,E1020,C2311,P3029,5,R02,369796.3
S501250,2026-02-23 00:00:00,E1055,C2076,P3019,7,R04,386511.17
S501251,2026-01-16 00:00:00,E1105,C2441,P3027,7,R06,22439.77
S501252,2026-01-08 00:00:00,E1058,C2386,P3029,4,R02,276465.27
S501253,2026-04-14 00:00:00,E1079,C2141,P3056,4,R02,173662.82
S501254,2026-02-28 00:00:00,E1084,C2126,P3036,11,R01,332530.51
S501255,2026-02-26 00:00:00,E1024,C2251,P3035,10,R02,476950.54
S501256,2026-02-09 00:00:00,E1064,C2388,P3052,3,R02,180609.83
S501257,2026-08-25 00:00:00,E1112,C2084,P3006,11,R02,254389.27
S501258,2026-07-06 00:00:00,E1034,C2434,P3059,2,R06,35058.5
S501259,2026-05-10 00:00:00,E1105,C2371,P3023,3,R06,200229.68
S501260,2026-04-04 00:00:00,E1106,C2048,P3039,8,R02,199644.73
S501261,2026-08-10 00:00:00,E1019,C2379,P3046,1,R03,7164.37
S501262,2026-07-23 00:00:00,E1075,C2078,P3044,4,R05,118533.03
S501263,2026-05-18 00:00:00,E1034,C2030,P3048,7,R06,235220.01
S501264,2026-02-13 00:00:00,E1033,C2285,P3052,5,R01,314876.77
S501265,2026-05-19 00:00:00,E1063,C2136,P3008,2,R05,79310.56
S501266,2026-07-26 00:00:00,E1056,C2140,P3055,1,R06,1855.96
S501267,2026-03-21 00:00:00,E1018,C2041,P3002,6,R04,45934.17
S501268,2026-03-22 00:00:00,E1020,C2282,P3013,5,R02,141389.01
S501269,2026-08-06 00:00:00,E1093,C2050,P3040,3,R05,55604.4
S501270,2026-01-02 00:00:00,E1072,C2258,P3057,11,R02,477583.03
S501271,2026-06-27 00:00:00,E1101,C2311,P3021,11,R01,482572.15
S501272,2026-05-20 00:00:00,E1103,C2360,P3031,11,R02,679877.75
S501273,2026-04-25 00:00:00,E1035,C2440,P3052,9,R06,591393.99
S501274,2026-03-31 00:00:00,E1086,C2270,P3048,3,R02,96668.31
S501275,2026-01-23 00:00:00,E1026,C2134,P3036,2,R05,57870.15
S501276,2026-05-26 00:00:00,E1070,C2234,P3048,5,R06,163466.21
S501277,2026-03-03 00:00:00,E1076,C2128,P3052,9,R05,526544.5
S501278,2026-08-12 00:00:00,E1076,C2104,P3038,8,R05,560641.14
S501279,2026-04-23 00:00:00,E1090,C2254,P3027,6,R03,20090.87
S501280,2026-05-08 00:00:00,E1087,C2095,P3036,3,R05,97409.79
S501281,2026-03-03 00:00:00,E1012,C2337,P3048,6,R06,207019.81
S501282,2026-02-07 00:00:00,E1093,C2217,P3023,5,R05,329391.14
S501283,2026-08-27 00:00:00,E1017,C2061,P3055,1,R02,2015.02
S501284,2026-07-14 00:00:00,E1092,C2268,P3021,5,R05,200619.46
S501285,2026-06-15 00:00:00,E1063,C2241,P3013,7,R05,204300.34
S501286,2026-07-14 00:00:00,E1096,C2013,P3037,9,R03,532370.92
S501287,2026-08-10 00:00:00,E1115,C2147,P3047,1,R04,48637.45
S501288,2026-03-02 00:00:00,E1082,C2428,P3026,3,R04,121034.46
S501289,2026-05-09 00:00:00,E1008,C2240,P3040,8,R06,143708.98
S501290,2026-08-10 00:00:00,E1017,C2089,P3007,6,R02,340732.44
S501291,2026-06-22 00:00:00,E1101,C2095,P3046,5,R01,36159.64
S501292,2026-08-12 00:00:00,E1017,C2315,P3039,10,R02,254019.09
S501293,2026-06-05 00:00:00,E1042,C2293,P3022,2,R03,36842.26
S501294,2026-05-29 00:00:00,E1013,C2025,P3039,3,R05,74968.08
S501295,2026-05-02 00:00:00,E1036,C2272,P3023,2,R05,138874.42
S501296,2026-04-20 00:00:00,E1115,C2166,P3058,1,R04,41074.7
S501297,2026-01-13 00:00:00,E1022,C2427,P3030,7,R01,295432
S501298,2026-06-04 00:00:00,E1052,C2250,P3018,3,R05,123829.45
S501299,2026-04-10 00:00:00,E1045,C2087,P3042,7,R02,133708.46
S501300,2026-05-15 00:00:00,E1102,C2142,P3018,7,R04,268807.15
S501301,2026-01-22 00:00:00,E1114,C2134,P3046,8,R05,53971.23
S501302,2026-03-15 00:00:00,E1018,C2279,P3010,1,R04,41441.16
S501303,2026-08-19 00:00:00,E1033,C2126,P3039,5,R01,138461.77
S501304,2026-06-30 00:00:00,E1043,C2316,P3030,10,R01,461953.3
S501305,2026-07-26 00:00:00,E1007,C2396,P3026,9,R01,373950.45
S501306,2026-07-26 00:00:00,E1090,C2141,P3007,11,R03,682782.45
S501307,2026-05-12 00:00:00,E1028,C2356,P3007,7,R04,430552.27
S501308,2026-08-12 00:00:00,E1021,C2103,P3005,1,R04,21481.46
S501309,2026-01-23 00:00:00,E1026,C2226,P3001,8,R05,218023.21
S501310,2026-04-29 00:00:00,E1068,C2390,P3046,3,R05,21256.23
S501311,2026-03-11 00:00:00,E1010,C2063,P3018,4,R05,155323.65
S501312,2026-08-04 00:00:00,E1094,C2294,P3013,4,R04,126701.29
S501313,2026-03-25 00:00:00,E1055,C2384,P3025,10,R04,552176.62
S501314,2026-04-11 00:00:00,E1063,C2306,P3040,8,R05,147785.18
S501315,2026-03-25 00:00:00,E1039,C2254,P3008,1,R04,37451.05
S501316,2026-07-23 00:00:00,E1004,C2180,P3010,8,R04,377871.99
S501317,2026-06-10 00:00:00,E1086,C2040,P3032,9,R02,565274.41
S501318,2026-01-28 00:00:00,E1072,C2264,P3017,9,R02,117974.9
S501319,2026-05-16 00:00:00,E1105,C2189,P3038,5,R06,307615.42
S501320,2026-01-01 00:00:00,E1099,C2008,P3015,4,R01,56977.69
S501321,2026-06-14 00:00:00,E1057,C2104,P3015,4,R01,51091.27
S501322,2026-03-04 00:00:00,E1002,C2225,P3057,9,R06,408416.9
S501323,2026-01-22 00:00:00,E1103,C2034,P3048,8,R02,271230.38
S501324,2026-03-11 00:00:00,E1072,C2236,P3040,10,R02,169177.19
S501325,2026-05-05 00:00:00,E1047,C2228,P3051,10,R02,579788.66
S501326,2026-05-29 00:00:00,E1100,C2188,P3020,7,R01,52461.12
S501327,2026-04-06 00:00:00,E1049,C2313,P3015,3,R04,41007.86
S501328,2026-06-12 00:00:00,E1081,C2430,P3035,4,R06,178527.62
S501329,2026-03-20 00:00:00,E1111,C2022,P3006,9,R02,195776.52
S501330,2026-01-05 00:00:00,E1027,C2343,P3030,8,R02,334462.52
S501331,2026-03-01 00:00:00,E1015,C2040,P3057,1,R02,46112.26
S501332,2026-04-30 00:00:00,E1056,C2173,P3008,3,R06,126212.65
S501333,2026-02-15 00:00:00,E1073,C2439,P3031,10,R01,563277.95
S501334,2026-06-27 00:00:00,E1048,C2179,P3048,2,R04,63215.07
S501335,2026-06-25 00:00:00,E1032,C2086,P3047,2,R02,98262.19
S501336,2026-05-14 00:00:00,E1090,C2133,P3032,8,R03,478875.9
S501337,2026-08-05 00:00:00,E1061,C2351,P3045,6,R03,293746.15
S501338,2026-02-25 00:00:00,E1097,C2013,P3058,6,R04,241122.68
S501339,2026-04-20 00:00:00,E1030,C2028,P3052,4,R01,243301.58
S501340,2026-07-06 00:00:00,E1108,C2084,P3015,1,R05,13783.38
S501341,2026-09-05 00:00:00,E1098,C2318,P3018,11,R03,452704.82
S501342,2026-08-20 00:00:00,E1018,C2349,P3013,7,R04,211057.06
S501343,2026-06-06 00:00:00,E1015,C2343,P3024,8,R02,294774.47
S501344,2026-07-18 00:00:00,E1106,C2280,P3040,2,R02,35801.19
S501345,2026-04-14 00:00:00,E1037,C2354,P3014,2,R02,18177.94
S501346,2026-03-18 00:00:00,E1060,C2263,P3028,1,R02,43175.76
S501347,2026-08-18 00:00:00,E1114,C2166,P3011,4,R05,217551.92
S501348,2026-05-26 00:00:00,E1025,C2293,P3006,6,R03,132978.77
S501349,2026-01-02 00:00:00,E1111,C2068,P3056,5,R02,225189.94
S501350,2026-01-08 00:00:00,E1065,C2226,P3025,4,R02,252213.56
S501351,2026-03-16 00:00:00,E1120,C2170,P3001,4,R04,107836.06
S501352,2026-08-13 00:00:00,E1093,C2086,P3025,10,R05,631804.37
S501353,2026-07-01 00:00:00,E1026,C2133,P3002,7,R05,51443.44
S501354,2026-05-05 00:00:00,E1061,C2448,P3032,7,R03,476192.65
S501355,2026-02-07 00:00:00,E1033,C2178,P3013,2,R01,61774.53
S501356,2026-06-25 00:00:00,E1118,C2343,P3033,7,R02,126811.39
S501357,2026-01-27 00:00:00,E1084,C2252,P3032,2,R01,138254.83
S501358,2026-01-20 00:00:00,E1112,C2015,P3056,4,R02,201814.58
S501359,2026-05-20 00:00:00,E1019,C2223,P3024,1,R03,37951.48
S501360,2026-02-12 00:00:00,E1038,C2379,P3027,5,R01,15747.99
S501361,2026-07-08 00:00:00,E1027,C2201,P3004,1,R02,19661.1
S501362,2026-01-31 00:00:00,E1010,C2107,P3024,4,R05,136960.39
S501363,2026-04-01 00:00:00,E1101,C2250,P3023,9,R01,653799.5
S501364,2026-08-12 00:00:00,E1066,C2437,P3029,8,R04,597825.69
S501365,2026-03-02 00:00:00,E1074,C2409,P3034,6,R05,87512.22
S501366,2026-07-21 00:00:00,E1021,C2089,P3021,8,R04,336150.37
S501367,2026-07-14 00:00:00,E1056,C2125,P3030,5,R06,228418.36
S501368,2026-04-19 00:00:00,E1108,C2113,P3026,7,R05,271698.44
S501369,2026-04-01 00:00:00,E1088,C2137,P3020,8,R04,61546.91
S501370,2026-06-12 00:00:00,E1085,C2247,P3016,7,R02,325572.29
S501371,2026-04-05 00:00:00,E1031,C2166,P3003,4,R04,133708.8
S501372,2026-05-23 00:00:00,E1055,C2150,P3049,5,R04,220166.91
S501373,2026-05-24 00:00:00,E1094,C2363,P3037,10,R04,615031.53
S501374,2026-01-13 00:00:00,E1101,C2343,P3058,6,R01,223137.2
S501375,2026-04-23 00:00:00,E1109,C2433,P3040,11,R02,206493.76
S501376,2026-02-04 00:00:00,E1065,C2068,P3044,6,R02,191241.42
S501377,2026-09-01 00:00:00,E1012,C2221,P3025,9,R06,532132.78
S501378,2026-07-22 00:00:00,E1032,C2271,P3023,10,R02,679606.83
S501379,2026-07-06 00:00:00,E1051,C2321,P3044,2,R06,63766.8
S501380,2026-05-29 00:00:00,E1114,C2310,P3059,6,R05,100739.97
S501381,2026-08-31 00:00:00,E1105,C2414,P3001,3,R06,80029.19
S501382,2026-07-01 00:00:00,E1102,C2349,P3033,2,R04,34680.46
S501383,2026-07-22 00:00:00,E1096,C2020,P3015,6,R03,75622.03
S501384,2026-06-07 00:00:00,E1089,C2289,P3017,4,R06,57260.58
S501385,2026-02-17 00:00:00,E1020,C2100,P3034,5,R02,78331.92
S501386,2026-09-02 00:00:00,E1013,C2252,P3017,5,R05,66227.01
S501387,2026-02-04 00:00:00,E1016,C2077,P3052,3,R02,202646.25
S501388,2026-03-27 00:00:00,E1032,C2135,P3058,4,R02,158826.62
S501389,2026-06-15 00:00:00,E1045,C2392,P3041,3,R02,177221.3
S501390,2026-06-08 00:00:00,E1103,C2412,P3044,7,R02,223084.51
S501391,2026-07-25 00:00:00,E1038,C2173,P3004,1,R01,17981.29
S501392,2026-06-01 00:00:00,E1081,C2363,P3013,6,R06,196077.23
S501393,2026-04-24 00:00:00,E1030,C2201,P3004,4,R01,75407.19
S501394,2026-06-26 00:00:00,E1116,C2217,P3007,1,R06,57817.97
S501395,2026-08-12 00:00:00,E1109,C2376,P3046,1,R02,7671.7
S501396,2026-04-10 00:00:00,E1027,C2208,P3059,5,R02,86127.43
S501397,2026-06-09 00:00:00,E1110,C2074,P3009,5,R01,118278.81
S501398,2026-07-02 00:00:00,E1003,C2011,P3023,10,R05,741744
S501399,2026-07-26 00:00:00,E1086,C2287,P3033,7,R02,113260.95
S501400,2026-08-23 00:00:00,E1016,C2256,P3033,4,R02,64035.21
S501401,2026-07-05 00:00:00,E1118,C2012,P3020,9,R02,67498.29
S501402,2026-04-09 00:00:00,E1005,C2380,P3004,4,R02,80464.92
S501403,2026-01-03 00:00:00,E1088,C2078,P3001,7,R04,172745.27
S501404,2026-07-27 00:00:00,E1052,C2435,P3054,5,R05,35030.08
S501405,2026-07-16 00:00:00,E1039,C2172,P3042,5,R04,98019.69
S501406,2026-03-26 00:00:00,E1024,C2096,P3034,6,R02,91355.47
S501407,2026-05-05 00:00:00,E1061,C2306,P3027,8,R03,27966.57
S501408,2026-05-18 00:00:00,E1092,C2373,P3021,5,R05,222479.08
S501409,2026-03-24 00:00:00,E1117,C2273,P3024,3,R05,103662.32
S501410,2026-01-25 00:00:00,E1077,C2419,P3015,6,R05,79530.56
S501411,2026-03-09 00:00:00,E1029,C2385,P3035,2,R04,93281.01
S501412,2026-03-02 00:00:00,E1068,C2413,P3025,8,R05,466971.83
S501413,2026-01-29 00:00:00,E1009,C2179,P3055,8,R04,16763.63
S501414,2026-05-07 00:00:00,E1030,C2064,P3009,3,R01,68830.79
S501415,2026-01-19 00:00:00,E1012,C2132,P3017,8,R06,105213.86
S501416,2026-06-20 00:00:00,E1103,C2343,P3021,9,R02,401467.74
S501417,2026-07-13 00:00:00,E1019,C2412,P3060,5,R03,142026.9
S501418,2026-03-15 00:00:00,E1057,C2272,P3013,5,R01,145635.64
S501419,2026-03-02 00:00:00,E1052,C2319,P3003,6,R05,203320.61
S501420,2026-06-20 00:00:00,E1015,C2332,P3004,7,R02,142815.39
S501421,2026-06-02 00:00:00,E1120,C2437,P3004,3,R04,59087.44
S501422,2026-01-20 00:00:00,E1076,C2341,P3043,5,R05,296755.01
S501423,2026-02-17 00:00:00,E1101,C2109,P3028,1,R01,48717.78
S501424,2026-07-30 00:00:00,E1010,C2273,P3007,11,R05,651117.27
S501425,2026-03-28 00:00:00,E1101,C2168,P3026,10,R01,392114.97
S501426,2026-06-01 00:00:00,E1012,C2397,P3011,5,R06,272005.9
S501427,2026-05-19 00:00:00,E1065,C2180,P3024,4,R02,147310.27
S501428,2026-04-20 00:00:00,E1110,C2058,P3043,1,R01,60198.48
S501429,2026-08-14 00:00:00,E1078,C2421,P3010,7,R01,291171.53
S501430,2026-07-02 00:00:00,E1069,C2079,P3037,1,R01,57454.87
S501431,2026-01-28 00:00:00,E1055,C2061,P3013,8,R04,253867.73
S501432,2026-07-16 00:00:00,E1041,C2369,P3044,10,R01,326753.39
S501433,2026-07-10 00:00:00,E1080,C2121,P3042,2,R01,41656
S501434,2026-02-28 00:00:00,E1058,C2207,P3039,10,R02,273578.99
S501435,2026-05-13 00:00:00,E1029,C2034,P3019,5,R04,268365.63
S501436,2026-02-20 00:00:00,E1077,C2070,P3051,6,R05,343454.78
S501437,2026-05-29 00:00:00,E1041,C2017,P3019,9,R01,442146.8
S501438,2026-01-12 00:00:00,E1026,C2020,P3012,7,R05,138358.94
S501439,2026-02-19 00:00:00,E1022,C2315,P3052,6,R01,376661.62
S501440,2026-05-12 00:00:00,E1011,C2069,P3022,5,R01,91763.59
S501441,2026-09-03 00:00:00,E1045,C2215,P3047,6,R02,283777.73
S501442,2026-04-23 00:00:00,E1016,C2161,P3037,11,R02,718885.96
S501443,2026-06-19 00:00:00,E1085,C2102,P3056,4,R02,185592.77
S501444,2026-07-31 00:00:00,E1050,C2376,P3030,1,R02,47084.98
S501445,2026-06-15 00:00:00,E1088,C2206,P3046,9,R04,65025.63
S501446,2026-06-02 00:00:00,E1022,C2145,P3012,11,R01,222008.53
S501447,2026-01-14 00:00:00,E1062,C2057,P3029,5,R02,353280.38
S501448,2026-07-22 00:00:00,E1118,C2083,P3021,8,R02,320862.75
S501449,2026-02-01 00:00:00,E1110,C2385,P3011,7,R01,360477.13
S501450,2026-05-19 00:00:00,E1098,C2269,P3060,8,R03,231750.42
S501451,2026-07-08 00:00:00,E1052,C2411,P3037,1,R05,65632.59
S501452,2026-05-26 00:00:00,E1024,C2187,P3048,9,R02,305075.62
S501453,2026-06-04 00:00:00,E1014,C2006,P3058,1,R02,39058.51
S501454,2026-02-24 00:00:00,E1071,C2353,P3018,3,R05,106852.2
S501455,2026-07-01 00:00:00,E1005,C2350,P3044,8,R02,267462.84
S501456,2026-07-29 00:00:00,E1094,C2110,P3059,11,R04,188428.25
S501457,2026-04-30 00:00:00,E1080,C2407,P3027,1,R01,3637.6
S501458,2026-08-03 00:00:00,E1074,C2138,P3037,1,R05,61920.42
S501459,2026-03-16 00:00:00,E1010,C2051,P3048,6,R05,202243.92
S501460,2026-01-21 00:00:00,E1117,C2403,P3012,5,R05,103843.22
S501461,2026-06-21 00:00:00,E1036,C2051,P3023,11,R05,753318
S501462,2026-05-13 00:00:00,E1103,C2087,P3034,6,R02,97070.39
S501463,2026-03-28 00:00:00,E1022,C2068,P3038,3,R01,198329.81
S501464,2026-06-18 00:00:00,E1060,C2084,P3023,10,R02,722917.63
S501465,2026-02-28 00:00:00,E1019,C2042,P3053,10,R03,168687.52
S501466,2026-03-30 00:00:00,E1099,C2219,P3025,6,R01,336719.81
S501467,2026-08-21 00:00:00,E1074,C2057,P3004,2,R05,38578.26
S501468,2026-07-01 00:00:00,E1117,C2226,P3030,8,R05,328415.26
S501469,2026-07-21 00:00:00,E1115,C2196,P3030,6,R04,248346.52
S501470,2026-05-30 00:00:00,E1083,C2248,P3013,4,R02,124799.43
S501471,2026-03-24 00:00:00,E1045,C2166,P3042,4,R02,75735.25
S501472,2026-03-06 00:00:00,E1097,C2062,P3049,11,R04,479900.11
S501473,2026-03-05 00:00:00,E1100,C2263,P3014,7,R01,61136.75
S501474,2026-03-12 00:00:00,E1007,C2112,P3056,3,R01,136841.61
S501475,2026-01-04 00:00:00,E1088,C2253,P3047,11,R04,474174.84
S501476,2026-07-12 00:00:00,E1080,C2199,P3008,3,R01,114029.06
S501477,2026-05-23 00:00:00,E1069,C2178,P3055,6,R01,12382.57
S501478,2026-04-14 00:00:00,E1013,C2436,P3024,9,R05,326190.03
S501479,2026-07-23 00:00:00,E1102,C2026,P3018,1,R04,41183.54
S501480,2026-05-30 00:00:00,E1013,C2410,P3035,5,R05,208322.54
S501481,2026-08-02 00:00:00,E1111,C2246,P3025,1,R02,61639.04
S501482,2026-08-30 00:00:00,E1068,C2019,P3017,1,R05,13879.67
S501483,2026-06-24 00:00:00,E1003,C2265,P3032,3,R05,186918.9
S501484,2026-07-28 00:00:00,E1016,C2317,P3056,3,R02,146068.79
S501485,2026-04-03 00:00:00,E1024,C2020,P3024,4,R02,146669.43
S501486,2026-06-23 00:00:00,E1030,C2106,P3007,3,R01,175205.12
S501487,2026-05-22 00:00:00,E1083,C2237,P3013,6,R02,187593.06
S501488,2026-06-27 00:00:00,E1098,C2306,P3027,4,R03,13514.63
S501489,2026-05-28 00:00:00,E1008,C2246,P3048,8,R06,258639.5
S501490,2026-06-27 00:00:00,E1096,C2081,P3005,1,R03,20897.35
S501491,2026-04-22 00:00:00,E1029,C2150,P3036,8,R04,256286.83
S501492,2026-06-10 00:00:00,E1015,C2397,P3026,11,R02,435914.22
S501493,2026-04-29 00:00:00,E1046,C2396,P3042,1,R04,19971.58
S501494,2026-02-28 00:00:00,E1031,C2010,P3045,11,R04,546821.76
S501495,2026-02-12 00:00:00,E1083,C2321,P3031,1,R02,62280.59
S501496,2026-07-26 00:00:00,E1033,C2224,P3010,7,R01,324380.24
S501497,2026-01-12 00:00:00,E1112,C2414,P3046,1,R02,6674.08
S501498,2026-02-09 00:00:00,E1072,C2264,P3026,9,R02,373573.94
S501499,2026-04-28 00:00:00,E1117,C2149,P3022,8,R05,150386.18
S501500,2026-01-20 00:00:00,E1090,C2278,P3012,1,R03,20187.47
S501501,2026-08-10 00:00:00,E1007,C2274,P3032,2,R01,130598.94
S501502,2026-06-15 00:00:00,E1028,C2194,P3027,2,R04,7058.39
S501503,2026-05-11 00:00:00,E1084,C2432,P3033,2,R01,35452.49
S501504,2026-06-05 00:00:00,E1090,C2172,P3053,6,R03,98405.67
S501505,2026-07-03 00:00:00,E1103,C2265,P3052,4,R02,254984.48
S501506,2026-03-31 00:00:00,E1025,C2023,P3020,8,R03,63016.56
S501507,2026-04-04 00:00:00,E1104,C2310,P3039,1,R04,24552.97
S501508,2026-01-13 00:00:00,E1035,C2026,P3041,10,R06,611599.27
S501509,2026-07-24 00:00:00,E1042,C2350,P3040,4,R03,69617.58
S501510,2026-03-07 00:00:00,E1049,C2356,P3059,10,R04,173230.3
S501511,2026-02-06 00:00:00,E1081,C2026,P3013,11,R06,347130.86
S501512,2026-06-26 00:00:00,E1077,C2034,P3014,5,R05,42604.75
S501513,2026-08-18 00:00:00,E1088,C2264,P3044,9,R04,295437.13
S501514,2026-03-07 00:00:00,E1120,C2138,P3040,5,R04,91535.9
S501515,2026-02-05 00:00:00,E1025,C2304,P3053,11,R03,183889.46
S501516,2026-07-01 00:00:00,E1067,C2183,P3022,3,R01,52647.98
S501517,2026-01-26 00:00:00,E1019,C2363,P3018,11,R03,425430.05
S501518,2026-03-16 00:00:00,E1046,C2242,P3048,4,R04,123578.38
S501519,2026-07-19 00:00:00,E1078,C2054,P3029,10,R01,701278.12
S501520,2026-04-18 00:00:00,E1059,C2168,P3043,7,R01,435539.81
S501521,2026-06-17 00:00:00,E1109,C2119,P3016,1,R02,46982.35
S501522,2026-02-12 00:00:00,E1029,C2143,P3046,11,R04,81647.98
S501523,2026-05-30 00:00:00,E1106,C2081,P3035,6,R02,266551.11
S501524,2026-05-28 00:00:00,E1073,C2245,P3053,8,R01,134470.68
S501525,2026-01-08 00:00:00,E1024,C2402,P3034,1,R02,15778.96
S501526,2026-01-29 00:00:00,E1087,C2352,P3003,8,R05,278046.07
S501527,2026-02-09 00:00:00,E1035,C2358,P3004,7,R06,129275.54
S501528,2026-08-06 00:00:00,E1012,C2407,P3054,1,R06,7661.03
S501529,2026-06-07 00:00:00,E1088,C2062,P3005,9,R04,187680.08
S501530,2026-07-28 00:00:00,E1108,C2046,P3010,11,R05,484848.58
S501531,2026-05-08 00:00:00,E1036,C2087,P3052,3,R05,175970.73
S501532,2026-03-25 00:00:00,E1118,C2099,P3029,2,R02,136261.59
S501533,2026-04-26 00:00:00,E1095,C2295,P3032,7,R05,477156.33
S501534,2026-07-02 00:00:00,E1044,C2399,P3031,11,R06,685896.86
S501535,2026-05-24 00:00:00,E1029,C2053,P3002,3,R04,21922.77
S501536,2026-06-23 00:00:00,E1084,C2192,P3012,1,R01,19843.9
S501537,2026-03-03 00:00:00,E1080,C2447,P3027,10,R01,32486.41
S501538,2026-08-23 00:00:00,E1084,C2080,P3005,3,R01,67420.52
S501539,2026-01-07 00:00:00,E1094,C2016,P3037,6,R04,374289.24
S501540,2026-07-27 00:00:00,E1025,C2360,P3027,3,R03,10623.19
S501541,2026-02-14 00:00:00,E1009,C2326,P3023,5,R04,363697.66
S501542,2026-07-06 00:00:00,E1108,C2194,P3033,9,R05,160525.36
S501543,2026-08-27 00:00:00,E1120,C2141,P3004,7,R04,141879.23
S501544,2026-07-03 00:00:00,E1111,C2108,P3059,2,R02,31829.69
S501545,2026-06-25 00:00:00,E1055,C2303,P3021,1,R04,44631.38
S501546,2026-06-04 00:00:00,E1074,C2265,P3024,7,R05,262556.35
S501547,2026-06-30 00:00:00,E1005,C2447,P3044,4,R02,122263.17
S501548,2026-08-03 00:00:00,E1093,C2290,P3031,11,R05,693615.28
S501549,2026-03-29 00:00:00,E1102,C2209,P3044,7,R04,225813.81
S501550,2026-03-14 00:00:00,E1006,C2413,P3048,6,R02,207989.31
S501551,2026-06-12 00:00:00,E1099,C2165,P3024,7,R01,237722.41
S501552,2026-06-28 00:00:00,E1051,C2427,P3049,4,R06,175916.93
S501553,2026-07-31 00:00:00,E1100,C2342,P3053,3,R01,44610.44
S501554,2026-02-06 00:00:00,E1031,C2371,P3010,5,R04,235608.79
S501555,2026-08-22 00:00:00,E1074,C2320,P3049,3,R05,137940.26
S501556,2026-07-28 00:00:00,E1105,C2152,P3049,3,R06,132206.78
S501557,2026-08-27 00:00:00,E1065,C2290,P3050,4,R02,50052.71
S501558,2026-08-11 00:00:00,E1049,C2432,P3002,8,R04,63204.74
S501559,2026-04-29 00:00:00,E1027,C2268,P3031,2,R02,116691.7
S501560,2026-02-26 00:00:00,E1059,C2151,P3025,4,R01,240529.69
S501561,2026-01-08 00:00:00,E1038,C2207,P3004,11,R01,215562.68
S501562,2026-07-26 00:00:00,E1100,C2255,P3051,3,R01,152947.16
S501563,2026-04-05 00:00:00,E1008,C2353,P3011,7,R06,346738.07
S501564,2026-04-27 00:00:00,E1042,C2377,P3017,2,R03,27830.04
S501565,2026-08-10 00:00:00,E1094,C2141,P3044,1,R04,30799.65
S501566,2026-04-20 00:00:00,E1041,C2343,P3002,10,R01,80926.18
S501567,2026-01-20 00:00:00,E1064,C2358,P3006,1,R02,21984.41
S501568,2026-05-04 00:00:00,E1105,C2096,P3009,6,R06,127907.53
S501569,2026-08-19 00:00:00,E1094,C2429,P3005,3,R04,64469.97
S501570,2026-02-22 00:00:00,E1080,C2370,P3020,7,R01,57825.37
S501571,2026-04-29 00:00:00,E1055,C2227,P3029,8,R04,561255.35
S501572,2026-01-12 00:00:00,E1116,C2193,P3021,5,R06,213816.14
S501573,2026-06-26 00:00:00,E1104,C2303,P3009,5,R04,115080.25
S501574,2026-01-17 00:00:00,E1005,C2314,P3028,2,R02,95526.77
S501575,2026-03-05 00:00:00,E1108,C2389,P3055,8,R05,14628.6
S501576,2026-02-11 00:00:00,E1084,C2377,P3008,10,R01,387379.84
S501577,2026-04-04 00:00:00,E1110,C2118,P3031,1,R01,57280.22
S501578,2026-06-06 00:00:00,E1114,C2005,P3020,10,R05,75378.98
S501579,2026-05-27 00:00:00,E1026,C2444,P3027,9,R05,29414.77
S501580,2026-08-26 00:00:00,E1008,C2352,P3008,1,R06,37660.79
S501581,2026-01-11 00:00:00,E1104,C2243,P3054,1,R04,7745.05
S501582,2026-04-08 00:00:00,E1029,C2021,P3021,1,R04,40224.39
S501583,2026-06-27 00:00:00,E1071,C2152,P3028,7,R05,311279.85
S501584,2026-03-12 00:00:00,E1069,C2128,P3023,4,R01,296204.79
S501585,2026-04-18 00:00:00,E1110,C2124,P3006,7,R01,156503.93
S501586,2026-02-27 00:00:00,E1097,C2146,P3003,5,R04,176119.49
S501587,2026-02-03 00:00:00,E1113,C2277,P3005,7,R06,145763.44
S501588,2026-01-20 00:00:00,E1108,C2310,P3009,10,R05,226377.74
S501589,2026-02-19 00:00:00,E1021,C2394,P3007,7,R04,400408.32
S501590,2026-04-12 00:00:00,E1085,C2152,P3060,4,R02,111155.88
S501591,2026-08-04 00:00:00,E1114,C2360,P3004,2,R05,40143.95
S501592,2026-05-18 00:00:00,E1012,C2111,P3039,8,R06,197186.34
S501593,2026-06-09 00:00:00,E1106,C2116,P3005,2,R02,39949.91
S501594,2026-02-21 00:00:00,E1069,C2188,P3011,9,R01,477146.57
S501595,2026-01-15 00:00:00,E1089,C2057,P3015,5,R06,65613.62
S501596,2026-08-17 00:00:00,E1008,C2251,P3034,9,R06,139574.97
S501597,2026-03-25 00:00:00,E1024,C2384,P3013,9,R02,286349.92
S501598,2026-05-11 00:00:00,E1063,C2407,P3054,8,R05,61342.85
S501599,2026-02-06 00:00:00,E1073,C2150,P3048,8,R01,277214.55
S501600,2026-05-06 00:00:00,E1112,C2162,P3007,4,R02,225490.63
S501601,2026-02-09 00:00:00,E1035,C2120,P3040,4,R06,75199.71
S501602,2026-03-13 00:00:00,E1108,C2070,P3006,2,R05,44325.73
S501603,2026-02-09 00:00:00,E1020,C2412,P3056,4,R02,178547.74
S501604,2026-08-24 00:00:00,E1060,C2351,P3039,4,R02,103998.12
S501605,2026-02-25 00:00:00,E1010,C2099,P3050,6,R05,77530.13
S501606,2026-05-31 00:00:00,E1050,C2167,P3030,3,R02,123789.79
S501607,2026-04-14 00:00:00,E1117,C2298,P3022,2,R05,38667.42
S501608,2026-05-19 00:00:00,E1084,C2151,P3025,8,R01,497879.5
S501609,2026-04-20 00:00:00,E1043,C2326,P3028,2,R01,89377.04
S501610,2026-07-11 00:00:00,E1050,C2002,P3054,8,R02,59472.36
S501611,2026-05-16 00:00:00,E1047,C2152,P3020,7,R02,55365.63
S501612,2026-04-03 00:00:00,E1108,C2401,P3039,3,R05,76974.19
S501613,2026-04-04 00:00:00,E1026,C2365,P3003,6,R05,206714.27
S501614,2026-02-25 00:00:00,E1118,C2065,P3005,6,R02,128445.84
S501615,2026-03-01 00:00:00,E1080,C2326,P3001,10,R01,253172.22
S501616,2026-05-18 00:00:00,E1110,C2069,P3015,5,R01,70653.28
S501617,2026-02-08 00:00:00,E1026,C2121,P3026,8,R05,345745.27
S501618,2026-01-28 00:00:00,E1020,C2109,P3003,11,R02,418454.19
S501619,2026-02-18 00:00:00,E1041,C2316,P3040,5,R01,82999.17
S501620,2026-06-13 00:00:00,E1081,C2247,P3057,7,R06,288150.65
S501621,2026-05-05 00:00:00,E1082,C2434,P3041,6,R04,339531.68
S501622,2026-01-13 00:00:00,E1028,C2093,P3047,11,R04,520531.25
S501623,2026-08-12 00:00:00,E1106,C2268,P3042,7,R02,152327.18
S501624,2026-02-05 00:00:00,E1076,C2103,P3034,9,R05,147440.89
S501625,2026-04-11 00:00:00,E1065,C2431,P3052,3,R02,191723.23
S501626,2026-01-26 00:00:00,E1070,C2023,P3005,10,R06,194749.88
S501627,2026-03-27 00:00:00,E1117,C2112,P3031,7,R05,440647.27
S501628,2026-01-04 00:00:00,E1020,C2321,P3051,10,R02,512684.29
S501629,2026-08-11 00:00:00,E1029,C2411,P3013,3,R04,84919.34
S501630,2026-03-23 00:00:00,E1087,C2304,P3043,2,R05,126883.21
S501631,2026-07-11 00:00:00,E1113,C2344,P3001,7,R06,182938.97
S501632,2026-06-15 00:00:00,E1080,C2062,P3022,4,R01,71439.56
S501633,2026-05-07 00:00:00,E1034,C2300,P3015,1,R06,13211.44
S501634,2026-03-29 00:00:00,E1114,C2403,P3026,6,R05,226634.62
S501635,2026-05-07 00:00:00,E1011,C2443,P3018,11,R01,432697.63
S501636,2026-04-30 00:00:00,E1085,C2136,P3048,6,R02,192353.27
S501637,2026-08-03 00:00:00,E1031,C2055,P3009,6,R04,145343.03
S501638,2026-01-22 00:00:00,E1023,C2108,P3001,2,R02,50608.95
S501639,2026-05-10 00:00:00,E1004,C2303,P3043,1,R04,60147.21
S501640,2026-01-31 00:00:00,E1103,C2258,P3009,3,R02,64177.01
S501641,2026-04-29 00:00:00,E1107,C2253,P3023,2,R03,135983.52
S501642,2026-01-11 00:00:00,E1084,C2222,P3043,6,R01,371003.77
S501643,2026-08-08 00:00:00,E1077,C2369,P3045,6,R05,304037.28
S501644,2026-02-15 00:00:00,E1050,C2167,P3058,5,R02,192508.17
S501645,2026-04-06 00:00:00,E1003,C2429,P3002,10,R05,76399.17
S501646,2026-07-09 00:00:00,E1078,C2160,P3014,10,R01,95728.26
S501647,2026-07-16 00:00:00,E1056,C2449,P3038,5,R06,323110.85
S501648,2026-07-11 00:00:00,E1007,C2166,P3040,9,R01,148686.88
S501649,2026-08-18 00:00:00,E1109,C2205,P3018,5,R02,190572.91
S501650,2026-01-10 00:00:00,E1042,C2267,P3016,10,R03,506567.49
S501651,2026-06-17 00:00:00,E1110,C2138,P3053,6,R01,88946.56
S501652,2026-05-08 00:00:00,E1095,C2368,P3029,11,R05,747583.25
S501653,2026-08-26 00:00:00,E1096,C2443,P3044,4,R03,126563.17
S501654,2026-06-01 00:00:00,E1003,C2346,P3011,10,R05,560834.3
S501655,2026-04-09 00:00:00,E1075,C2248,P3006,1,R05,22320.9
S501656,2026-06-21 00:00:00,E1113,C2055,P3003,4,R06,135223.91
S501657,2026-04-22 00:00:00,E1003,C2404,P3014,2,R05,18350.03
S501658,2026-03-01 00:00:00,E1095,C2209,P3060,10,R05,277863.76
S501659,2026-07-09 00:00:00,E1099,C2017,P3002,3,R01,21901.16
S501660,2026-03-28 00:00:00,E1076,C2068,P3032,7,R05,459098.38
S501661,2026-05-25 00:00:00,E1100,C2133,P3031,7,R01,446479.68
S501662,2026-03-06 00:00:00,E1110,C2188,P3011,1,R01,55142.07
S501663,2026-09-04 00:00:00,E1057,C2407,P3022,8,R01,144132.01
S501664,2026-08-11 00:00:00,E1074,C2430,P3003,7,R05,259791.88
S501665,2026-08-11 00:00:00,E1103,C2308,P3050,1,R02,11969.81
S501666,2026-08-22 00:00:00,E1120,C2138,P3031,8,R04,464135.76
S501667,2026-02-26 00:00:00,E1062,C2174,P3033,2,R02,35912.91
S501668,2026-07-02 00:00:00,E1099,C2412,P3024,8,R01,301833.54
S501669,2026-04-16 00:00:00,E1113,C2097,P3001,3,R06,73654.75
S501670,2026-06-30 00:00:00,E1007,C2171,P3044,10,R01,290393.8
S501671,2026-07-03 00:00:00,E1110,C2154,P3015,7,R01,91127.22
S501672,2026-08-14 00:00:00,E1106,C2183,P3037,6,R02,373362.16
S501673,2026-01-09 00:00:00,E1111,C2242,P3027,5,R02,18026.52
S501674,2026-01-22 00:00:00,E1020,C2304,P3038,11,R02,681755.38
S501675,2026-05-21 00:00:00,E1098,C2285,P3048,10,R03,327351.77
S501676,2026-03-30 00:00:00,E1028,C2027,P3027,11,R04,36168.54
S501677,2026-06-25 00:00:00,E1002,C2402,P3044,2,R06,57606.95
S501678,2026-01-18 00:00:00,E1109,C2360,P3012,2,R02,42010.92
S501679,2026-04-25 00:00:00,E1118,C2060,P3003,1,R02,37373.16
S501680,2026-07-23 00:00:00,E1034,C2202,P3030,9,R06,379791.4
S501681,2026-06-17 00:00:00,E1042,C2250,P3032,11,R03,673365.87
S501682,2026-05-25 00:00:00,E1033,C2362,P3023,8,R01,532576.96
S501683,2026-05-23 00:00:00,E1071,C2069,P3002,8,R05,60744.63
S501684,2026-04-16 00:00:00,E1018,C2370,P3007,1,R04,56477.24
S501685,2026-01-15 00:00:00,E1009,C2021,P3034,5,R04,78626.33
S501686,2026-07-26 00:00:00,E1059,C2152,P3032,6,R01,381239.41
S501687,2026-03-04 00:00:00,E1044,C2102,P3053,2,R06,30653.17
S501688,2026-09-04 00:00:00,E1100,C2387,P3039,10,R01,270063.71
S501689,2026-06-16 00:00:00,E1010,C2095,P3032,5,R05,306031.79
S501690,2026-01-13 00:00:00,E1089,C2446,P3043,6,R06,377790.38
S501691,2026-03-22 00:00:00,E1036,C2361,P3043,9,R05,546893.71
S501692,2026-02-01 00:00:00,E1116,C2229,P3014,10,R06,95931.95
S501693,2026-05-17 00:00:00,E1073,C2125,P3003,1,R01,32938.12
S501694,2026-02-09 00:00:00,E1081,C2258,P3046,10,R06,74827.51
S501695,2026-05-28 00:00:00,E1055,C2322,P3032,3,R04,180667.96
S501696,2026-08-06 00:00:00,E1056,C2369,P3043,9,R06,579287.72
S501697,2026-08-07 00:00:00,E1086,C2426,P3036,1,R02,31141.98
S501698,2026-08-01 00:00:00,E1116,C2236,P3017,1,R06,13094.63
S501699,2026-03-23 00:00:00,E1026,C2162,P3048,1,R05,32249.85
S501700,2026-03-18 00:00:00,E1069,C2042,P3003,7,R01,263463.16
S501701,2026-07-27 00:00:00,E1064,C2276,P3057,5,R02,236233.9
S501702,2026-07-20 00:00:00,E1057,C2353,P3010,6,R01,284520.02
S501703,2026-07-10 00:00:00,E1048,C2068,P3053,8,R04,134415.16
S501704,2026-03-17 00:00:00,E1025,C2173,P3047,2,R03,95909.99
S501705,2026-06-21 00:00:00,E1100,C2331,P3040,2,R01,35406.32
S501706,2026-02-07 00:00:00,E1048,C2125,P3018,3,R04,107167.97
S501707,2026-07-30 00:00:00,E1023,C2170,P3003,3,R02,100164
S501708,2026-07-07 00:00:00,E1012,C2047,P3039,3,R06,79799.38
S501709,2026-03-12 00:00:00,E1050,C2261,P3010,4,R02,176182.28
S501710,2026-08-15 00:00:00,E1009,C2217,P3052,3,R04,191337.49
S501711,2026-02-17 00:00:00,E1041,C2305,P3009,2,R01,43966.95
S501712,2026-01-18 00:00:00,E1109,C2124,P3046,9,R02,66349.22
S501713,2026-05-24 00:00:00,E1036,C2293,P3055,6,R05,11332.5
S501714,2026-07-02 00:00:00,E1051,C2162,P3046,3,R06,21489.1
S501715,2026-02-08 00:00:00,E1048,C2201,P3011,9,R04,470394.27
S501716,2026-07-15 00:00:00,E1039,C2402,P3060,4,R04,109234.35
S501717,2026-07-06 00:00:00,E1009,C2275,P3033,4,R04,71370.75
S501718,2026-03-30 00:00:00,E1056,C2206,P3036,8,R06,242559.91
S501719,2026-08-12 00:00:00,E1038,C2040,P3026,7,R01,298350.78
S501720,2026-03-03 00:00:00,E1093,C2273,P3027,7,R05,22982.53
S501721,2026-08-20 00:00:00,E1094,C2188,P3038,10,R04,625196.49
S501722,2026-05-21 00:00:00,E1042,C2355,P3022,7,R03,122764.37
S501723,2026-04-19 00:00:00,E1035,C2093,P3026,10,R06,378240.97
S501724,2026-03-22 00:00:00,E1098,C2042,P3022,11,R03,197065.26
S501725,2026-08-29 00:00:00,E1081,C2379,P3005,5,R06,98223.29
S501726,2026-08-17 00:00:00,E1110,C2107,P3035,7,R01,332545.94
S501727,2026-05-14 00:00:00,E1018,C2328,P3002,4,R04,32474.95
S501728,2026-07-30 00:00:00,E1034,C2065,P3035,8,R06,382283.34
S501729,2026-03-18 00:00:00,E1049,C2365,P3009,9,R04,220991.85
S501730,2026-07-07 00:00:00,E1112,C2309,P3051,3,R02,161640.78
S501731,2026-03-31 00:00:00,E1054,C2135,P3051,7,R06,379380.56
S501732,2026-01-14 00:00:00,E1120,C2389,P3049,10,R04,405545.05
S501733,2026-04-05 00:00:00,E1082,C2024,P3018,9,R04,327307.68
S501734,2026-02-23 00:00:00,E1095,C2028,P3043,1,R05,62722.92
S501735,2026-05-12 00:00:00,E1010,C2062,P3012,2,R05,42427.31
S501736,2026-02-08 00:00:00,E1034,C2273,P3003,7,R06,260515.09
S501737,2026-03-13 00:00:00,E1062,C2229,P3018,2,R02,81001.94
S501738,2026-01-25 00:00:00,E1115,C2020,P3056,7,R04,317903.51
S501739,2026-03-18 00:00:00,E1095,C2003,P3038,1,R05,65494.84
S501740,2026-06-09 00:00:00,E1079,C2421,P3007,3,R02,175201.17
S501741,2026-07-06 00:00:00,E1022,C2218,P3033,5,R01,90758.35
S501742,2026-08-18 00:00:00,E1060,C2399,P3006,11,R02,266242.94
S501743,2026-07-10 00:00:00,E1087,C2307,P3018,6,R05,234611.58
S501744,2026-06-15 00:00:00,E1071,C2432,P3045,9,R05,415550.74
S501745,2026-04-30 00:00:00,E1011,C2136,P3022,9,R01,164149.8
S501746,2026-08-08 00:00:00,E1007,C2397,P3051,3,R01,158451.87
S501747,2026-02-22 00:00:00,E1117,C2432,P3039,8,R05,219955.83
S501748,2026-08-10 00:00:00,E1014,C2003,P3051,4,R02,204857.51
S501749,2026-07-14 00:00:00,E1067,C2193,P3009,7,R01,153604.5
S501750,2026-06-05 00:00:00,E1021,C2073,P3035,6,R04,262412.11
S501751,2026-05-11 00:00:00,E1059,C2415,P3023,8,R01,600386.73
S501752,2026-08-25 00:00:00,E1113,C2361,P3012,6,R06,120748.32
S501753,2026-09-03 00:00:00,E1048,C2118,P3052,4,R04,258205.97
S501754,2026-08-14 00:00:00,E1009,C2154,P3024,2,R04,69738.97
S501755,2026-07-27 00:00:00,E1011,C2209,P3050,7,R01,83232.61
S501756,2026-05-30 00:00:00,E1075,C2440,P3040,11,R05,184366.12
S501757,2026-04-06 00:00:00,E1115,C2034,P3009,11,R04,264000.87
S501758,2026-06-15 00:00:00,E1107,C2137,P3013,4,R03,128892.12
S501759,2026-07-19 00:00:00,E1069,C2318,P3040,9,R01,157396.66
S501760,2026-09-04 00:00:00,E1012,C2120,P3054,9,R06,63546.37
S501761,2026-03-13 00:00:00,E1013,C2115,P3042,7,R05,148624.15
S501762,2026-03-03 00:00:00,E1011,C2013,P3017,5,R01,69129.19
S501763,2026-07-04 00:00:00,E1026,C2069,P3007,3,R05,163854.39
S501764,2026-01-06 00:00:00,E1051,C2425,P3017,3,R06,39473.88
S501765,2026-07-25 00:00:00,E1051,C2333,P3055,9,R06,18195.04
S501766,2026-02-01 00:00:00,E1091,C2257,P3050,9,R01,113673.59
S501767,2026-04-09 00:00:00,E1012,C2089,P3024,11,R06,419045.61
S501768,2026-05-18 00:00:00,E1064,C2047,P3002,4,R02,32261.99
S501769,2026-05-11 00:00:00,E1120,C2260,P3035,11,R04,459142.56
S501770,2026-07-06 00:00:00,E1037,C2228,P3028,1,R02,47999.87
S501771,2026-03-17 00:00:00,E1041,C2447,P3019,10,R01,506125.59
S501772,2026-06-26 00:00:00,E1055,C2180,P3033,5,R04,86694.81
S501773,2026-02-28 00:00:00,E1092,C2010,P3021,8,R05,338721.88
S501774,2026-01-31 00:00:00,E1080,C2284,P3053,10,R01,160475.45
S501775,2026-04-03 00:00:00,E1105,C2377,P3010,4,R06,188616.95
S501776,2026-03-10 00:00:00,E1058,C2126,P3053,10,R02,165550
S501777,2026-07-09 00:00:00,E1106,C2134,P3046,10,R02,76383.74
S501778,2026-02-21 00:00:00,E1002,C2155,P3045,4,R06,189011.01
S501779,2026-03-30 00:00:00,E1058,C2248,P3009,9,R02,201567.89
S501780,2026-05-07 00:00:00,E1120,C2140,P3038,9,R04,603664.27
S501781,2026-06-18 00:00:00,E1005,C2318,P3006,7,R02,169848.78
S501782,2026-01-31 00:00:00,E1031,C2436,P3051,10,R04,528821.98
S501783,2026-08-01 00:00:00,E1013,C2176,P3053,8,R05,119086.89
S501784,2026-03-25 00:00:00,E1036,C2323,P3042,4,R05,80412.77
S501785,2026-08-19 00:00:00,E1079,C2174,P3055,8,R02,15838.77
S501786,2026-05-07 00:00:00,E1054,C2074,P3035,6,R06,281076.29
S501787,2026-05-30 00:00:00,E1032,C2351,P3018,3,R02,119618.92
S501788,2026-05-12 00:00:00,E1104,C2143,P3053,7,R04,120306.64
S501789,2026-01-13 00:00:00,E1109,C2292,P3019,3,R02,162533.73
S501790,2026-02-14 00:00:00,E1089,C2398,P3005,11,R06,223903.72
S501791,2026-05-07 00:00:00,E1070,C2112,P3025,7,R06,421879.32
S501792,2026-06-19 00:00:00,E1054,C2206,P3011,5,R06,269136.16
S501793,2026-04-24 00:00:00,E1082,C2131,P3010,4,R04,192609.81
S501794,2026-06-26 00:00:00,E1008,C2369,P3017,3,R06,38156.15
S501795,2026-01-20 00:00:00,E1023,C2110,P3036,8,R02,230126.96
S501796,2026-09-01 00:00:00,E1095,C2370,P3026,4,R05,152826.99
S501797,2026-07-24 00:00:00,E1077,C2067,P3031,8,R05,486149.05
S501798,2026-03-22 00:00:00,E1058,C2382,P3032,10,R02,610564.58
S501799,2026-07-01 00:00:00,E1099,C2086,P3021,3,R01,127765.17
S501800,2026-06-13 00:00:00,E1060,C2275,P3018,10,R02,403184.44
S501801,2026-08-13 00:00:00,E1095,C2227,P3060,9,R05,255927.36
S501802,2026-05-09 00:00:00,E1066,C2438,P3018,6,R04,233267.55
S501803,2026-05-23 00:00:00,E1105,C2325,P3001,5,R06,137565.59
S501804,2026-07-24 00:00:00,E1013,C2010,P3014,5,R05,46123.23
S501805,2026-01-17 00:00:00,E1008,C2417,P3008,3,R06,113297.98
S501806,2026-06-01 00:00:00,E1057,C2397,P3002,2,R01,14902.46
S501807,2026-02-27 00:00:00,E1105,C2384,P3051,6,R06,325174.43
S501808,2026-03-13 00:00:00,E1108,C2355,P3015,11,R05,140054.71
S501809,2026-08-30 00:00:00,E1064,C2435,P3060,1,R02,29230.86
S501810,2026-08-07 00:00:00,E1114,C2288,P3034,7,R05,118324.83
S501811,2026-04-19 00:00:00,E1092,C2112,P3036,5,R05,154543.61
S501812,2026-01-23 00:00:00,E1106,C2024,P3001,4,R02,101450.57
S501813,2026-06-23 00:00:00,E1075,C2291,P3051,9,R05,472964.17
S501814,2026-03-13 00:00:00,E1107,C2339,P3021,10,R03,443517.84
S501815,2026-01-08 00:00:00,E1100,C2326,P3042,1,R01,21430.62
S501816,2026-02-28 00:00:00,E1111,C2168,P3001,11,R02,283364.84
S501817,2026-08-06 00:00:00,E1079,C2438,P3032,4,R02,252908.2
S501818,2026-04-21 00:00:00,E1057,C2109,P3020,3,R01,24879.53
S501819,2026-07-06 00:00:00,E1037,C2428,P3054,6,R02,42081.07
S501820,2026-01-13 00:00:00,E1091,C2190,P3047,5,R01,215174.19
S501821,2026-06-16 00:00:00,E1025,C2355,P3036,7,R03,205225.71
S501822,2026-08-17 00:00:00,E1046,C2196,P3039,1,R04,25738.71
S501823,2026-08-29 00:00:00,E1018,C2033,P3030,5,R04,212154.53
S501824,2026-06-05 00:00:00,E1003,C2205,P3007,2,R05,112417.75
S501825,2026-08-05 00:00:00,E1014,C2312,P3022,2,R02,35006.31
S501826,2026-07-08 00:00:00,E1032,C2420,P3057,11,R02,499235.9
S501827,2026-01-16 00:00:00,E1095,C2182,P3050,11,R05,139796.04
S501828,2026-04-29 00:00:00,E1116,C2147,P3045,2,R06,93097.63
S501829,2026-01-02 00:00:00,E1029,C2427,P3010,9,R04,430005.02
S501830,2026-09-03 00:00:00,E1062,C2268,P3056,10,R02,463771.26
S501831,2026-07-29 00:00:00,E1028,C2011,P3008,3,R04,109956.2
S501832,2026-05-25 00:00:00,E1016,C2070,P3027,4,R02,13043.2
S501833,2026-01-30 00:00:00,E1097,C2256,P3010,5,R04,230236.15
S501834,2026-04-13 00:00:00,E1106,C2396,P3014,4,R02,34831.98
S501835,2026-01-13 00:00:00,E1081,C2219,P3046,4,R06,26847.62
S501836,2026-04-06 00:00:00,E1034,C2297,P3059,5,R06,87294.41
S501837,2026-08-30 00:00:00,E1021,C2409,P3052,10,R04,633037.33
S501838,2026-08-09 00:00:00,E1044,C2362,P3054,9,R06,67587.58
S501839,2026-08-26 00:00:00,E1013,C2259,P3011,9,R05,491734.02
S501840,2026-04-04 00:00:00,E1103,C2003,P3006,6,R02,145448.23
S501841,2026-03-23 00:00:00,E1075,C2084,P3021,11,R05,426313.33
S501842,2026-01-13 00:00:00,E1024,C2156,P3033,3,R02,47010.71
S501843,2026-06-20 00:00:00,E1074,C2151,P3019,6,R05,334869.03
S501844,2026-08-01 00:00:00,E1098,C2176,P3039,10,R03,265809.7
S501845,2026-04-04 00:00:00,E1114,C2195,P3024,4,R05,146643.71
S501846,2026-05-29 00:00:00,E1015,C2426,P3018,3,R02,108381.32
S501847,2026-04-22 00:00:00,E1093,C2107,P3035,6,R05,250857.75
S501848,2026-02-24 00:00:00,E1026,C2424,P3052,11,R05,658085.92
S501849,2026-03-22 00:00:00,E1079,C2134,P3043,6,R02,357135.98
S501850,2026-06-17 00:00:00,E1087,C2276,P3037,2,R05,115536.64
S501851,2026-07-30 00:00:00,E1111,C2395,P3019,9,R02,463421.35
S501852,2026-04-26 00:00:00,E1032,C2352,P3053,8,R02,129534.95
S501853,2026-05-23 00:00:00,E1103,C2380,P3024,6,R02,196544.12
S501854,2026-07-20 00:00:00,E1114,C2155,P3056,1,R05,44240.27
S501855,2026-06-29 00:00:00,E1109,C2277,P3034,2,R02,30792.86
S501856,2026-07-21 00:00:00,E1056,C2236,P3022,4,R06,70562.71
S501857,2026-04-18 00:00:00,E1006,C2240,P3004,7,R02,125223.68
S501858,2026-08-11 00:00:00,E1014,C2370,P3057,9,R02,383884.13
S501859,2026-02-22 00:00:00,E1029,C2013,P3010,10,R04,442412.35
S501860,2026-08-03 00:00:00,E1045,C2342,P3002,5,R02,39438.98
S501861,2026-05-08 00:00:00,E1091,C2035,P3008,10,R01,373042.03
S501862,2026-06-29 00:00:00,E1117,C2047,P3033,2,R05,34967.9
S501863,2026-06-07 00:00:00,E1101,C2214,P3059,11,R01,198935.8
S501864,2026-06-10 00:00:00,E1049,C2412,P3038,11,R04,741101.81
S501865,2026-02-26 00:00:00,E1105,C2405,P3043,11,R06,615684.57
S501866,2026-02-21 00:00:00,E1073,C2146,P3059,1,R01,16991.78
S501867,2026-05-17 00:00:00,E1039,C2159,P3028,10,R04,475309.63
S501868,2026-07-01 00:00:00,E1098,C2444,P3010,1,R03,48018.22
S501869,2026-04-21 00:00:00,E1069,C2125,P3045,5,R01,261471.5
S501870,2026-01-01 00:00:00,E1064,C2110,P3001,7,R02,178187.42
S501871,2026-02-13 00:00:00,E1111,C2037,P3034,9,R02,143800.39
S501872,2026-08-15 00:00:00,E1041,C2277,P3003,9,R01,340185.96
S501873,2026-03-16 00:00:00,E1038,C2014,P3009,8,R01,192801.5
S501874,2026-04-08 00:00:00,E1116,C2347,P3005,1,R06,20939.14
S501875,2026-07-27 00:00:00,E1088,C2232,P3042,5,R04,97636.62
S501876,2026-01-09 00:00:00,E1009,C2316,P3010,6,R04,253371.43
S501877,2026-02-01 00:00:00,E1083,C2124,P3012,6,R02,120454.39
S501878,2026-01-15 00:00:00,E1054,C2279,P3018,4,R06,159355.49
S501879,2026-05-20 00:00:00,E1093,C2111,P3058,1,R05,42984.97
S501880,2026-08-13 00:00:00,E1034,C2124,P3021,3,R06,131715.73
S501881,2026-08-25 00:00:00,E1112,C2413,P3021,10,R02,396977.64
S501882,2026-07-25 00:00:00,E1083,C2431,P3001,4,R02,106980.75
S501883,2026-07-04 00:00:00,E1044,C2030,P3003,4,R06,137991.35
S501884,2026-05-16 00:00:00,E1078,C2115,P3005,4,R01,86394.24
S501885,2026-03-13 00:00:00,E1114,C2090,P3025,5,R05,302450.62
S501886,2026-06-04 00:00:00,E1112,C2212,P3058,11,R02,425526.64
S501887,2026-07-09 00:00:00,E1028,C2038,P3049,9,R04,371155.74
S501888,2026-01-12 00:00:00,E1114,C2083,P3008,4,R05,148517.27
S501889,2026-03-06 00:00:00,E1009,C2027,P3017,9,R04,112823.82
S501890,2026-04-17 00:00:00,E1024,C2217,P3009,9,R02,217771.85
S501891,2026-08-20 00:00:00,E1108,C2360,P3032,1,R05,60206.07
S501892,2026-02-11 00:00:00,E1115,C2372,P3006,5,R04,106035.06
S501893,2026-07-09 00:00:00,E1066,C2215,P3049,9,R04,371421.47
S501894,2026-04-25 00:00:00,E1095,C2221,P3040,4,R05,74205.17
S501895,2026-05-19 00:00:00,E1116,C2015,P3021,5,R06,202606.23
S501896,2026-04-13 00:00:00,E1021,C2443,P3007,4,R04,223930.85
S501897,2026-06-20 00:00:00,E1017,C2259,P3007,2,R02,121436.43
S501898,2026-04-05 00:00:00,E1018,C2266,P3047,10,R04,444389.97
S501899,2026-01-17 00:00:00,E1082,C2120,P3039,2,R04,50669.94
S501900,2026-08-13 00:00:00,E1020,C2401,P3054,2,R02,14969.95
S501901,2026-06-09 00:00:00,E1009,C2128,P3027,1,R04,3277.51
S501902,2026-08-09 00:00:00,E1039,C2211,P3008,3,R04,125855.8
S501903,2026-08-01 00:00:00,E1039,C2011,P3009,11,R04,254638.36
S501904,2026-03-26 00:00:00,E1055,C2176,P3028,10,R04,466586.12
S501905,2026-06-17 00:00:00,E1095,C2133,P3015,1,R05,12959.5
S501906,2026-05-31 00:00:00,E1107,C2325,P3002,4,R03,32116.24
S501907,2026-02-25 00:00:00,E1102,C2320,P3007,1,R04,59427.05
S501908,2026-05-14 00:00:00,E1092,C2014,P3047,4,R05,173155.22
S501909,2026-03-27 00:00:00,E1032,C2050,P3018,3,R02,110333.6
S501910,2026-06-27 00:00:00,E1046,C2410,P3022,9,R04,169648.73
S501911,2026-04-12 00:00:00,E1062,C2072,P3050,1,R02,13026.13
S501912,2026-06-14 00:00:00,E1078,C2069,P3010,8,R01,381986.97
S501913,2026-08-25 00:00:00,E1018,C2391,P3054,11,R04,81412.55
S501914,2026-07-11 00:00:00,E1081,C2383,P3050,9,R06,112505.73
S501915,2026-08-31 00:00:00,E1075,C2016,P3033,7,R05,113537.72
S501916,2026-02-23 00:00:00,E1041,C2439,P3007,1,R01,60332.26
S501917,2026-07-19 00:00:00,E1044,C2334,P3003,4,R06,153199.74
S501918,2026-08-21 00:00:00,E1050,C2357,P3014,10,R02,90935.78
S501919,2026-06-26 00:00:00,E1013,C2056,P3044,1,R05,29508.43
S501920,2026-08-15 00:00:00,E1098,C2105,P3046,4,R03,27066.83
S501921,2026-04-25 00:00:00,E1091,C2132,P3036,3,R01,87383.85
S501922,2026-05-19 00:00:00,E1105,C2048,P3013,2,R06,61416.66
S501923,2026-03-29 00:00:00,E1019,C2248,P3016,1,R03,53313.49
S501924,2026-02-18 00:00:00,E1081,C2273,P3016,6,R06,290058.94
S501925,2026-05-29 00:00:00,E1098,C2111,P3054,7,R03,49023.74
S501926,2026-04-25 00:00:00,E1007,C2420,P3005,6,R01,125668.94
S501927,2026-07-13 00:00:00,E1110,C2326,P3052,9,R01,604711.79
S501928,2026-03-04 00:00:00,E1045,C2336,P3025,9,R02,524258.47
S501929,2026-04-14 00:00:00,E1118,C2349,P3038,2,R02,126070.3
S501930,2026-03-24 00:00:00,E1036,C2038,P3038,2,R05,124852.82
S501931,2026-04-13 00:00:00,E1100,C2357,P3050,9,R01,111656.2
S501932,2026-06-05 00:00:00,E1104,C2240,P3038,1,R04,68884.13
S501933,2026-01-17 00:00:00,E1056,C2318,P3039,5,R06,125834.52
S501934,2026-01-06 00:00:00,E1064,C2121,P3056,1,R02,47122.04
S501935,2026-05-27 00:00:00,E1071,C2048,P3056,7,R05,334437.34
S501936,2026-07-03 00:00:00,E1084,C2010,P3048,9,R01,296247.53
S501937,2026-08-18 00:00:00,E1017,C2233,P3041,6,R02,326517.87
S501938,2026-01-28 00:00:00,E1009,C2036,P3026,2,R04,85925.37
S501939,2026-07-13 00:00:00,E1091,C2413,P3059,6,R01,103926.1
S501940,2026-02-07 00:00:00,E1098,C2004,P3013,9,R03,283093.2
S501941,2026-04-29 00:00:00,E1092,C2044,P3044,3,R05,95333.35
S501942,2026-02-06 00:00:00,E1118,C2056,P3051,9,R02,522735.07
S501943,2026-04-25 00:00:00,E1088,C2042,P3026,8,R04,320590.12
S501944,2026-09-01 00:00:00,E1032,C2255,P3055,7,R02,13606.99
S501945,2026-03-09 00:00:00,E1109,C2228,P3055,8,R02,15393.93
S501946,2026-08-02 00:00:00,E1011,C2114,P3001,10,R01,253197.27
S501947,2026-08-06 00:00:00,E1058,C2237,P3008,6,R02,229047.28
S501948,2026-06-26 00:00:00,E1078,C2397,P3004,3,R01,61079.27
S501949,2026-02-12 00:00:00,E1119,C2174,P3021,7,R06,307738.34
S501950,2026-06-13 00:00:00,E1094,C2255,P3022,4,R04,73632.46
S501951,2026-02-27 00:00:00,E1072,C2417,P3051,11,R02,575646.36
S501952,2026-01-13 00:00:00,E1021,C2277,P3053,10,R04,150616.6
S501953,2026-02-21 00:00:00,E1006,C2335,P3058,5,R02,212065.09
S501954,2026-02-27 00:00:00,E1024,C2441,P3037,8,R02,481932.07
S501955,2026-02-01 00:00:00,E1010,C2069,P3049,7,R05,304337.92
S501956,2026-07-28 00:00:00,E1060,C2326,P3003,7,R02,264956.26
S501957,2026-04-15 00:00:00,E1061,C2230,P3019,8,R03,409486.94
S501958,2026-08-16 00:00:00,E1095,C2067,P3001,10,R05,270918.11
S501959,2026-09-04 00:00:00,E1082,C2304,P3029,3,R04,206510.74
S501960,2026-07-07 00:00:00,E1056,C2417,P3023,3,R06,217800.35
S501961,2026-08-26 00:00:00,E1048,C2036,P3033,2,R04,33375.84
S501962,2026-03-24 00:00:00,E1023,C2417,P3055,1,R02,1934.11
S501963,2026-07-05 00:00:00,E1066,C2159,P3052,10,R04,678910.56
S501964,2026-04-09 00:00:00,E1009,C2149,P3041,6,R04,348701.29
S501965,2026-08-26 00:00:00,E1021,C2027,P3023,6,R04,413918.01
S501966,2026-04-14 00:00:00,E1053,C2072,P3005,10,R06,202230.04
S501967,2026-07-03 00:00:00,E1080,C2248,P3007,8,R01,436864.93
S501968,2026-01-28 00:00:00,E1041,C2101,P3057,6,R01,275420.25
S501969,2026-05-09 00:00:00,E1038,C2190,P3058,6,R01,235795.74
S501970,2026-06-19 00:00:00,E1052,C2096,P3006,1,R05,23758.35
S501971,2026-07-29 00:00:00,E1035,C2384,P3049,7,R06,294672.11
S501972,2026-02-17 00:00:00,E1077,C2282,P3022,7,R05,130012.56
S501973,2026-02-09 00:00:00,E1120,C2322,P3049,10,R04,448432.45
S501974,2026-04-07 00:00:00,E1106,C2396,P3013,9,R02,273010.43
S501975,2026-07-10 00:00:00,E1034,C2278,P3012,7,R06,149127.32
S501976,2026-07-23 00:00:00,E1032,C2017,P3004,8,R02,153766.71
S501977,2026-07-19 00:00:00,E1056,C2263,P3008,4,R06,151843.54
S501978,2026-08-04 00:00:00,E1046,C2107,P3037,9,R04,558894.26
S501979,2026-07-27 00:00:00,E1035,C2068,P3031,1,R06,55372.84
S501980,2026-04-24 00:00:00,E1116,C2128,P3037,8,R06,477441.69
S501981,2026-05-12 00:00:00,E1073,C2293,P3045,3,R01,140096.15
S501982,2026-06-15 00:00:00,E1115,C2294,P3026,1,R04,41301.98
S501983,2026-08-24 00:00:00,E1120,C2096,P3043,2,R04,113652.48
S501984,2026-06-04 00:00:00,E1064,C2395,P3008,6,R02,229570.18
S501985,2026-05-17 00:00:00,E1024,C2001,P3040,5,R02,85264.06
S501986,2026-04-21 00:00:00,E1048,C2409,P3033,3,R04,46732.83
S501987,2026-05-24 00:00:00,E1058,C2298,P3045,9,R02,409375.91
S501988,2026-07-03 00:00:00,E1008,C2180,P3029,8,R06,540490.4
S501989,2026-03-17 00:00:00,E1120,C2408,P3005,3,R04,60325.2
S501990,2026-01-31 00:00:00,E1091,C2181,P3028,2,R01,87309.19
S501991,2026-08-04 00:00:00,E1063,C2235,P3053,8,R05,121492.75
S501992,2026-04-29 00:00:00,E1004,C2440,P3040,5,R04,92054.54
S501993,2026-05-22 00:00:00,E1039,C2319,P3017,9,R04,124623.21
S501994,2026-08-25 00:00:00,E1086,C2337,P3055,1,R02,1961.75
S501995,2026-01-25 00:00:00,E1035,C2008,P3023,10,R06,748529.39
S501996,2026-02-03 00:00:00,E1115,C2443,P3045,3,R04,136070.17
S501997,2026-03-08 00:00:00,E1046,C2429,P3009,5,R04,111925.84
S501998,2026-06-01 00:00:00,E1110,C2027,P3002,2,R01,16030.61
S501999,2026-04-28 00:00:00,E1031,C2308,P3032,3,R04,197887.52
S502000,2026-08-22 00:00:00,E1018,C2146,P3051,4,R04,231783.55
S502001,2026-03-14 00:00:00,E1061,C2091,P3052,4,R03,269769.74
S502002,2026-01-26 00:00:00,E1011,C2342,P3049,11,R01,448945.48
S502003,2026-05-28 00:00:00,E1101,C2272,P3031,9,R01,578702.11
S502004,2026-07-11 00:00:00,E1086,C2322,P3007,1,R02,62797.56
S502005,2026-04-14 00:00:00,E1019,C2005,P3030,9,R03,389093.96
S502006,2026-01-10 00:00:00,E1047,C2082,P3058,9,R02,387592.46
S502007,2026-07-30 00:00:00,E1110,C2387,P3003,11,R01,364195
S502008,2026-03-08 00:00:00,E1093,C2219,P3051,6,R05,331693.25
S502009,2026-06-01 00:00:00,E1061,C2118,P3051,11,R03,572078.37
S502010,2026-01-05 00:00:00,E1064,C2081,P3056,1,R02,44350.38
S502011,2026-07-14 00:00:00,E1061,C2070,P3009,11,R03,255263.69
S502012,2026-07-05 00:00:00,E1051,C2115,P3010,6,R06,260358.97
S502013,2026-01-27 00:00:00,E1102,C2263,P3046,8,R04,59131.49
S502014,2026-07-27 00:00:00,E1065,C2306,P3050,5,R02,62828.26
S502015,2026-04-23 00:00:00,E1089,C2142,P3058,5,R06,197126.51
S502016,2026-01-15 00:00:00,E1033,C2422,P3047,1,R01,43473.8
S502017,2026-06-12 00:00:00,E1011,C2207,P3026,1,R01,40973.4
S502018,2026-07-23 00:00:00,E1012,C2111,P3001,8,R06,217446.53
S502019,2026-04-15 00:00:00,E1104,C2303,P3030,5,R04,223841.53
S502020,2026-06-30 00:00:00,E1072,C2112,P3057,8,R02,361967.99
S502021,2026-02-13 00:00:00,E1107,C2417,P3038,10,R03,659584.63
S502022,2026-01-26 00:00:00,E1064,C2043,P3015,2,R02,26429.89
S502023,2026-06-24 00:00:00,E1049,C2347,P3025,4,R04,234397.75
S502024,2026-06-11 00:00:00,E1035,C2285,P3006,11,R06,267789.39
S502025,2026-08-03 00:00:00,E1102,C2128,P3018,10,R04,399978.2
S502026,2026-04-05 00:00:00,E1103,C2185,P3001,9,R02,230346.69
S502027,2026-06-27 00:00:00,E1018,C2229,P3056,3,R04,140167.35
S502028,2026-03-25 00:00:00,E1106,C2389,P3003,6,R02,213916.01
S502029,2026-05-20 00:00:00,E1106,C2221,P3017,11,R02,151770.15
S502030,2026-08-03 00:00:00,E1056,C2352,P3048,7,R06,230967.98
S502031,2026-05-12 00:00:00,E1078,C2444,P3008,3,R01,122013
S502032,2026-03-28 00:00:00,E1087,C2117,P3060,1,R05,27978.38
S502033,2026-06-25 00:00:00,E1042,C2070,P3049,2,R03,84810.8
S502034,2026-07-02 00:00:00,E1020,C2386,P3040,11,R02,203364.84
S502035,2026-04-22 00:00:00,E1069,C2070,P3017,10,R01,131127.2
S502036,2026-05-09 00:00:00,E1084,C2110,P3025,7,R01,442400.78
S502037,2026-09-03 00:00:00,E1055,C2427,P3041,7,R04,379757.16
S502038,2026-03-30 00:00:00,E1117,C2132,P3012,1,R05,19313.6
S502039,2026-03-07 00:00:00,E1066,C2056,P3029,10,R04,691944.03
S502040,2026-06-07 00:00:00,E1085,C2443,P3025,7,R02,431790.69
S502041,2026-05-11 00:00:00,E1049,C2089,P3051,10,R04,558700.33
S502042,2026-05-02 00:00:00,E1007,C2137,P3036,11,R01,315562.92
S502043,2026-05-29 00:00:00,E1017,C2131,P3053,6,R02,92341.42
S502044,2026-08-05 00:00:00,E1074,C2218,P3054,11,R05,80334.52
S502045,2026-03-25 00:00:00,E1114,C2176,P3025,6,R05,342760.05
S502046,2026-06-26 00:00:00,E1019,C2171,P3029,7,R03,481261.89
S502047,2026-04-26 00:00:00,E1054,C2100,P3011,7,R06,366306.88
S502048,2026-08-02 00:00:00,E1050,C2129,P3060,1,R02,29150.08
S502049,2026-08-01 00:00:00,E1045,C2057,P3004,10,R02,182318.63
S502050,2026-07-09 00:00:00,E1041,C2181,P3014,5,R01,43269.82
S502051,2026-08-13 00:00:00,E1051,C2246,P3046,8,R06,56752.13
S502052,2026-04-26 00:00:00,E1115,C2144,P3038,8,R04,492839.21
S502053,2026-02-07 00:00:00,E1013,C2051,P3017,3,R05,40567.98
S502054,2026-05-23 00:00:00,E1111,C2368,P3002,3,R02,24103.07
S502055,2026-04-20 00:00:00,E1011,C2218,P3008,7,R01,260545.53
S502056,2026-06-29 00:00:00,E1073,C2104,P3036,4,R01,113602.82
S502057,2026-07-26 00:00:00,E1112,C2383,P3010,6,R02,251023.04
S502058,2026-02-15 00:00:00,E1057,C2055,P3007,9,R01,557230.03
S502059,2026-01-25 00:00:00,E1002,C2257,P3036,10,R06,282519.1
S502060,2026-01-21 00:00:00,E1051,C2346,P3016,2,R06,107189.63
S502061,2026-08-04 00:00:00,E1037,C2156,P3014,2,R02,17856.08
S502062,2026-05-01 00:00:00,E1022,C2053,P3016,6,R01,291421.8
S502063,2026-05-02 00:00:00,E1038,C2442,P3025,3,R01,165839.03
S502064,2026-05-13 00:00:00,E1118,C2329,P3041,1,R02,57882.14
S502065,2026-03-11 00:00:00,E1025,C2444,P3004,2,R03,38416.87
S502066,2026-04-23 00:00:00,E1057,C2187,P3029,7,R01,486618.34
S502067,2026-04-17 00:00:00,E1026,C2364,P3056,4,R05,182656.21
S502068,2026-04-22 00:00:00,E1008,C2150,P3006,2,R06,44363.38
S502069,2026-04-18 00:00:00,E1108,C2264,P3001,11,R05,276716.51
S502070,2026-02-16 00:00:00,E1083,C2250,P3039,8,R02,205648.89
S502071,2026-08-03 00:00:00,E1095,C2433,P3001,4,R05,100963.04
S502072,2026-07-15 00:00:00,E1096,C2298,P3051,4,R03,221619.07
S502073,2026-04-01 00:00:00,E1073,C2411,P3040,2,R01,33914.27
S502074,2026-01-18 00:00:00,E1099,C2423,P3057,1,R01,43468.58
S502075,2026-05-29 00:00:00,E1073,C2211,P3003,1,R01,35300.66
S502076,2026-08-08 00:00:00,E1025,C2025,P3001,3,R03,71688.57
S502077,2026-08-15 00:00:00,E1012,C2294,P3001,6,R06,155033.66
S502078,2026-08-02 00:00:00,E1075,C2341,P3039,7,R05,175173.35
S502079,2026-04-14 00:00:00,E1013,C2152,P3021,9,R05,348751.88
S502080,2026-05-31 00:00:00,E1036,C2024,P3045,5,R05,259937.42
S502081,2026-07-11 00:00:00,E1065,C2252,P3030,9,R02,385968.79
S502082,2026-07-14 00:00:00,E1070,C2060,P3032,8,R06,511601.96
S502083,2026-02-09 00:00:00,E1102,C2434,P3033,1,R04,17715.89
S502084,2026-08-30 00:00:00,E1094,C2367,P3048,11,R04,346156.6
S502085,2026-05-18 00:00:00,E1059,C2066,P3022,3,R01,59889.73
S502086,2026-03-30 00:00:00,E1014,C2398,P3030,8,R02,338699.84
S502087,2026-06-29 00:00:00,E1024,C2053,P3054,9,R02,65865.94
S502088,2026-08-29 00:00:00,E1085,C2416,P3046,4,R02,29649.35
S502089,2026-07-19 00:00:00,E1108,C2106,P3004,6,R05,120835.29
S502090,2026-09-04 00:00:00,E1103,C2096,P3023,4,R02,286356.98
S502091,2026-07-22 00:00:00,E1041,C2176,P3055,9,R01,17571.65
S502092,2026-03-02 00:00:00,E1090,C2039,P3044,2,R03,62944.79
S502093,2026-07-11 00:00:00,E1082,C2168,P3025,6,R04,337691.89
S502094,2026-01-05 00:00:00,E1099,C2042,P3012,11,R01,227677.74
S502095,2026-05-02 00:00:00,E1013,C2367,P3017,3,R05,38455.39
S502096,2026-08-25 00:00:00,E1035,C2104,P3053,10,R06,161812.87
S502097,2026-06-30 00:00:00,E1073,C2333,P3015,4,R01,55005.9
S502098,2026-02-24 00:00:00,E1077,C2204,P3010,2,R05,94936.47
S502099,2026-02-06 00:00:00,E1032,C2008,P3035,11,R02,488726.82
S502100,2026-02-25 00:00:00,E1095,C2282,P3055,8,R05,16398.85
S502101,2026-07-06 00:00:00,E1064,C2396,P3052,10,R02,598966.63
S502102,2026-08-25 00:00:00,E1014,C2043,P3052,8,R02,478292.73
S502103,2026-04-12 00:00:00,E1032,C2435,P3029,1,R02,69848.68
S502104,2026-04-03 00:00:00,E1003,C2110,P3012,10,R05,204110.31
S502105,2026-07-16 00:00:00,E1105,C2210,P3001,6,R06,158383.09
S502106,2026-03-14 00:00:00,E1016,C2237,P3001,1,R02,26848.25
S502107,2026-02-28 00:00:00,E1059,C2356,P3010,6,R01,259887.54
S502108,2026-08-28 00:00:00,E1077,C2319,P3018,7,R05,274714.1
S502109,2026-01-02 00:00:00,E1035,C2049,P3047,2,R06,87036.45
S502110,2026-07-12 00:00:00,E1105,C2115,P3002,9,R06,65748.07
S502111,2026-04-14 00:00:00,E1070,C2155,P3049,8,R06,321074.56
S502112,2026-07-07 00:00:00,E1077,C2137,P3008,9,R05,369368.72
S502113,2026-02-20 00:00:00,E1030,C2167,P3022,10,R01,189627.47
S502114,2026-01-30 00:00:00,E1068,C2321,P3022,4,R05,72717.55
S502115,2026-01-11 00:00:00,E1017,C2199,P3026,4,R02,162776.03
S502116,2026-08-08 00:00:00,E1041,C2071,P3026,8,R01,315521.81
S502117,2026-04-18 00:00:00,E1079,C2007,P3009,1,R02,24121.93
S502118,2026-03-17 00:00:00,E1038,C2200,P3021,8,R01,334162.23
S502119,2026-06-16 00:00:00,E1083,C2336,P3031,7,R02,389276.07
S502120,2026-03-31 00:00:00,E1022,C2067,P3052,7,R01,474855.75
S502121,2026-07-24 00:00:00,E1046,C2138,P3043,9,R04,506290.15
S502122,2026-05-03 00:00:00,E1020,C2242,P3006,10,R02,233219.42
S502123,2026-07-19 00:00:00,E1073,C2213,P3056,7,R01,326042.11
S502124,2026-07-10 00:00:00,E1104,C2181,P3014,2,R04,17549.94
S502125,2026-07-11 00:00:00,E1009,C2254,P3033,1,R04,17324.37
S502126,2026-07-08 00:00:00,E1079,C2101,P3007,1,R02,55386.86
S502127,2026-05-05 00:00:00,E1103,C2351,P3024,7,R02,262086.47
S502128,2026-07-01 00:00:00,E1068,C2087,P3009,5,R05,110261.97
S502129,2026-08-08 00:00:00,E1043,C2185,P3011,4,R01,205280.01
S502130,2026-05-02 00:00:00,E1077,C2091,P3056,5,R05,239955.96
S502131,2026-04-04 00:00:00,E1090,C2248,P3023,10,R03,650170.54
S502132,2026-07-20 00:00:00,E1072,C2214,P3048,10,R02,330300.77
S502133,2026-04-13 00:00:00,E1063,C2359,P3051,6,R05,343321.04
S502134,2026-08-11 00:00:00,E1027,C2249,P3002,10,R02,78473.61
S502135,2026-07-05 00:00:00,E1073,C2126,P3015,6,R01,79285.46
S502136,2026-08-01 00:00:00,E1105,C2411,P3035,1,R06,45877.83
S502137,2026-07-03 00:00:00,E1085,C2438,P3036,2,R02,64456.78
S502138,2026-08-27 00:00:00,E1072,C2369,P3052,3,R02,180280.69
S502139,2026-06-11 00:00:00,E1109,C2004,P3054,4,R02,29019.49
S502140,2026-09-04 00:00:00,E1030,C2088,P3028,6,R01,266973.1
S502141,2026-01-31 00:00:00,E1109,C2151,P3039,11,R02,301603.79
S502142,2026-02-21 00:00:00,E1105,C2176,P3044,9,R06,289663.69
S502143,2026-03-30 00:00:00,E1068,C2211,P3004,2,R05,39672.14
S502144,2026-03-17 00:00:00,E1020,C2426,P3010,8,R02,382191.56
S502145,2026-05-09 00:00:00,E1070,C2259,P3006,9,R06,195363.51
S502146,2026-07-02 00:00:00,E1060,C2091,P3057,2,R02,82801.42
S502147,2026-01-22 00:00:00,E1072,C2259,P3030,9,R02,384044.88
S502148,2026-02-09 00:00:00,E1115,C2412,P3054,7,R04,49752.62
S502149,2026-04-11 00:00:00,E1059,C2191,P3046,9,R01,66107.18
S502150,2026-04-21 00:00:00,E1038,C2081,P3035,6,R01,280940.61
S502151,2026-05-09 00:00:00,E1063,C2415,P3049,2,R05,84005.95
S502152,2026-03-06 00:00:00,E1094,C2138,P3043,8,R04,479611.71
S502153,2026-07-10 00:00:00,E1031,C2433,P3010,10,R04,466899.01
S502154,2026-08-22 00:00:00,E1073,C2350,P3058,9,R01,345543.72
S502155,2026-07-01 00:00:00,E1075,C2126,P3053,8,R05,122735.88
S502156,2026-06-19 00:00:00,E1026,C2369,P3032,2,R05,131147.67
S502157,2026-05-29 00:00:00,E1099,C2405,P3042,8,R01,160580.26
S502158,2026-03-20 00:00:00,E1067,C2356,P3042,3,R01,65015.88
S502159,2026-07-28 00:00:00,E1117,C2309,P3003,3,R05,104611.36
S502160,2026-01-22 00:00:00,E1007,C2343,P3056,9,R01,440185.3
S502161,2026-06-15 00:00:00,E1019,C2230,P3026,9,R03,367746.24
S502162,2026-04-09 00:00:00,E1011,C2345,P3015,9,R01,112722.45
S502163,2026-08-25 00:00:00,E1094,C2310,P3017,4,R04,50424.42
S502164,2026-07-27 00:00:00,E1012,C2441,P3027,7,R06,22764.62
S502165,2026-01-08 00:00:00,E1099,C2020,P3018,8,R01,291229.37
S502166,2026-07-09 00:00:00,E1067,C2369,P3051,5,R01,262659.31
S502167,2026-06-24 00:00:00,E1079,C2049,P3019,1,R02,52550.87
S502168,2026-01-17 00:00:00,E1103,C2135,P3012,9,R02,183866.98
S502169,2026-01-17 00:00:00,E1086,C2029,P3024,6,R02,215785.86
S502170,2026-09-03 00:00:00,E1067,C2048,P3005,3,R01,59309.68
S502171,2026-03-31 00:00:00,E1054,C2269,P3024,3,R06,108096.96
S502172,2026-05-21 00:00:00,E1069,C2003,P3027,10,R01,33603.96
S502173,2026-05-25 00:00:00,E1084,C2258,P3048,1,R01,35225.89
S502174,2026-06-15 00:00:00,E1107,C2016,P3030,8,R03,375075.89
S502175,2026-03-22 00:00:00,E1080,C2094,P3015,2,R01,28001.78
S502176,2026-08-28 00:00:00,E1032,C2358,P3047,1,R02,47139.75
S502177,2026-03-19 00:00:00,E1093,C2134,P3059,7,R05,112927.6
S502178,2026-06-22 00:00:00,E1018,C2301,P3038,11,R04,677951.18
S502179,2026-01-06 00:00:00,E1057,C2327,P3044,9,R01,294826.12
S502180,2026-06-12 00:00:00,E1112,C2133,P3034,6,R02,93129.48
S502181,2026-04-20 00:00:00,E1095,C2312,P3027,8,R05,27057.71
S502182,2026-01-14 00:00:00,E1037,C2383,P3020,8,R02,67703.17
S502183,2026-08-27 00:00:00,E1103,C2032,P3041,9,R02,523770.27
S502184,2026-03-13 00:00:00,E1027,C2305,P3032,7,R02,430467.71
S502185,2026-07-08 00:00:00,E1055,C2269,P3004,9,R04,163035.79
S502186,2026-05-23 00:00:00,E1018,C2414,P3005,9,R04,174693.9
S502187,2026-02-23 00:00:00,E1088,C2025,P3053,11,R04,182158.76
S502188,2026-01-27 00:00:00,E1026,C2316,P3058,1,R05,39999
S502189,2026-01-13 00:00:00,E1003,C2059,P3008,6,R05,253653.38
S502190,2026-08-29 00:00:00,E1088,C2213,P3022,8,R04,156528.37
S502191,2026-06-08 00:00:00,E1006,C2156,P3042,10,R02,190342.84
S502192,2026-09-02 00:00:00,E1005,C2314,P3007,9,R02,501382.23
S502193,2026-09-05 00:00:00,E1037,C2276,P3022,4,R02,75789.58
S502194,2026-06-12 00:00:00,E1007,C2418,P3046,2,R01,15355.06
S502195,2026-03-01 00:00:00,E1118,C2389,P3030,11,R02,466131.09
S502196,2026-01-06 00:00:00,E1022,C2210,P3037,9,R01,580788.62
S502197,2026-07-16 00:00:00,E1079,C2444,P3016,9,R02,435993.74
S502198,2026-08-02 00:00:00,E1120,C2427,P3015,8,R04,103761.11
S502199,2026-02-27 00:00:00,E1103,C2057,P3005,3,R02,66908.4
S502200,2026-02-18 00:00:00,E1091,C2185,P3003,5,R01,165855.78
S502201,2026-05-31 00:00:00,E1027,C2054,P3023,2,R02,144329.16
S502202,2026-08-05 00:00:00,E1057,C2209,P3010,3,R01,124746.7
S502203,2026-06-11 00:00:00,E1041,C2368,P3005,1,R01,21977.6
S502204,2026-01-26 00:00:00,E1086,C2429,P3023,4,R02,295967.73
S502205,2026-02-16 00:00:00,E1034,C2342,P3015,5,R06,71299.25
S502206,2026-01-05 00:00:00,E1015,C2293,P3018,2,R02,73316.23
S502207,2026-08-06 00:00:00,E1058,C2340,P3025,3,R02,166733.78
S502208,2026-01-20 00:00:00,E1102,C2304,P3008,6,R04,237360.03
S502209,2026-05-14 00:00:00,E1083,C2252,P3031,6,R02,347046.64
S502210,2026-07-17 00:00:00,E1022,C2374,P3021,7,R01,295892.23
S502211,2026-02-28 00:00:00,E1048,C2438,P3002,9,R04,68864.21
S502212,2026-07-11 00:00:00,E1017,C2304,P3022,4,R02,71629.57
S502213,2026-08-30 00:00:00,E1112,C2112,P3008,5,R02,204969.74
S502214,2026-05-26 00:00:00,E1017,C2366,P3023,11,R02,810857.92
S502215,2026-05-12 00:00:00,E1086,C2006,P3032,2,R02,138587.74
S502216,2026-01-17 00:00:00,E1030,C2418,P3008,6,R01,233418.49
S502217,2026-01-14 00:00:00,E1094,C2191,P3004,4,R04,73938.74
S502218,2026-07-25 00:00:00,E1009,C2334,P3030,5,R04,210012.82
S502219,2026-01-13 00:00:00,E1090,C2432,P3019,7,R03,345595.47
S502220,2026-05-15 00:00:00,E1004,C2279,P3023,6,R04,410905.77
S502221,2026-05-08 00:00:00,E1091,C2382,P3018,8,R01,330988.05
S502222,2026-02-13 00:00:00,E1020,C2340,P3053,6,R02,90203.02
S502223,2026-04-29 00:00:00,E1099,C2013,P3029,10,R01,670072.04
S502224,2026-05-23 00:00:00,E1068,C2303,P3023,8,R05,527499.35
S502225,2026-01-19 00:00:00,E1081,C2044,P3033,4,R06,65116.38
S502226,2026-03-04 00:00:00,E1088,C2105,P3052,7,R04,414169.27
S502227,2026-08-23 00:00:00,E1076,C2160,P3047,3,R05,137309.48
S502228,2026-08-27 00:00:00,E1084,C2154,P3018,1,R01,38153.01
S502229,2026-08-24 00:00:00,E1023,C2242,P3054,9,R02,61717.6
S502230,2026-06-12 00:00:00,E1048,C2181,P3044,9,R04,266121.75
S502231,2026-03-22 00:00:00,E1115,C2014,P3033,6,R04,103162.32
S502232,2026-06-12 00:00:00,E1093,C2180,P3007,2,R05,115497.4
S502233,2026-05-27 00:00:00,E1014,C2377,P3051,8,R02,402116.64
S502234,2026-05-28 00:00:00,E1034,C2292,P3028,10,R06,493874.11
S502235,2026-04-10 00:00:00,E1006,C2264,P3001,6,R02,152952.96
S502236,2026-06-12 00:00:00,E1092,C2168,P3056,7,R05,333831.54
S502237,2026-06-09 00:00:00,E1079,C2214,P3039,1,R02,27543.28
S502238,2026-05-02 00:00:00,E1028,C2150,P3034,3,R04,46384.65
S502239,2026-06-25 00:00:00,E1080,C2016,P3039,1,R01,27284.26
S502240,2026-02-13 00:00:00,E1025,C2091,P3019,10,R03,552328.38
S502241,2026-04-14 00:00:00,E1069,C2120,P3031,1,R01,56941.3
S502242,2026-06-01 00:00:00,E1113,C2444,P3013,11,R06,354402.45
S502243,2026-03-02 00:00:00,E1117,C2253,P3057,1,R05,41887.45
S502244,2026-05-05 00:00:00,E1065,C2060,P3024,4,R02,137030.11
S502245,2026-05-25 00:00:00,E1115,C2266,P3005,7,R04,154011.7
S502246,2026-03-12 00:00:00,E1096,C2409,P3023,7,R03,523349.43
S502247,2026-04-17 00:00:00,E1101,C2031,P3019,5,R01,266953.86
S502248,2026-02-19 00:00:00,E1050,C2021,P3001,6,R02,145785.81
S502249,2026-03-06 00:00:00,E1065,C2219,P3033,2,R02,33852.29
S502250,2026-04-09 00:00:00,E1080,C2081,P3059,5,R01,86699.86
S502251,2026-02-01 00:00:00,E1013,C2289,P3050,7,R05,84487.95
S502252,2026-06-13 00:00:00,E1029,C2031,P3056,9,R04,455276.33
S502253,2026-05-21 00:00:00,E1046,C2234,P3033,6,R04,98639.8
S502254,2026-07-17 00:00:00,E1095,C2405,P3032,10,R05,618023.72
S502255,2026-02-27 00:00:00,E1045,C2036,P3059,4,R02,64479.23
S502256,2026-05-08 00:00:00,E1018,C2449,P3028,3,R04,136564.55
S502257,2026-05-22 00:00:00,E1042,C2132,P3037,9,R03,569474.93
S502258,2026-06-14 00:00:00,E1051,C2324,P3041,7,R06,383381.67
S502259,2026-04-22 00:00:00,E1087,C2346,P3012,11,R05,230416.71
S502260,2026-07-26 00:00:00,E1059,C2132,P3009,6,R01,129875.55
S502261,2026-08-27 00:00:00,E1089,C2009,P3050,7,R06,86621.16
S502262,2026-03-09 00:00:00,E1086,C2030,P3055,8,R02,16222.26
S502263,2026-02-09 00:00:00,E1066,C2115,P3011,5,R04,247478.1
S502264,2026-07-06 00:00:00,E1077,C2301,P3033,3,R05,51361.11
S502265,2026-07-27 00:00:00,E1059,C2004,P3019,3,R01,162923.6
S502266,2026-08-08 00:00:00,E1100,C2325,P3054,2,R01,14651.34
S502267,2026-05-24 00:00:00,E1076,C2237,P3057,8,R05,356543.91
S502268,2026-07-09 00:00:00,E1076,C2023,P3042,1,R05,21327.03
S502269,2026-05-12 00:00:00,E1109,C2016,P3034,8,R02,134961.26
S502270,2026-06-22 00:00:00,E1072,C2022,P3007,3,R02,167663.7
S502271,2026-03-31 00:00:00,E1102,C2072,P3031,9,R04,555407.84
S502272,2026-01-28 00:00:00,E1090,C2304,P3052,11,R03,649582.86
S502273,2026-04-06 00:00:00,E1078,C2446,P3002,2,R01,14196.83
S502274,2026-08-25 00:00:00,E1045,C2444,P3019,10,R02,501691.81
S502275,2026-07-13 00:00:00,E1024,C2230,P3038,9,R02,635476.61
S502276,2026-01-31 00:00:00,E1028,C2107,P3032,6,R04,391231.52
S502277,2026-01-03 00:00:00,E1060,C2208,P3010,1,R02,43131.14
S502278,2026-09-03 00:00:00,E1111,C2389,P3041,5,R02,269500.85
S502279,2026-05-16 00:00:00,E1038,C2208,P3008,10,R01,420944.13
S502280,2026-01-24 00:00:00,E1007,C2263,P3026,9,R01,355415.99
S502281,2026-01-15 00:00:00,E1067,C2051,P3030,6,R01,256672.69
S502282,2026-06-20 00:00:00,E1007,C2065,P3011,7,R01,387278.61
S502283,2026-06-08 00:00:00,E1052,C2265,P3041,4,R05,232188.14
S502284,2026-07-20 00:00:00,E1023,C2338,P3020,1,R02,7623.56
S502285,2026-08-19 00:00:00,E1107,C2301,P3060,5,R03,141932.5
S502286,2026-02-14 00:00:00,E1090,C2378,P3020,2,R03,17124.61
S502287,2026-07-13 00:00:00,E1026,C2175,P3009,8,R05,194781.64
S502288,2026-01-08 00:00:00,E1081,C2023,P3008,4,R06,147694.18
S502289,2026-03-12 00:00:00,E1092,C2152,P3060,1,R05,27710.61
S502290,2026-09-05 00:00:00,E1074,C2266,P3015,10,R05,127315.05
S502291,2026-04-18 00:00:00,E1053,C2329,P3034,7,R06,110456.49
S502292,2026-04-25 00:00:00,E1090,C2304,P3024,11,R03,405348.76
S502293,2026-04-13 00:00:00,E1050,C2163,P3033,2,R02,32671.91
S502294,2026-08-22 00:00:00,E1104,C2438,P3041,3,R04,178190.96
S502295,2026-05-05 00:00:00,E1072,C2343,P3041,9,R02,527510.59
S502296,2026-02-26 00:00:00,E1120,C2367,P3045,9,R04,455511.56
S502297,2026-07-27 00:00:00,E1101,C2238,P3040,2,R01,37428.95
S502298,2026-08-15 00:00:00,E1108,C2199,P3027,3,R05,10104.57
S502299,2026-01-30 00:00:00,E1067,C2016,P3021,11,R01,446411.33
S502300,2026-07-21 00:00:00,E1062,C2309,P3005,9,R02,194397.94
S502301,2026-08-18 00:00:00,E1048,C2296,P3035,1,R04,46891.3
S502302,2026-05-26 00:00:00,E1037,C2356,P3021,2,R02,79231.78
S502303,2026-04-24 00:00:00,E1060,C2276,P3004,11,R02,219663.7
S502304,2026-07-16 00:00:00,E1078,C2239,P3049,2,R01,80143.53
S502305,2026-04-27 00:00:00,E1039,C2069,P3048,10,R04,306502.94
S502306,2026-08-09 00:00:00,E1012,C2301,P3016,3,R06,141789.18
S502307,2026-06-16 00:00:00,E1013,C2006,P3057,10,R05,477657.81
S502308,2026-03-01 00:00:00,E1044,C2220,P3031,3,R06,180493.79
S502309,2026-04-08 00:00:00,E1116,C2254,P3026,10,R06,375305.27
S502310,2026-06-20 00:00:00,E1041,C2433,P3052,2,R01,135907.71
S502311,2026-05-06 00:00:00,E1073,C2295,P3035,8,R01,371678.31
S502312,2026-06-22 00:00:00,E1012,C2358,P3006,8,R06,190533.52
S502313,2026-05-31 00:00:00,E1037,C2386,P3033,8,R02,128972.89
S502314,2026-07-16 00:00:00,E1054,C2107,P3021,2,R06,78131.3
S502315,2026-04-04 00:00:00,E1032,C2295,P3016,9,R02,450002.17
S502316,2026-05-14 00:00:00,E1034,C2118,P3047,11,R06,523880.22
S502317,2026-07-03 00:00:00,E1014,C2405,P3039,7,R02,185868.89
S502318,2026-05-02 00:00:00,E1019,C2168,P3034,5,R03,80071.78
S502319,2026-08-26 00:00:00,E1043,C2251,P3042,7,R01,147516.45
S502320,2026-04-18 00:00:00,E1060,C2082,P3057,8,R02,340968.84
S502321,2026-01-04 00:00:00,E1058,C2054,P3060,9,R02,265027.19
S502322,2026-04-03 00:00:00,E1025,C2240,P3015,2,R03,26445.91
S502323,2026-05-31 00:00:00,E1075,C2366,P3006,6,R05,126845.27
S502324,2026-01-06 00:00:00,E1032,C2012,P3002,9,R02,65569.88
S502325,2026-02-01 00:00:00,E1057,C2209,P3024,6,R01,222541.23
S502326,2026-04-16 00:00:00,E1107,C2165,P3056,2,R03,99792.47
S502327,2026-05-26 00:00:00,E1011,C2366,P3049,1,R01,41559.91
S502328,2026-01-15 00:00:00,E1062,C2294,P3028,3,R02,132536.44
S502329,2026-06-17 00:00:00,E1003,C2399,P3001,11,R05,263854.64
S502330,2026-05-02 00:00:00,E1104,C2007,P3001,5,R04,138261.61
S502331,2026-04-06 00:00:00,E1016,C2078,P3028,7,R02,333905.16
S502332,2026-07-20 00:00:00,E1004,C2434,P3036,10,R04,323234.54
S502333,2026-08-17 00:00:00,E1045,C2065,P3020,10,R02,84827.39
S502334,2026-07-21 00:00:00,E1032,C2102,P3048,3,R02,97065.15
S502335,2026-07-31 00:00:00,E1072,C2023,P3008,9,R02,334642.61
S502336,2026-01-06 00:00:00,E1069,C2357,P3001,10,R01,258667.01
S502337,2026-04-22 00:00:00,E1058,C2300,P3026,4,R02,149631.67
S502338,2026-04-30 00:00:00,E1065,C2287,P3051,10,R02,510424.42
S502339,2026-05-03 00:00:00,E1077,C2171,P3043,2,R05,115456.42
S502340,2026-07-10 00:00:00,E1016,C2077,P3049,3,R02,132276.7
S502341,2026-03-08 00:00:00,E1111,C2048,P3025,5,R02,295375.63
S502342,2026-04-16 00:00:00,E1118,C2255,P3010,3,R02,130098.34
S502343,2026-05-19 00:00:00,E1094,C2082,P3012,5,R04,101566.68
S502344,2026-02-12 00:00:00,E1011,C2383,P3041,4,R01,215341.1
S502345,2026-05-25 00:00:00,E1039,C2209,P3007,11,R04,671893.77
S502346,2026-04-06 00:00:00,E1049,C2209,P3012,10,R04,207690.23
S502347,2026-05-12 00:00:00,E1059,C2445,P3047,3,R01,131153.08
S502348,2026-07-10 00:00:00,E1052,C2084,P3040,6,R05,106762.35
S502349,2026-07-15 00:00:00,E1116,C2010,P3017,8,R06,107792.4
S502350,2026-03-22 00:00:00,E1073,C2029,P3005,4,R01,78345.45
S502351,2026-02-10 00:00:00,E1016,C2304,P3014,9,R02,79339.14
S502352,2026-07-30 00:00:00,E1019,C2446,P3034,6,R03,101424.71
S502353,2026-05-13 00:00:00,E1084,C2116,P3048,5,R01,155627.96
S502354,2026-06-09 00:00:00,E1118,C2269,P3017,3,R02,40441.47
S502355,2026-08-02 00:00:00,E1107,C2428,P3035,5,R03,235895.32
S502356,2026-09-05 00:00:00,E1090,C2047,P3055,5,R03,9531.22
S502357,2026-07-17 00:00:00,E1003,C2359,P3001,4,R05,99672.23
S502358,2026-02-04 00:00:00,E1106,C2448,P3059,6,R02,109076.05
S502359,2026-01-22 00:00:00,E1086,C2091,P3050,3,R02,36341.53
S502360,2026-07-12 00:00:00,E1100,C2053,P3050,10,R01,127799.07
S502361,2026-07-31 00:00:00,E1045,C2218,P3036,1,R02,31316.55
S502362,2026-05-30 00:00:00,E1027,C2348,P3015,7,R02,98302.28
S502363,2026-04-22 00:00:00,E1073,C2077,P3060,7,R01,216443.96
S502364,2026-09-04 00:00:00,E1039,C2204,P3019,4,R04,217366.93
S502365,2026-01-11 00:00:00,E1096,C2044,P3051,9,R03,497260.62
S502366,2026-07-24 00:00:00,E1044,C2156,P3042,2,R06,43010.63
S502367,2026-08-22 00:00:00,E1006,C2002,P3005,1,R02,22316.86
S502368,2026-01-03 00:00:00,E1012,C2357,P3019,3,R06,167098.3
S502369,2026-05-17 00:00:00,E1067,C2313,P3043,7,R01,439300.9
S502370,2026-03-01 00:00:00,E1035,C2057,P3039,9,R06,223030.63
S502371,2026-03-17 00:00:00,E1002,C2290,P3005,2,R06,43367.32
S502372,2026-03-28 00:00:00,E1085,C2058,P3052,6,R02,353995.74
S502373,2026-01-14 00:00:00,E1003,C2254,P3012,3,R05,58648.94
S502374,2026-08-13 00:00:00,E1087,C2180,P3019,5,R05,244255.61
S502375,2026-01-18 00:00:00,E1021,C2157,P3047,9,R04,439880.62
S502376,2026-04-23 00:00:00,E1063,C2035,P3012,3,R05,58841.94
S502377,2026-08-21 00:00:00,E1089,C2075,P3036,1,R06,31190.65
S502378,2026-03-14 00:00:00,E1022,C2432,P3012,5,R01,101668.02
S502379,2026-01-23 00:00:00,E1090,C2289,P3018,1,R03,36192.47
S502380,2026-07-21 00:00:00,E1070,C2371,P3049,8,R06,347218.32
S502381,2026-03-24 00:00:00,E1013,C2075,P3051,7,R05,386991.32
S502382,2026-05-05 00:00:00,E1023,C2329,P3048,11,R02,386276.01
S502383,2026-06-24 00:00:00,E1021,C2078,P3043,2,R04,112430.89
S502384,2026-03-10 00:00:00,E1084,C2255,P3034,11,R01,167247.15
S502385,2026-02-16 00:00:00,E1002,C2265,P3048,9,R06,307355.8
S502386,2026-04-26 00:00:00,E1031,C2304,P3033,5,R04,78290.75
S502387,2026-08-03 00:00:00,E1099,C2067,P3049,7,R01,287248.9
S502388,2026-01-30 00:00:00,E1025,C2221,P3018,4,R03,147404.73
S502389,2026-01-25 00:00:00,E1015,C2164,P3057,1,R02,45648.48
S502390,2026-06-05 00:00:00,E1037,C2375,P3029,8,R02,538335.2
S502391,2026-08-14 00:00:00,E1071,C2220,P3045,1,R05,49644.81
S502392,2026-08-25 00:00:00,E1077,C2172,P3005,3,R05,67528.44
S502393,2026-09-05 00:00:00,E1025,C2254,P3025,6,R03,369879.49
S502394,2026-04-22 00:00:00,E1062,C2210,P3024,8,R02,276583.5
S502395,2026-08-27 00:00:00,E1097,C2188,P3029,8,R04,554302.03
S502396,2026-01-25 00:00:00,E1057,C2191,P3059,2,R01,32717.33
S502397,2026-03-15 00:00:00,E1079,C2389,P3038,9,R02,548399.57
S502398,2026-07-25 00:00:00,E1082,C2215,P3033,4,R04,65283.32
S502399,2026-08-22 00:00:00,E1025,C2375,P3010,4,R03,175308.23
S502400,2026-08-26 00:00:00,E1079,C2086,P3037,2,R02,124124.89
S502401,2026-02-27 00:00:00,E1025,C2106,P3060,1,R03,30696.48
S502402,2026-04-04 00:00:00,E1056,C2332,P3033,10,R06,180285.92
S502403,2026-04-29 00:00:00,E1027,C2296,P3023,7,R02,460357.58
S502404,2026-05-07 00:00:00,E1068,C2019,P3058,11,R05,448742.79
S502405,2026-06-18 00:00:00,E1082,C2047,P3011,10,R04,487457.07
S502406,2026-01-25 00:00:00,E1039,C2065,P3024,3,R04,108880.73
S502407,2026-03-19 00:00:00,E1112,C2023,P3024,4,R02,133592.43
S502408,2026-04-09 00:00:00,E1067,C2146,P3007,11,R01,690859.45
S502409,2026-04-26 00:00:00,E1115,C2434,P3050,9,R04,118699.73
S502410,2026-02-17 00:00:00,E1077,C2286,P3021,6,R05,231202.81
S502411,2026-08-14 00:00:00,E1053,C2382,P3020,1,R06,8381.75
S502412,2026-01-10 00:00:00,E1036,C2066,P3053,9,R05,147378.33
S502413,2026-04-09 00:00:00,E1045,C2005,P3010,9,R02,402243.97
S502414,2026-07-22 00:00:00,E1030,C2093,P3025,5,R01,299584.34
S502415,2026-01-11 00:00:00,E1038,C2353,P3047,8,R01,375719.52
S502416,2026-03-26 00:00:00,E1083,C2426,P3036,7,R02,223903.89
S502417,2026-05-29 00:00:00,E1060,C2094,P3048,11,R02,379867.96
S502418,2026-08-02 00:00:00,E1056,C2106,P3047,8,R06,369931.91
S502419,2026-06-22 00:00:00,E1041,C2133,P3015,9,R01,127058.84
S502420,2026-05-15 00:00:00,E1044,C2434,P3044,2,R06,66916.06
S502421,2026-09-04 00:00:00,E1029,C2341,P3040,10,R04,169689.76
S502422,2026-07-28 00:00:00,E1030,C2314,P3040,5,R01,82397.09
S502423,2026-07-11 00:00:00,E1045,C2079,P3050,8,R02,103468.23
S502424,2026-05-06 00:00:00,E1004,C2212,P3006,3,R04,72919.1
S502425,2026-03-05 00:00:00,E1118,C2008,P3037,11,R02,636130.62
S502426,2026-01-02 00:00:00,E1011,C2159,P3002,11,R01,83107.28
S502427,2026-03-17 00:00:00,E1061,C2268,P3012,6,R03,112550.7
S502428,2026-05-01 00:00:00,E1108,C2149,P3058,6,R05,250759.24
S502429,2026-02-11 00:00:00,E1015,C2350,P3004,7,R02,141866.59
S502430,2026-07-29 00:00:00,E1078,C2446,P3023,11,R01,774533.79
S502431,2026-02-23 00:00:00,E1049,C2091,P3013,3,R04,89882.38
S502432,2026-03-16 00:00:00,E1044,C2236,P3017,8,R06,114495.61
S502433,2026-01-16 00:00:00,E1096,C2289,P3031,8,R03,452529.03
S502434,2026-08-29 00:00:00,E1033,C2410,P3016,9,R01,476007.28
S502435,2026-08-31 00:00:00,E1033,C2356,P3041,8,R01,449450.42
S502436,2026-01-18 00:00:00,E1044,C2168,P3026,3,R06,122141.02
S502437,2026-08-15 00:00:00,E1033,C2193,P3028,6,R01,279543.18
S502438,2026-09-02 00:00:00,E1027,C2187,P3001,9,R02,236988.54
S502439,2026-07-06 00:00:00,E1117,C2271,P3047,1,R05,48820.63
S502440,2026-03-31 00:00:00,E1002,C2114,P3012,3,R06,64526.53
S502441,2026-05-24 00:00:00,E1058,C2385,P3037,2,R02,129169.42
S502442,2026-01-06 00:00:00,E1108,C2011,P3055,8,R05,14985.86
S502443,2026-07-04 00:00:00,E1003,C2055,P3056,6,R05,274960.95
S502444,2026-04-18 00:00:00,E1083,C2258,P3050,10,R02,124654.41
S502445,2026-08-23 00:00:00,E1031,C2065,P3020,11,R04,93875.82
S502446,2026-06-24 00:00:00,E1105,C2172,P3002,11,R06,84259.33
S502447,2026-08-27 00:00:00,E1073,C2272,P3036,8,R01,259346.09
S502448,2026-02-17 00:00:00,E1054,C2150,P3015,2,R06,28894.06
S502449,2026-02-11 00:00:00,E1093,C2362,P3038,11,R05,735208.35
S502450,2026-03-17 00:00:00,E1010,C2146,P3022,6,R05,120254.81
S502451,2026-07-07 00:00:00,E1023,C2431,P3044,7,R02,234618.51
S502452,2026-03-18 00:00:00,E1035,C2209,P3050,8,R06,105286.12
S502453,2026-05-12 00:00:00,E1112,C2286,P3032,9,R02,596226.11
S502454,2026-08-19 00:00:00,E1051,C2010,P3059,5,R06,90294.41
S502455,2026-09-03 00:00:00,E1002,C2227,P3020,11,R06,82690.24
S502456,2026-05-10 00:00:00,E1075,C2186,P3036,3,R05,92479.26
S502457,2026-08-06 00:00:00,E1086,C2062,P3033,2,R02,32261.81
S502458,2026-02-28 00:00:00,E1055,C2085,P3015,8,R04,101215.3
S502459,2026-06-04 00:00:00,E1085,C2134,P3050,1,R02,13243.68
S502460,2026-01-27 00:00:00,E1102,C2323,P3046,10,R04,73613.01
S502461,2026-03-20 00:00:00,E1042,C2297,P3003,6,R03,205487.72
S502462,2026-03-13 00:00:00,E1047,C2171,P3029,2,R02,136742.41
S502463,2026-01-07 00:00:00,E1070,C2213,P3047,3,R06,147119.16
S502464,2026-07-10 00:00:00,E1010,C2018,P3027,8,R05,28780.73
S502465,2026-04-21 00:00:00,E1107,C2314,P3005,1,R03,19440.18
S502466,2026-04-29 00:00:00,E1023,C2060,P3059,6,R02,110484.98
S502467,2026-06-23 00:00:00,E1019,C2088,P3056,3,R03,138240.5
S502468,2026-03-04 00:00:00,E1078,C2027,P3031,6,R01,370497.21
S502469,2026-08-20 00:00:00,E1108,C2068,P3022,3,R05,58686.46
S502470,2026-05-04 00:00:00,E1045,C2278,P3035,11,R02,523693.97
S502471,2026-01-12 00:00:00,E1041,C2408,P3054,11,R01,84119.53
S502472,2026-05-21 00:00:00,E1075,C2040,P3007,8,R05,454366.47
S502473,2026-02-12 00:00:00,E1007,C2109,P3006,5,R01,115696.77
S502474,2026-01-17 00:00:00,E1085,C2074,P3026,4,R02,158740.73
S502475,2026-03-04 00:00:00,E1050,C2066,P3054,9,R02,65231.23
S502476,2026-07-28 00:00:00,E1113,C2168,P3001,5,R06,130440.4
S502477,2026-04-30 00:00:00,E1008,C2262,P3019,4,R06,204367.82
S502478,2026-02-05 00:00:00,E1082,C2368,P3007,8,R04,467542.68
S502479,2026-08-01 00:00:00,E1071,C2274,P3036,8,R05,230759.46
S502480,2026-01-08 00:00:00,E1017,C2337,P3012,8,R02,163568.11
S502481,2026-03-10 00:00:00,E1002,C2358,P3020,4,R06,33412.44
S502482,2026-03-31 00:00:00,E1117,C2237,P3023,1,R05,69661.85
S502483,2026-07-27 00:00:00,E1038,C2215,P3025,2,R01,126640.58
S502484,2026-02-05 00:00:00,E1105,C2366,P3030,4,R06,164346.41
S502485,2026-01-28 00:00:00,E1085,C2286,P3059,10,R02,173835.73
S502486,2026-04-28 00:00:00,E1120,C2378,P3029,2,R04,140956.34
S502487,2026-04-03 00:00:00,E1038,C2149,P3031,11,R01,612377.49
S502488,2026-06-24 00:00:00,E1083,C2318,P3018,10,R02,368861.43
S502489,2026-03-17 00:00:00,E1066,C2394,P3041,3,R04,182081.38
S502490,2026-04-11 00:00:00,E1092,C2376,P3019,9,R05,470479.44
S502491,2026-06-07 00:00:00,E1088,C2107,P3054,9,R04,64339.99
S502492,2026-05-31 00:00:00,E1064,C2141,P3004,11,R02,205826.34
S502493,2026-05-24 00:00:00,E1074,C2076,P3001,9,R05,246738.26
S502494,2026-01-14 00:00:00,E1063,C2009,P3041,7,R05,391725.19
S502495,2026-07-21 00:00:00,E1034,C2196,P3059,4,R06,72383.62
S502496,2026-03-12 00:00:00,E1068,C2295,P3015,1,R05,13051.43
S502497,2026-08-25 00:00:00,E1031,C2280,P3054,3,R04,21763.6
S502498,2026-06-29 00:00:00,E1113,C2381,P3008,8,R06,298975.3
S502499,2026-05-04 00:00:00,E1021,C2118,P3015,4,R04,56474.03
S502500,2026-05-05 00:00:00,E1062,C2290,P3015,10,R02,139342.83
S502501,2026-02-06 00:00:00,E1084,C2061,P3050,10,R01,125466.53
S502502,2026-01-29 00:00:00,E1109,C2425,P3039,2,R02,48210.07
S502503,2026-07-14 00:00:00,E1076,C2389,P3022,8,R05,151101.99
S502504,2026-05-23 00:00:00,E1025,C2335,P3018,7,R03,258228.98
S502505,2026-08-16 00:00:00,E1005,C2306,P3016,11,R02,541416.25
S502506,2026-06-24 00:00:00,E1038,C2388,P3002,10,R01,80541.17
S502507,2026-06-23 00:00:00,E1005,C2051,P3036,9,R02,283073.76
S502508,2026-06-29 00:00:00,E1079,C2052,P3020,2,R02,15428.33
S502509,2026-01-19 00:00:00,E1091,C2122,P3016,5,R01,268031.31
S502510,2026-07-24 00:00:00,E1079,C2167,P3003,6,R02,227198.6
S502511,2026-04-16 00:00:00,E1019,C2008,P3056,2,R03,94477.81
S502512,2026-01-21 00:00:00,E1090,C2369,P3030,2,R03,88588.96
S502513,2026-03-05 00:00:00,E1068,C2045,P3055,10,R05,20879.57
S502514,2026-06-14 00:00:00,E1050,C2344,P3002,4,R02,31181.43
S502515,2026-01-27 00:00:00,E1034,C2245,P3035,8,R06,360204.19
S502516,2026-02-24 00:00:00,E1060,C2284,P3026,11,R02,460805.27
S502517,2026-09-01 00:00:00,E1085,C2375,P3057,5,R02,213381.92
S502518,2026-01-29 00:00:00,E1075,C2107,P3005,9,R05,200055.8
S502519,2026-05-28 00:00:00,E1029,C2027,P3002,4,R04,30689.33
S502520,2026-01-25 00:00:00,E1036,C2193,P3051,3,R05,164421.12
S502521,2026-03-11 00:00:00,E1105,C2418,P3056,10,R06,440644.31
S502522,2026-03-04 00:00:00,E1011,C2337,P3020,8,R01,62381.23
S502523,2026-06-13 00:00:00,E1067,C2357,P3034,1,R01,15520.9
S502524,2026-05-10 00:00:00,E1044,C2062,P3034,9,R06,139409.35
S502525,2026-05-30 00:00:00,E1087,C2062,P3054,4,R05,30114.53
S502526,2026-08-12 00:00:00,E1010,C2422,P3056,11,R05,500020.47
S502527,2026-01-16 00:00:00,E1062,C2282,P3055,9,R02,16833.41
S502528,2026-05-26 00:00:00,E1113,C2121,P3020,8,R06,65081.42
S502529,2026-07-16 00:00:00,E1016,C2280,P3050,3,R02,38129.45
S502530,2026-07-01 00:00:00,E1101,C2039,P3025,3,R01,166654.43
S502531,2026-04-10 00:00:00,E1059,C2380,P3020,9,R01,66763.76
S502532,2026-01-30 00:00:00,E1071,C2277,P3025,3,R05,188326.58
S502533,2026-02-14 00:00:00,E1107,C2094,P3053,4,R03,60010.76
S502534,2026-01-19 00:00:00,E1023,C2431,P3014,9,R02,87170.67
S502535,2026-08-03 00:00:00,E1066,C2115,P3060,4,R04,113151.76
S502536,2026-02-03 00:00:00,E1043,C2176,P3047,11,R01,514665.38
S502537,2026-05-21 00:00:00,E1089,C2121,P3044,3,R06,88862.5
S502538,2026-06-20 00:00:00,E1073,C2013,P3043,7,R01,442377.08
S502539,2026-03-03 00:00:00,E1058,C2387,P3043,6,R02,343410.96
S502540,2026-04-28 00:00:00,E1024,C2416,P3039,1,R02,25547.55
S502541,2026-08-09 00:00:00,E1110,C2163,P3012,10,R01,193022.98
S502542,2026-04-10 00:00:00,E1026,C2275,P3048,8,R05,279131.31
S502543,2026-01-22 00:00:00,E1093,C2398,P3005,1,R05,22163.66
S502544,2026-06-29 00:00:00,E1107,C2176,P3002,4,R03,29940.42
S502545,2026-06-29 00:00:00,E1007,C2337,P3054,6,R01,42033.59
S502546,2026-04-21 00:00:00,E1035,C2379,P3016,6,R06,311903.75
S502547,2026-06-13 00:00:00,E1065,C2324,P3055,7,R02,14567.51
S502548,2026-03-14 00:00:00,E1010,C2173,P3030,11,R05,494243.25
S502549,2026-08-19 00:00:00,E1062,C2275,P3047,5,R02,243585.59
S502550,2026-08-31 00:00:00,E1051,C2064,P3043,5,R06,295568.85
S502551,2026-05-27 00:00:00,E1099,C2101,P3038,4,R01,249250.06
S502552,2026-02-07 00:00:00,E1053,C2322,P3045,6,R06,278914.57
S502553,2026-03-11 00:00:00,E1062,C2066,P3051,7,R02,387503.07
S502554,2026-04-26 00:00:00,E1072,C2331,P3042,10,R02,199835.53
S502555,2026-08-27 00:00:00,E1038,C2045,P3024,10,R01,336088.97
S502556,2026-03-20 00:00:00,E1032,C2087,P3051,1,R02,52223.57
S502557,2026-07-04 00:00:00,E1100,C2067,P3030,9,R01,398678.08
S502558,2026-05-28 00:00:00,E1043,C2259,P3037,8,R01,462998.92
S502559,2026-01-09 00:00:00,E1064,C2422,P3057,7,R02,287635.7
S502560,2026-02-01 00:00:00,E1095,C2205,P3059,9,R05,164243.41
S502561,2026-05-12 00:00:00,E1060,C2426,P3053,3,R02,46675.42
S502562,2026-02-19 00:00:00,E1015,C2424,P3039,10,R02,248874.7
S502563,2026-03-23 00:00:00,E1037,C2178,P3011,4,R02,216155.66
S502564,2026-01-05 00:00:00,E1037,C2419,P3014,7,R02,67362.37
S502565,2026-05-28 00:00:00,E1119,C2280,P3023,6,R06,431137.26
S502566,2026-03-28 00:00:00,E1081,C2344,P3053,2,R06,30868.31
S502567,2026-05-06 00:00:00,E1009,C2017,P3016,2,R04,105319.73
S502568,2026-03-16 00:00:00,E1027,C2296,P3050,10,R02,125088.68
S502569,2026-06-14 00:00:00,E1037,C2202,P3021,7,R02,285809.83
S502570,2026-01-22 00:00:00,E1050,C2450,P3055,9,R02,17984.16
S502571,2026-07-05 00:00:00,E1087,C2172,P3055,11,R05,22299.75
S502572,2026-03-09 00:00:00,E1029,C2407,P3004,9,R04,173084.52
S502573,2026-08-09 00:00:00,E1070,C2262,P3033,7,R06,125698.7
S502574,2026-02-13 00:00:00,E1064,C2194,P3054,11,R02,80979.06
S502575,2026-02-03 00:00:00,E1082,C2149,P3047,8,R04,386990.16
S502576,2026-03-18 00:00:00,E1088,C2375,P3014,10,R04,92490.68
S502577,2026-02-11 00:00:00,E1078,C2376,P3019,3,R01,151678.39
S502578,2026-05-17 00:00:00,E1082,C2035,P3059,1,R04,17233.55
S502579,2026-04-16 00:00:00,E1053,C2369,P3005,7,R06,137681.84
S502580,2026-04-05 00:00:00,E1106,C2029,P3036,8,R02,231570.96
S502581,2026-05-15 00:00:00,E1104,C2263,P3031,2,R04,124805.25
S502582,2026-03-09 00:00:00,E1044,C2221,P3045,9,R06,450992.71
S502583,2026-05-27 00:00:00,E1103,C2053,P3018,4,R02,146168.54
S502584,2026-08-22 00:00:00,E1030,C2421,P3044,10,R01,308294.95
S502585,2026-08-10 00:00:00,E1084,C2279,P3031,11,R01,623100.26
S502586,2026-06-08 00:00:00,E1011,C2353,P3055,9,R01,18667.86
S502587,2026-05-08 00:00:00,E1108,C2392,P3030,3,R05,124316.81
S502588,2026-06-12 00:00:00,E1041,C2076,P3021,8,R01,340616.37
S502589,2026-07-04 00:00:00,E1084,C2176,P3047,11,R01,511102.6
S502590,2026-03-26 00:00:00,E1002,C2010,P3030,2,R06,87810.62
S502591,2026-07-08 00:00:00,E1041,C2117,P3055,3,R01,5698.38
S502592,2026-06-08 00:00:00,E1022,C2280,P3041,1,R01,56285.28
S502593,2026-03-24 00:00:00,E1067,C2218,P3004,5,R01,99257.86
S502594,2026-04-05 00:00:00,E1016,C2175,P3005,4,R02,87403.52
S502595,2026-06-30 00:00:00,E1005,C2234,P3041,1,R02,59228.35
S502596,2026-02-01 00:00:00,E1062,C2437,P3045,10,R02,507748.9
S502597,2026-03-07 00:00:00,E1063,C2252,P3010,9,R05,380477.41
S502598,2026-07-06 00:00:00,E1021,C2295,P3027,6,R04,19185.2
S502599,2026-04-26 00:00:00,E1011,C2023,P3016,6,R01,315952.83
S502600,2026-05-18 00:00:00,E1089,C2322,P3030,11,R06,510147.52
S502601,2026-05-10 00:00:00,E1107,C2006,P3013,2,R03,62462.58
S502602,2026-07-13 00:00:00,E1035,C2021,P3036,7,R06,214844.53
S502603,2026-03-01 00:00:00,E1112,C2073,P3021,9,R02,366645.2
S502604,2026-08-04 00:00:00,E1050,C2330,P3045,6,R02,280920.33
S502605,2026-01-17 00:00:00,E1034,C2036,P3053,11,R06,180991.17
S502606,2026-04-06 00:00:00,E1100,C2387,P3040,8,R01,148957.12
S502607,2026-05-24 00:00:00,E1105,C2233,P3045,5,R06,242108.4
S502608,2026-01-16 00:00:00,E1063,C2216,P3015,2,R05,26078.11
S502609,2026-02-15 00:00:00,E1011,C2206,P3020,4,R01,30998.97
S502610,2026-06-16 00:00:00,E1056,C2426,P3020,1,R06,7444.44
S502611,2026-09-02 00:00:00,E1086,C2429,P3045,1,R02,49048.45
S502612,2026-06-08 00:00:00,E1067,C2044,P3055,6,R01,12685.62
S502613,2026-04-17 00:00:00,E1079,C2091,P3059,2,R02,35960.02
S502614,2026-03-29 00:00:00,E1002,C2417,P3005,6,R06,133740.83
S502615,2026-05-09 00:00:00,E1006,C2316,P3054,1,R02,7354.12
S502616,2026-05-19 00:00:00,E1082,C2093,P3054,11,R04,79188.3
S502617,2026-04-29 00:00:00,E1016,C2339,P3060,10,R02,309015.46
S502618,2026-03-26 00:00:00,E1115,C2083,P3032,3,R04,192479.98
S502619,2026-01-04 00:00:00,E1029,C2333,P3006,9,R04,216821.14
S502620,2026-03-12 00:00:00,E1097,C2282,P3030,2,R04,91732.16
S502621,2026-06-03 00:00:00,E1024,C2021,P3026,8,R02,314366.73
S502622,2026-04-21 00:00:00,E1114,C2228,P3037,6,R05,368897.04
S502623,2026-02-19 00:00:00,E1111,C2376,P3013,6,R02,179058.22
S502624,2026-05-20 00:00:00,E1109,C2130,P3029,7,R02,459822.62
S502625,2026-04-05 00:00:00,E1018,C2175,P3005,5,R04,102713.83
S502626,2026-07-28 00:00:00,E1115,C2108,P3025,11,R04,687668.3
S502627,2026-08-13 00:00:00,E1100,C2414,P3013,4,R01,126258.62
S502628,2026-07-22 00:00:00,E1014,C2283,P3024,6,R02,205625.53
S502629,2026-04-02 00:00:00,E1015,C2071,P3031,8,R02,469832.57
S502630,2026-08-12 00:00:00,E1012,C2404,P3020,4,R06,32707.88
S502631,2026-03-06 00:00:00,E1029,C2050,P3055,5,R04,9705.92
S502632,2026-02-16 00:00:00,E1044,C2095,P3008,7,R06,276899.13
S502633,2026-08-08 00:00:00,E1098,C2279,P3060,6,R03,177656.85
S502634,2026-06-30 00:00:00,E1101,C2397,P3009,4,R01,91266.81
S502635,2026-04-16 00:00:00,E1063,C2337,P3021,4,R05,158451.4
S502636,2026-07-18 00:00:00,E1066,C2132,P3051,10,R04,541187.85
S502637,2026-05-10 00:00:00,E1032,C2398,P3020,4,R02,31421.03
S502638,2026-04-16 00:00:00,E1083,C2276,P3015,1,R02,13013.24
S502639,2026-01-24 00:00:00,E1113,C2380,P3026,5,R06,196390.14
S502640,2026-01-04 00:00:00,E1075,C2013,P3054,8,R05,57214.35
S502641,2026-04-18 00:00:00,E1011,C2003,P3042,7,R01,150343.98
S502642,2026-01-19 00:00:00,E1009,C2224,P3011,5,R04,271629.61
S502643,2026-06-03 00:00:00,E1022,C2175,P3037,3,R01,189123.36
S502644,2026-07-22 00:00:00,E1079,C2387,P3041,11,R02,625645.07
S502645,2026-02-09 00:00:00,E1061,C2385,P3011,1,R03,48418.8
S502646,2026-02-19 00:00:00,E1052,C2090,P3027,7,R05,23268.84
S502647,2026-06-20 00:00:00,E1071,C2408,P3030,11,R05,508358.09
S502648,2026-03-16 00:00:00,E1072,C2241,P3019,3,R02,153080.02
S502649,2026-08-25 00:00:00,E1031,C2035,P3034,4,R04,63407.87
S502650,2026-07-14 00:00:00,E1097,C2014,P3038,5,R04,314239.34
S502651,2026-01-12 00:00:00,E1018,C2195,P3023,8,R04,599428.76
S502652,2026-07-14 00:00:00,E1077,C2397,P3053,7,R05,119589.91
S502653,2026-08-22 00:00:00,E1021,C2431,P3001,9,R04,220156.11
S502654,2026-01-27 00:00:00,E1050,C2306,P3003,11,R02,405727.02
S502655,2026-04-23 00:00:00,E1075,C2334,P3003,3,R05,99974.18
S502656,2026-07-01 00:00:00,E1003,C2213,P3028,11,R05,518011.16
S502657,2026-07-13 00:00:00,E1038,C2410,P3014,10,R01,86757.47
S502658,2026-02-18 00:00:00,E1002,C2003,P3052,1,R06,59684.7
S502659,2026-05-24 00:00:00,E1005,C2179,P3030,1,R02,40726.38
S502660,2026-05-10 00:00:00,E1102,C2040,P3058,10,R04,428066.57
S502661,2026-03-01 00:00:00,E1056,C2164,P3054,1,R06,7585.24
S502662,2026-07-01 00:00:00,E1026,C2307,P3005,2,R05,39280.4
S502663,2026-01-30 00:00:00,E1004,C2235,P3049,2,R04,87307.72
S502664,2026-03-25 00:00:00,E1010,C2257,P3015,7,R05,90255.21
S502665,2026-06-15 00:00:00,E1088,C2360,P3038,9,R04,571034.49
S502666,2026-01-28 00:00:00,E1089,C2417,P3014,8,R06,77218.85
S502667,2026-01-25 00:00:00,E1078,C2391,P3014,4,R01,34341.69
S502668,2026-04-06 00:00:00,E1076,C2373,P3057,2,R05,90368.35
S502669,2026-05-05 00:00:00,E1035,C2116,P3059,3,R06,50663.52
S502670,2026-01-10 00:00:00,E1045,C2052,P3049,10,R02,409511.99
S502671,2026-07-07 00:00:00,E1076,C2376,P3008,5,R05,196230.14
S502672,2026-02-11 00:00:00,E1096,C2395,P3008,9,R03,379961.38
S502673,2026-02-09 00:00:00,E1023,C2411,P3019,8,R02,433354.73
S502674,2026-08-13 00:00:00,E1072,C2142,P3032,3,R02,183074.15
S502675,2026-03-18 00:00:00,E1116,C2086,P3031,9,R06,568529.38
S502676,2026-09-05 00:00:00,E1003,C2046,P3029,10,R05,742660.64
S502677,2026-04-15 00:00:00,E1096,C2332,P3041,3,R03,165507.39
S502678,2026-04-28 00:00:00,E1068,C2238,P3011,10,R05,510938.44
S502679,2026-02-11 00:00:00,E1033,C2010,P3045,8,R01,368676.55
S502680,2026-02-16 00:00:00,E1108,C2152,P3013,1,R05,29658.91
S502681,2026-06-14 00:00:00,E1017,C2061,P3027,4,R02,13993.94
S502682,2026-09-03 00:00:00,E1078,C2018,P3056,4,R01,181531.36
S502683,2026-07-27 00:00:00,E1002,C2086,P3019,6,R06,287883.63
S502684,2026-08-25 00:00:00,E1119,C2137,P3026,2,R06,78685.61
S502685,2026-01-22 00:00:00,E1074,C2401,P3053,7,R05,111471.26
S502686,2026-07-04 00:00:00,E1050,C2230,P3051,5,R02,272493.81
S502687,2026-07-31 00:00:00,E1052,C2128,P3037,10,R05,631918.53
S502688,2026-08-30 00:00:00,E1014,C2104,P3048,6,R02,185597.69
S502689,2026-04-17 00:00:00,E1016,C2186,P3009,11,R02,251080.8
S502690,2026-01-27 00:00:00,E1055,C2397,P3028,6,R04,268327.29
S502691,2026-02-10 00:00:00,E1046,C2178,P3032,11,R04,760582.48
S502692,2026-03-21 00:00:00,E1009,C2357,P3052,6,R04,370589.2
S502693,2026-06-11 00:00:00,E1076,C2006,P3054,10,R05,67754.01
S502694,2026-06-09 00:00:00,E1048,C2341,P3003,8,R04,265116.91
S502695,2026-08-06 00:00:00,E1071,C2307,P3051,10,R05,520009.67
S502696,2026-03-30 00:00:00,E1116,C2036,P3032,4,R06,245960.51
S502697,2026-03-07 00:00:00,E1020,C2327,P3005,10,R02,214897.42
S502698,2026-01-12 00:00:00,E1113,C2356,P3008,8,R06,333192.37
S502699,2026-06-17 00:00:00,E1039,C2281,P3014,9,R04,79773.93
S502700,2026-03-14 00:00:00,E1012,C2395,P3056,4,R06,190377.22
S502701,2026-03-17 00:00:00,E1119,C2300,P3003,1,R06,36917.99
S502702,2026-03-31 00:00:00,E1045,C2014,P3024,3,R02,104792.95
S502703,2026-07-20 00:00:00,E1021,C2237,P3013,1,R04,28356.55
S502704,2026-01-10 00:00:00,E1021,C2285,P3043,7,R04,403822.12
S502705,2026-04-06 00:00:00,E1022,C2330,P3029,1,R01,73683.98
S502706,2026-08-14 00:00:00,E1084,C2050,P3008,11,R01,456634.92
S502707,2026-06-25 00:00:00,E1059,C2261,P3051,4,R01,202065.49
S502708,2026-01-20 00:00:00,E1052,C2110,P3042,1,R05,19411.02
S502709,2026-02-08 00:00:00,E1076,C2197,P3031,2,R05,124859.36
S502710,2026-03-01 00:00:00,E1100,C2378,P3026,11,R01,442831.57
S502711,2026-03-07 00:00:00,E1027,C2252,P3018,1,R02,40058.85
S502712,2026-03-06 00:00:00,E1031,C2088,P3058,5,R04,191529.73
S502713,2026-06-28 00:00:00,E1075,C2313,P3018,7,R05,288406.67
S502714,2026-05-04 00:00:00,E1112,C2026,P3057,3,R02,139292.06
S502715,2026-06-13 00:00:00,E1117,C2262,P3007,8,R05,448270.58
S502716,2026-06-01 00:00:00,E1032,C2144,P3048,5,R02,167337.01
S502717,2026-09-03 00:00:00,E1044,C2060,P3038,5,R06,309598.09
S502718,2026-06-04 00:00:00,E1070,C2356,P3048,5,R06,162310.24
S502719,2026-05-10 00:00:00,E1063,C2268,P3016,8,R05,408875.92
S502720,2026-06-08 00:00:00,E1063,C2075,P3055,2,R05,3830.32
S502721,2026-02-26 00:00:00,E1072,C2003,P3056,2,R02,96331.36
S502722,2026-03-19 00:00:00,E1080,C2063,P3060,8,R01,220842.03
S502723,2026-07-13 00:00:00,E1070,C2236,P3033,9,R06,156964.35
S502724,2026-01-29 00:00:00,E1092,C2448,P3056,11,R05,506170.29
S502725,2026-01-15 00:00:00,E1113,C2446,P3051,10,R06,563589.34
S502726,2026-01-12 00:00:00,E1114,C2229,P3003,10,R05,336618.09
S502727,2026-04-11 00:00:00,E1105,C2390,P3038,2,R06,128881.07
S502728,2026-06-05 00:00:00,E1018,C2275,P3004,4,R04,75411.02
S502729,2026-03-25 00:00:00,E1020,C2018,P3036,8,R02,238769.56
S502730,2026-05-05 00:00:00,E1053,C2080,P3004,2,R06,37525.62
S502731,2026-04-13 00:00:00,E1115,C2215,P3042,4,R04,80399.24
S502732,2026-01-24 00:00:00,E1072,C2171,P3009,10,R02,246567.61
S502733,2026-05-29 00:00:00,E1065,C2329,P3040,1,R02,16680.71
S502734,2026-05-18 00:00:00,E1095,C2255,P3051,2,R05,112355.71
S502735,2026-04-20 00:00:00,E1077,C2387,P3017,7,R05,95021.55
S502736,2026-03-19 00:00:00,E1082,C2126,P3017,1,R04,13288.26
S502737,2026-04-11 00:00:00,E1031,C2255,P3033,1,R04,17212.97
S502738,2026-05-26 00:00:00,E1026,C2072,P3020,2,R05,16939.98
S502739,2026-08-04 00:00:00,E1106,C2038,P3014,4,R02,36320.48
S502740,2026-05-22 00:00:00,E1077,C2324,P3022,7,R05,140038.33
S502741,2026-06-11 00:00:00,E1073,C2204,P3052,4,R01,236722.42
S502742,2026-05-08 00:00:00,E1027,C2172,P3027,5,R02,17439.85
S502743,2026-02-27 00:00:00,E1058,C2223,P3043,4,R02,234607.92
S502744,2026-03-17 00:00:00,E1023,C2217,P3003,4,R02,140133.13
S502745,2026-05-30 00:00:00,E1091,C2245,P3024,9,R01,322855.91
S502746,2026-09-05 00:00:00,E1020,C2336,P3030,6,R02,263722.45
S502747,2026-07-17 00:00:00,E1032,C2191,P3008,3,R02,116458.15
S502748,2026-02-05 00:00:00,E1027,C2298,P3022,6,R02,110302.69
S502749,2026-06-22 00:00:00,E1044,C2320,P3025,7,R06,420414.16
S502750,2026-06-13 00:00:00,E1043,C2182,P3060,7,R01,201306.91
S502751,2026-01-22 00:00:00,E1102,C2334,P3010,8,R04,348078.82
S502752,2026-07-25 00:00:00,E1024,C2383,P3049,4,R02,164179.47
S502753,2026-05-07 00:00:00,E1049,C2205,P3029,1,R04,72521.43
S502754,2026-03-21 00:00:00,E1014,C2361,P3040,6,R02,109886.54
S502755,2026-07-08 00:00:00,E1091,C2199,P3054,8,R01,55213.19
S502756,2026-04-10 00:00:00,E1068,C2332,P3001,5,R05,124609.01
S502757,2026-07-03 00:00:00,E1068,C2165,P3052,3,R05,181776.41
S502758,2026-08-05 00:00:00,E1017,C2242,P3021,4,R02,176203.36
S502759,2026-04-06 00:00:00,E1075,C2388,P3039,8,R05,216785.04
S502760,2026-06-10 00:00:00,E1029,C2130,P3024,6,R04,198975.91
S502761,2026-06-22 00:00:00,E1079,C2227,P3009,5,R02,120529.51
S502762,2026-06-13 00:00:00,E1036,C2122,P3060,9,R05,240174.92
S502763,2026-05-28 00:00:00,E1043,C2044,P3044,10,R01,299444.76
S502764,2026-01-18 00:00:00,E1079,C2023,P3054,3,R02,23054.75
S502765,2026-02-07 00:00:00,E1032,C2196,P3026,7,R02,298244.22
S502766,2026-07-14 00:00:00,E1087,C2358,P3009,9,R05,215326.4
S502767,2026-05-31 00:00:00,E1033,C2204,P3020,11,R01,87786.69
S502768,2026-08-12 00:00:00,E1056,C2318,P3056,11,R06,503131.85
S502769,2026-04-19 00:00:00,E1100,C2257,P3035,4,R01,189603.78
S502770,2026-05-03 00:00:00,E1074,C2017,P3036,10,R05,309298.11
S502771,2026-05-24 00:00:00,E1061,C2272,P3042,10,R03,196341.97
S502772,2026-07-06 00:00:00,E1043,C2009,P3036,3,R01,90087.07
S502773,2026-07-16 00:00:00,E1114,C2249,P3054,1,R05,7643.28
S502774,2026-07-15 00:00:00,E1068,C2437,P3009,9,R05,219200.85
S502775,2026-05-29 00:00:00,E1104,C2201,P3022,1,R04,19406.61
S502776,2026-04-14 00:00:00,E1098,C2059,P3001,2,R03,53592.09
S502777,2026-08-31 00:00:00,E1056,C2375,P3005,9,R06,175651.39
S502778,2026-07-25 00:00:00,E1042,C2393,P3009,5,R03,116506.39
S502779,2026-08-19 00:00:00,E1029,C2140,P3037,4,R04,252962.84
S502780,2026-08-11 00:00:00,E1038,C2119,P3038,9,R01,548824.12
S502781,2026-07-25 00:00:00,E1107,C2041,P3019,9,R03,491999.09
S502782,2026-07-17 00:00:00,E1067,C2399,P3008,2,R01,84287.39
S502783,2026-05-20 00:00:00,E1107,C2322,P3042,3,R03,58363.93
S502784,2026-05-24 00:00:00,E1076,C2331,P3043,3,R05,190198.04
S502785,2026-03-22 00:00:00,E1057,C2267,P3032,5,R01,331664.72
S502786,2026-08-25 00:00:00,E1005,C2008,P3013,3,R02,92282.81
S502787,2026-03-28 00:00:00,E1101,C2183,P3020,10,R01,84571.29
S502788,2026-05-22 00:00:00,E1011,C2134,P3036,6,R01,175223.6
S502789,2026-03-02 00:00:00,E1049,C2181,P3043,2,R04,125781.09
S502790,2026-07-18 00:00:00,E1077,C2404,P3044,6,R05,181428.73
S502791,2026-02-15 00:00:00,E1015,C2423,P3037,6,R02,385029.79
S502792,2026-02-01 00:00:00,E1039,C2355,P3030,2,R04,87515.93
S502793,2026-01-15 00:00:00,E1013,C2072,P3010,6,R05,252539.35
S502794,2026-02-13 00:00:00,E1047,C2113,P3031,6,R02,353127.36
S502795,2026-05-25 00:00:00,E1018,C2107,P3025,6,R04,339402.15
S502796,2026-06-18 00:00:00,E1082,C2290,P3029,5,R04,326534.31
S502797,2026-02-23 00:00:00,E1036,C2313,P3024,7,R05,233503.35
S502798,2026-08-27 00:00:00,E1068,C2117,P3039,5,R05,135609.48
S502799,2026-02-13 00:00:00,E1077,C2120,P3021,11,R05,484336
S502800,2026-04-08 00:00:00,E1043,C2147,P3041,1,R01,60883.52
S502801,2026-01-05 00:00:00,E1069,C2327,P3009,9,R01,217628.81
S502802,2026-04-19 00:00:00,E1030,C2415,P3042,3,R01,63905.54
S502803,2026-01-27 00:00:00,E1019,C2210,P3042,2,R03,37854.52
S502804,2026-04-26 00:00:00,E1021,C2296,P3002,10,R04,79762.33
S502805,2026-03-28 00:00:00,E1113,C2398,P3004,6,R06,118705.04
S502806,2026-04-14 00:00:00,E1015,C2103,P3008,8,R02,298365.59
S502807,2026-05-03 00:00:00,E1035,C2124,P3032,2,R06,132596.16
S502808,2026-07-25 00:00:00,E1051,C2245,P3014,4,R06,36241.11
S502809,2026-03-20 00:00:00,E1056,C2379,P3049,2,R06,91285.07
S502810,2026-02-12 00:00:00,E1032,C2356,P3013,9,R02,281674.36
S502811,2026-04-07 00:00:00,E1060,C2209,P3021,10,R02,444758.14
S502812,2026-09-02 00:00:00,E1106,C2421,P3024,2,R02,66656.67
S502813,2026-01-31 00:00:00,E1044,C2428,P3050,10,R06,116061.75
S502814,2026-04-09 00:00:00,E1060,C2393,P3018,2,R02,82649.38
S502815,2026-01-17 00:00:00,E1084,C2314,P3045,5,R01,228688.26
S502816,2026-08-08 00:00:00,E1031,C2404,P3040,5,R04,86003.23
S502817,2026-03-24 00:00:00,E1026,C2109,P3026,7,R05,288930.59
S502818,2026-04-20 00:00:00,E1065,C2377,P3032,1,R02,68468.02
S502819,2026-07-01 00:00:00,E1020,C2348,P3044,2,R02,59902.14
S502820,2026-07-09 00:00:00,E1074,C2050,P3057,11,R05,453927.56
S502821,2026-08-03 00:00:00,E1094,C2404,P3055,11,R04,21702.95
S502822,2026-02-01 00:00:00,E1009,C2105,P3056,6,R04,280934.48
S502823,2026-06-17 00:00:00,E1097,C2420,P3053,2,R04,31126.98
S502824,2026-05-21 00:00:00,E1004,C2373,P3033,4,R04,71346.79
S502825,2026-07-31 00:00:00,E1069,C2027,P3052,10,R01,655467.98
S502826,2026-02-04 00:00:00,E1110,C2288,P3031,6,R01,379500.27
S502827,2026-05-13 00:00:00,E1088,C2257,P3018,7,R04,255599.59
S502828,2026-07-20 00:00:00,E1083,C2273,P3035,10,R02,460981.67
S502829,2026-01-29 00:00:00,E1102,C2137,P3012,5,R04,107915.15
S502830,2026-03-11 00:00:00,E1018,C2340,P3051,8,R04,439015.03
S502831,2026-06-02 00:00:00,E1015,C2301,P3025,6,R02,336019.35
S502832,2026-04-05 00:00:00,E1117,C2322,P3045,5,R05,263125.38
S502833,2026-01-22 00:00:00,E1010,C2032,P3031,4,R05,240833.92
S502834,2026-07-13 00:00:00,E1064,C2045,P3010,6,R02,282393.24
S502835,2026-06-22 00:00:00,E1096,C2265,P3047,6,R03,259473.12
S502836,2026-03-10 00:00:00,E1022,C2030,P3052,6,R01,388431.24
S502837,2026-08-07 00:00:00,E1078,C2084,P3034,1,R01,16694.33
S502838,2026-03-30 00:00:00,E1038,C2166,P3051,6,R01,325282.59
S502839,2026-03-13 00:00:00,E1098,C2316,P3003,1,R03,34495.42
S502840,2026-09-04 00:00:00,E1012,C2001,P3046,5,R06,33967.03
S502841,2026-05-09 00:00:00,E1021,C2249,P3039,7,R04,176296.92
S502842,2026-07-31 00:00:00,E1036,C2261,P3008,1,R05,38655.79
S502843,2026-06-21 00:00:00,E1055,C2063,P3032,1,R04,66775.22
S502844,2026-03-28 00:00:00,E1049,C2164,P3043,6,R04,343323.61
S502845,2026-04-06 00:00:00,E1112,C2321,P3029,7,R02,457565.67
S502846,2026-03-16 00:00:00,E1077,C2334,P3022,6,R05,111677.32
S502847,2026-06-16 00:00:00,E1054,C2201,P3020,5,R06,39909.88
S502848,2026-08-27 00:00:00,E1009,C2222,P3006,6,R04,138519.51
S502849,2026-02-23 00:00:00,E1005,C2152,P3043,3,R02,186356.61
S502850,2026-03-29 00:00:00,E1028,C2132,P3049,9,R04,410143.66
S502851,2026-07-22 00:00:00,E1046,C2114,P3029,5,R04,336619.7
S502852,2026-06-06 00:00:00,E1042,C2217,P3042,2,R03,40722.35
S502853,2026-02-23 00:00:00,E1104,C2196,P3056,10,R04,460621.59
S502854,2026-08-06 00:00:00,E1049,C2281,P3017,10,R04,124342.14
S502855,2026-01-16 00:00:00,E1096,C2202,P3031,7,R03,424758.83
S502856,2026-04-09 00:00:00,E1046,C2135,P3053,3,R04,50457.92
S502857,2026-01-20 00:00:00,E1050,C2234,P3034,1,R02,14578.32
S502858,2026-02-15 00:00:00,E1114,C2141,P3038,3,R05,182428.28
S502859,2026-07-14 00:00:00,E1093,C2196,P3057,9,R05,414439.52
S502860,2026-07-12 00:00:00,E1087,C2043,P3037,5,R05,315960.9
S502861,2026-05-07 00:00:00,E1054,C2057,P3004,7,R06,130783.49
S502862,2026-02-27 00:00:00,E1086,C2420,P3002,3,R02,23475.79
S502863,2026-06-30 00:00:00,E1070,C2142,P3012,4,R06,86063.34
S502864,2026-04-21 00:00:00,E1012,C2210,P3035,1,R06,43036.06
S502865,2026-05-09 00:00:00,E1079,C2072,P3006,3,R02,65263.46
S502866,2026-03-22 00:00:00,E1075,C2224,P3056,7,R05,313327.95
S502867,2026-07-13 00:00:00,E1005,C2027,P3046,4,R02,29819.24
S502868,2026-06-06 00:00:00,E1078,C2128,P3008,2,R01,77290.95
S502869,2026-03-25 00:00:00,E1075,C2106,P3021,5,R05,223585.36
S502870,2026-03-11 00:00:00,E1079,C2165,P3053,5,R02,82848.53
S502871,2026-01-08 00:00:00,E1050,C2215,P3058,2,R02,78539.61
S502872,2026-01-29 00:00:00,E1027,C2071,P3046,11,R02,74992.88
S502873,2026-04-22 00:00:00,E1104,C2204,P3035,6,R04,272440.13
S502874,2026-06-28 00:00:00,E1108,C2153,P3048,10,R05,321225.42
S502875,2026-06-10 00:00:00,E1079,C2067,P3015,4,R02,57139.95
S502876,2026-05-11 00:00:00,E1041,C2090,P3007,1,R01,58239.5
S502877,2026-07-07 00:00:00,E1094,C2260,P3015,3,R04,39051.62
S502878,2026-06-12 00:00:00,E1060,C2362,P3045,9,R02,446055.65
S502879,2026-07-16 00:00:00,E1020,C2228,P3006,10,R02,213750.09
S502880,2026-08-07 00:00:00,E1090,C2079,P3047,7,R03,323009.67
S502881,2026-04-18 00:00:00,E1085,C2096,P3017,6,R02,75285.14
S502882,2026-07-23 00:00:00,E1115,C2349,P3004,1,R04,19269.7
S502883,2026-07-31 00:00:00,E1079,C2330,P3022,9,R02,171272.45
S502884,2026-04-19 00:00:00,E1079,C2382,P3032,9,R02,584032.28
S502885,2026-01-20 00:00:00,E1060,C2246,P3059,1,R02,17634.21
S502886,2026-03-14 00:00:00,E1029,C2272,P3022,6,R04,105688.91
S502887,2026-06-16 00:00:00,E1119,C2403,P3027,7,R06,23706.21
S502888,2026-01-04 00:00:00,E1068,C2157,P3046,2,R05,14288.87
S502889,2026-08-31 00:00:00,E1011,C2116,P3015,10,R01,133629.42
S502890,2026-09-03 00:00:00,E1088,C2435,P3060,8,R04,246838.71
S502891,2026-01-19 00:00:00,E1079,C2018,P3044,8,R02,235191.56
S502892,2026-04-12 00:00:00,E1060,C2442,P3051,6,R02,333171.22
S502893,2026-08-07 00:00:00,E1075,C2172,P3022,9,R05,167910.88
S502894,2026-06-22 00:00:00,E1099,C2016,P3028,3,R01,139416.92
S502895,2026-06-20 00:00:00,E1015,C2449,P3042,2,R02,42180.6
S502896,2026-05-21 00:00:00,E1114,C2240,P3038,2,R05,124736.23
S502897,2026-05-21 00:00:00,E1086,C2386,P3060,6,R02,179391.91
S502898,2026-07-07 00:00:00,E1016,C2056,P3057,7,R02,290840.44
S502899,2026-07-04 00:00:00,E1098,C2079,P3009,6,R03,137240.15
S502900,2026-03-27 00:00:00,E1034,C2103,P3034,11,R06,179107.01
S502901,2026-08-08 00:00:00,E1018,C2284,P3036,3,R04,86314.7
S502902,2026-02-21 00:00:00,E1025,C2193,P3009,5,R03,119440.22
S502903,2026-04-21 00:00:00,E1031,C2005,P3015,8,R04,102055.15
S502904,2026-06-30 00:00:00,E1064,C2106,P3045,6,R02,306879.66
S502905,2026-04-19 00:00:00,E1014,C2278,P3020,2,R02,15989.37
S502906,2026-03-27 00:00:00,E1064,C2373,P3008,7,R02,284631.4
S502907,2026-02-12 00:00:00,E1049,C2100,P3058,8,R04,341296.23
S502908,2026-07-30 00:00:00,E1114,C2238,P3028,4,R05,182940.2
S502909,2026-07-19 00:00:00,E1017,C2269,P3051,1,R02,51731.66
S502910,2026-09-01 00:00:00,E1068,C2321,P3019,2,R05,109705.44
S502911,2026-07-19 00:00:00,E1083,C2400,P3057,4,R02,168693.78
S502912,2026-02-11 00:00:00,E1098,C2086,P3016,7,R03,356254.42
S502913,2026-03-31 00:00:00,E1045,C2320,P3011,2,R02,111704.46
S502914,2026-08-28 00:00:00,E1009,C2032,P3042,6,R04,124895.15
S502915,2026-04-25 00:00:00,E1118,C2336,P3008,2,R02,75374.75
S502916,2026-01-26 00:00:00,E1004,C2051,P3033,7,R04,111749.52
S502917,2026-05-31 00:00:00,E1013,C2079,P3010,2,R05,86042.57
S502918,2026-02-12 00:00:00,E1086,C2186,P3018,3,R02,113624.4
S502919,2026-03-18 00:00:00,E1017,C2174,P3035,9,R02,381825.49
S502920,2026-06-05 00:00:00,E1080,C2436,P3043,4,R01,251819.94
S502921,2026-05-17 00:00:00,E1082,C2106,P3050,5,R04,61070.74
S502922,2026-01-20 00:00:00,E1061,C2063,P3003,9,R03,342420.93
S502923,2026-07-03 00:00:00,E1119,C2076,P3040,7,R06,129007.46
S502924,2026-07-30 00:00:00,E1051,C2316,P3027,8,R06,28976.33
S502925,2026-08-28 00:00:00,E1065,C2321,P3059,11,R02,182667.96
S502926,2026-02-08 00:00:00,E1064,C2373,P3028,3,R02,140744.46
S502927,2026-06-28 00:00:00,E1109,C2081,P3046,11,R02,77093.74
S502928,2026-01-12 00:00:00,E1051,C2361,P3006,11,R06,239721.64
S502929,2026-07-26 00:00:00,E1053,C2128,P3047,4,R06,185857.93
S502930,2026-08-11 00:00:00,E1120,C2183,P3014,7,R04,67014.35
S502931,2026-07-02 00:00:00,E1034,C2243,P3007,4,R06,220379.32
S502932,2026-07-25 00:00:00,E1031,C2185,P3010,2,R04,86365.47
S502933,2026-01-11 00:00:00,E1061,C2220,P3015,10,R03,128361.67
S502934,2026-06-03 00:00:00,E1078,C2071,P3031,6,R01,376193.05
S502935,2026-02-11 00:00:00,E1016,C2342,P3029,9,R02,668002.6
S502936,2026-06-04 00:00:00,E1084,C2154,P3042,2,R01,37923.79
S502937,2026-01-11 00:00:00,E1094,C2245,P3054,1,R04,7085.39
S502938,2026-02-07 00:00:00,E1024,C2140,P3017,8,R02,114608.15
S502939,2026-04-08 00:00:00,E1080,C2071,P3059,1,R01,16738.47
S502940,2026-06-20 00:00:00,E1096,C2046,P3051,1,R03,55713.05
S502941,2026-01-19 00:00:00,E1099,C2047,P3029,3,R01,195924.91
S502942,2026-07-11 00:00:00,E1047,C2079,P3049,5,R02,213143.19
S502943,2026-05-14 00:00:00,E1064,C2422,P3044,9,R02,280279.13
S502944,2026-06-23 00:00:00,E1081,C2149,P3015,11,R06,153770.66
S502945,2026-04-26 00:00:00,E1073,C2398,P3026,10,R01,390341.97
S502946,2026-08-18 00:00:00,E1016,C2130,P3012,2,R02,38766.51
S502947,2026-04-23 00:00:00,E1118,C2127,P3025,1,R02,57197.48
S502948,2026-06-19 00:00:00,E1108,C2365,P3041,1,R05,57618.95
S502949,2026-08-08 00:00:00,E1048,C2119,P3005,8,R04,177766.03
S502950,2026-03-06 00:00:00,E1066,C2357,P3004,10,R04,199231.75
S502951,2026-04-09 00:00:00,E1104,C2417,P3044,10,R04,290094.69
S502952,2026-08-20 00:00:00,E1048,C2262,P3048,10,R04,351029.26
S502953,2026-03-13 00:00:00,E1058,C2244,P3041,2,R02,107141.56
S502954,2026-07-06 00:00:00,E1120,C2382,P3057,9,R04,395191.07
S502955,2026-02-21 00:00:00,E1046,C2103,P3031,9,R04,561554.95
S502956,2026-04-28 00:00:00,E1077,C2037,P3003,2,R05,66718.27
S502957,2026-06-24 00:00:00,E1030,C2142,P3053,3,R01,44717.59
S502958,2026-04-30 00:00:00,E1097,C2037,P3003,2,R04,69444.31
S502959,2026-01-07 00:00:00,E1064,C2008,P3026,6,R02,250632.44
S502960,2026-01-11 00:00:00,E1091,C2231,P3050,7,R01,87714.45
S502961,2026-04-13 00:00:00,E1054,C2333,P3017,6,R06,79771.47
S502962,2026-03-02 00:00:00,E1056,C2397,P3060,3,R06,90352.25
S502963,2026-03-09 00:00:00,E1090,C2296,P3010,3,R03,139682.49
S502964,2026-06-02 00:00:00,E1059,C2107,P3002,2,R01,15942.88
S502965,2026-05-20 00:00:00,E1085,C2348,P3024,2,R02,70530.6
S502966,2026-06-03 00:00:00,E1068,C2442,P3011,11,R05,534170.31
S502967,2026-04-12 00:00:00,E1023,C2018,P3024,5,R02,168476.38
S502968,2026-04-20 00:00:00,E1021,C2313,P3035,11,R04,510784.08
S502969,2026-05-20 00:00:00,E1034,C2083,P3023,11,R06,804826.24
S502970,2026-06-20 00:00:00,E1074,C2422,P3032,8,R05,555087.81
S502971,2026-02-20 00:00:00,E1026,C2288,P3023,6,R05,402398.66
S502972,2026-04-27 00:00:00,E1048,C2194,P3034,9,R04,133084.71
S502973,2026-06-14 00:00:00,E1075,C2215,P3041,11,R05,593501.63
S502974,2026-02-15 00:00:00,E1100,C2281,P3019,5,R01,247010.59
S502975,2026-02-22 00:00:00,E1059,C2220,P3002,10,R01,76688.71
S502976,2026-03-29 00:00:00,E1089,C2442,P3060,4,R06,123336.61
S502977,2026-07-27 00:00:00,E1006,C2289,P3051,9,R02,492212.53
S502978,2026-05-01 00:00:00,E1057,C2344,P3002,10,R01,76620.81
S502979,2026-01-13 00:00:00,E1063,C2194,P3015,11,R05,151852.23
S502980,2026-03-30 00:00:00,E1091,C2158,P3056,5,R01,219742.82
S502981,2026-05-05 00:00:00,E1009,C2104,P3021,1,R04,43607.97
S502982,2026-04-28 00:00:00,E1017,C2034,P3035,5,R02,228922.67
S502983,2026-02-23 00:00:00,E1120,C2102,P3005,5,R04,99715.27
S502984,2026-07-04 00:00:00,E1050,C2127,P3043,5,R02,307037.37
S502985,2026-04-26 00:00:00,E1111,C2214,P3027,2,R02,6916.3
S502986,2026-04-28 00:00:00,E1118,C2325,P3024,6,R02,198657.51
S502987,2026-01-04 00:00:00,E1063,C2432,P3007,5,R05,283310.1
S502988,2026-03-16 00:00:00,E1016,C2296,P3006,2,R02,44519.15
S502989,2026-08-12 00:00:00,E1067,C2179,P3046,10,R01,69236.39
S502990,2026-02-18 00:00:00,E1023,C2080,P3033,8,R02,129600.25
S502991,2026-01-07 00:00:00,E1004,C2141,P3058,6,R04,243225.83
S502992,2026-04-20 00:00:00,E1104,C2031,P3049,11,R04,470841.17
S502993,2026-05-02 00:00:00,E1056,C2372,P3017,10,R06,138138.16
S502994,2026-01-11 00:00:00,E1015,C2423,P3046,11,R02,84837.41
S502995,2026-04-02 00:00:00,E1037,C2063,P3042,3,R02,62318.08
S502996,2026-07-01 00:00:00,E1084,C2048,P3030,9,R01,401821.48
S502997,2026-08-21 00:00:00,E1113,C2087,P3008,11,R06,458179.19
S502998,2026-08-03 00:00:00,E1107,C2304,P3040,11,R03,196491.85
S502999,2026-06-22 00:00:00,E1084,C2061,P3046,4,R01,27342.76
S503000,2026-01-23 00:00:00,E1069,C2396,P3007,3,R01,171283.05
S503001,2026-08-30 00:00:00,E1011,C2334,P3006,7,R01,164165.49
S503002,2026-01-28 00:00:00,E1051,C2440,P3004,8,R06,157225.73
S503003,2026-08-23 00:00:00,E1105,C2274,P3001,7,R06,194661.49
S503004,2026-04-21 00:00:00,E1113,C2411,P3015,1,R06,13708.8
S503005,2026-02-26 00:00:00,E1067,C2284,P3031,1,R01,63632.13
S503006,2026-01-26 00:00:00,E1093,C2080,P3025,5,R05,274717.23
S503007,2026-06-02 00:00:00,E1059,C2180,P3047,8,R01,369416.82
S503008,2026-02-23 00:00:00,E1028,C2272,P3033,10,R04,179559.26
S503009,2026-01-29 00:00:00,E1077,C2077,P3052,11,R05,671652.04
S503010,2026-07-30 00:00:00,E1115,C2442,P3035,3,R04,127186.67
S503011,2026-04-07 00:00:00,E1006,C2221,P3055,8,R02,15370.62
S503012,2026-06-13 00:00:00,E1073,C2393,P3005,3,R01,65850.14
S503013,2026-01-14 00:00:00,E1085,C2282,P3005,4,R02,78654.19
S503014,2026-03-19 00:00:00,E1059,C2028,P3036,10,R01,306662.1
S503015,2026-02-04 00:00:00,E1095,C2361,P3017,7,R05,88985.96
S503016,2026-01-30 00:00:00,E1016,C2077,P3053,3,R02,47642.79
S503017,2026-04-02 00:00:00,E1101,C2164,P3052,4,R01,270603.46
S503018,2026-01-17 00:00:00,E1113,C2009,P3014,8,R06,69591.22
S503019,2026-07-14 00:00:00,E1103,C2175,P3058,4,R02,148855.44
S503020,2026-07-27 00:00:00,E1078,C2307,P3029,9,R01,619235.27
S503021,2026-08-26 00:00:00,E1031,C2076,P3008,4,R04,160044.45
S503022,2026-06-07 00:00:00,E1021,C2245,P3034,4,R04,60835.34
S503023,2026-09-01 00:00:00,E1038,C2122,P3040,5,R01,88098.33
S503024,2026-04-03 00:00:00,E1004,C2185,P3001,1,R04,27675.03
S503025,2026-06-22 00:00:00,E1075,C2032,P3029,7,R05,472977.4
S503026,2026-03-20 00:00:00,E1043,C2023,P3036,9,R01,263831.3
S503027,2026-04-20 00:00:00,E1041,C2250,P3051,9,R01,484245.05
S503028,2026-09-05 00:00:00,E1027,C2057,P3037,1,R02,61598.7
S503029,2026-08-05 00:00:00,E1003,C2310,P3029,6,R05,385471.69
S503030,2026-06-28 00:00:00,E1024,C2372,P3005,3,R02,64140.33
S503031,2026-04-12 00:00:00,E1024,C2144,P3053,4,R02,69069.37
S503032,2026-04-16 00:00:00,E1087,C2318,P3032,8,R05,500927.63
S503033,2026-02-16 00:00:00,E1017,C2084,P3060,4,R02,117246.86
S503034,2026-06-30 00:00:00,E1010,C2056,P3052,8,R05,466516.45
S503035,2026-03-05 00:00:00,E1014,C2279,P3024,4,R02,144218.84
S503036,2026-09-03 00:00:00,E1029,C2273,P3019,9,R04,463474.15
S503037,2026-09-01 00:00:00,E1028,C2166,P3012,6,R04,121239.96
S503038,2026-06-15 00:00:00,E1053,C2158,P3052,1,R06,63551.87
S503039,2026-03-05 00:00:00,E1066,C2249,P3001,10,R04,245847.05
S503040,2026-03-28 00:00:00,E1054,C2186,P3007,2,R06,122420.37
S503041,2026-08-05 00:00:00,E1083,C2078,P3017,7,R02,95074.93
S503042,2026-08-22 00:00:00,E1039,C2022,P3034,10,R04,151428.49
S503043,2026-01-07 00:00:00,E1102,C2108,P3043,7,R04,449732.69
S503044,2026-01-22 00:00:00,E1067,C2273,P3007,3,R01,163092.19
S503045,2026-03-22 00:00:00,E1019,C2252,P3017,1,R03,13935.32
S503046,2026-07-29 00:00:00,E1065,C2015,P3059,8,R02,134680.18
S503047,2026-08-29 00:00:00,E1053,C2370,P3003,10,R06,357783.53
S503048,2026-06-18 00:00:00,E1010,C2304,P3029,11,R05,740864.34
S503049,2026-03-15 00:00:00,E1014,C2160,P3022,11,R02,202636.05
S503050,2026-05-18 00:00:00,E1042,C2205,P3038,10,R03,609276.76
S503051,2026-07-04 00:00:00,E1057,C2113,P3054,7,R01,52323.83
S503052,2026-05-15 00:00:00,E1111,C2168,P3043,10,R02,621491.27
S503053,2026-08-28 00:00:00,E1081,C2353,P3029,8,R06,569885.09
S503054,2026-05-05 00:00:00,E1045,C2253,P3050,1,R02,13215.01
S503055,2026-02-19 00:00:00,E1046,C2441,P3050,3,R04,39779.44
S503056,2026-08-18 00:00:00,E1112,C2186,P3054,2,R02,14564.47
S503057,2026-08-07 00:00:00,E1070,C2347,P3042,1,R06,20848.38
S503058,2026-02-21 00:00:00,E1034,C2227,P3005,5,R06,97126.84
S503059,2026-06-10 00:00:00,E1025,C2016,P3030,3,R03,139317.71
S503060,2026-01-01 00:00:00,E1037,C2156,P3023,10,R02,738511.84
S503061,2026-08-24 00:00:00,E1117,C2354,P3055,8,R05,14571.27
S503062,2026-06-30 00:00:00,E1107,C2111,P3021,6,R03,251185.15
S503063,2026-07-07 00:00:00,E1011,C2001,P3056,10,R01,499738.35
S503064,2026-06-11 00:00:00,E1102,C2041,P3026,9,R04,345306.12
S503065,2026-01-04 00:00:00,E1021,C2048,P3054,9,R04,63502.89
S503066,2026-05-25 00:00:00,E1107,C2415,P3047,11,R03,489756.02
S503067,2026-05-12 00:00:00,E1111,C2420,P3021,6,R02,244010.47
S503068,2026-06-20 00:00:00,E1110,C2108,P3020,2,R01,14933.82
S503069,2026-09-03 00:00:00,E1077,C2161,P3023,9,R05,612259.81
S503070,2026-08-06 00:00:00,E1013,C2161,P3004,2,R05,36719.25
S503071,2026-01-04 00:00:00,E1064,C2359,P3021,3,R02,131793.61
S503072,2026-01-01 00:00:00,E1019,C2128,P3021,6,R03,243863.65
S503073,2026-03-12 00:00:00,E1096,C2210,P3001,2,R03,51320.75
S503074,2026-08-10 00:00:00,E1110,C2151,P3015,5,R01,65997.14
S503075,2026-06-27 00:00:00,E1114,C2444,P3017,2,R05,25362.58
S503076,2026-07-20 00:00:00,E1103,C2255,P3051,4,R02,232071.36
S503077,2026-07-08 00:00:00,E1065,C2218,P3014,11,R02,105429.19
S503078,2026-02-04 00:00:00,E1086,C2030,P3059,11,R02,189819.36
S503079,2026-01-08 00:00:00,E1026,C2045,P3019,3,R05,155193.41
S503080,2026-06-01 00:00:00,E1013,C2080,P3050,5,R05,63878.03
S503081,2026-07-30 00:00:00,E1022,C2039,P3060,6,R01,167797.19
S503082,2026-02-05 00:00:00,E1026,C2240,P3034,7,R05,102282.26
S503083,2026-06-27 00:00:00,E1012,C2045,P3006,10,R06,223061.59
S503084,2026-09-01 00:00:00,E1066,C2078,P3045,8,R04,420290.32
S503085,2026-05-03 00:00:00,E1075,C2337,P3049,9,R05,368057.5
S503086,2026-02-12 00:00:00,E1052,C2396,P3006,4,R05,90943.68
S503087,2026-01-27 00:00:00,E1064,C2349,P3053,4,R02,59308.79
S503088,2026-02-01 00:00:00,E1091,C2288,P3054,7,R01,47598.14
S503089,2026-03-19 00:00:00,E1101,C2440,P3005,10,R01,212874.16
S503090,2026-05-01 00:00:00,E1118,C2280,P3007,10,R02,569376.18
S503091,2026-05-26 00:00:00,E1098,C2116,P3033,11,R03,197110.91
S503092,2026-06-05 00:00:00,E1051,C2269,P3013,9,R06,269506.15
S503093,2026-06-06 00:00:00,E1015,C2404,P3051,11,R02,566772.74
S503094,2026-01-16 00:00:00,E1002,C2335,P3054,2,R06,14540.36
S503095,2026-04-09 00:00:00,E1083,C2312,P3001,11,R02,297489.18
S503096,2026-02-16 00:00:00,E1026,C2053,P3013,6,R05,168823.77
S503097,2026-07-06 00:00:00,E1061,C2068,P3043,10,R03,602480.32
S503098,2026-01-31 00:00:00,E1074,C2182,P3027,10,R05,35510.6
S503099,2026-01-04 00:00:00,E1071,C2034,P3007,8,R05,441481.28
S503100,2026-06-14 00:00:00,E1006,C2284,P3052,5,R02,335186.5
S503101,2026-01-17 00:00:00,E1107,C2306,P3003,5,R03,171814.93
S503102,2026-02-08 00:00:00,E1101,C2386,P3058,8,R01,304449.91
S503103,2026-02-17 00:00:00,E1020,C2249,P3025,1,R02,59795.46
S503104,2026-06-23 00:00:00,E1024,C2111,P3033,6,R02,96139.46
S503105,2026-08-06 00:00:00,E1010,C2094,P3040,10,R05,179911.78
S503106,2026-06-25 00:00:00,E1120,C2410,P3017,9,R04,121020.3
S503107,2026-02-08 00:00:00,E1096,C2179,P3045,6,R03,275769.29
S503108,2026-08-21 00:00:00,E1052,C2047,P3014,7,R05,67943.14
S503109,2026-05-12 00:00:00,E1017,C2282,P3037,4,R02,252365.8
S503110,2026-01-30 00:00:00,E1034,C2340,P3058,10,R06,403713.94
S503111,2026-06-07 00:00:00,E1003,C2362,P3056,1,R05,46122.21
S503112,2026-01-22 00:00:00,E1015,C2092,P3054,9,R02,61325.84
S503113,2026-07-22 00:00:00,E1112,C2376,P3023,6,R02,436028.28
S503114,2026-03-07 00:00:00,E1002,C2212,P3059,3,R06,53927.51
S503115,2026-04-18 00:00:00,E1092,C2075,P3024,4,R05,133769.65
S503116,2026-01-12 00:00:00,E1060,C2378,P3029,10,R02,695250.61
S503117,2026-08-10 00:00:00,E1091,C2202,P3038,6,R01,394110.41
S503118,2026-02-05 00:00:00,E1017,C2445,P3059,6,R02,100514.31
S503119,2026-01-18 00:00:00,E1081,C2407,P3054,9,R06,67868.24
S503120,2026-03-31 00:00:00,E1092,C2421,P3027,4,R05,12791.04
S503121,2026-06-30 00:00:00,E1049,C2297,P3038,5,R04,314253.49
S503122,2026-07-18 00:00:00,E1046,C2308,P3053,5,R04,74050.63
S503123,2026-01-01 00:00:00,E1082,C2211,P3040,3,R04,51495.2
S503124,2026-05-07 00:00:00,E1015,C2338,P3045,2,R02,94649.55
S503125,2026-07-05 00:00:00,E1095,C2433,P3050,8,R05,105551.69
S503126,2026-03-31 00:00:00,E1025,C2411,P3023,10,R03,730862.47
S503127,2026-03-28 00:00:00,E1113,C2134,P3031,9,R06,505034.92
S503128,2026-03-31 00:00:00,E1057,C2330,P3036,10,R01,313195.4
S503129,2026-08-25 00:00:00,E1016,C2066,P3017,11,R02,152136.76
S503130,2026-05-14 00:00:00,E1085,C2280,P3037,9,R02,534511.92
S503131,2026-03-11 00:00:00,E1074,C2422,P3003,5,R05,164984.13
S503132,2026-02-13 00:00:00,E1035,C2028,P3036,11,R06,312532.05
S503133,2026-07-19 00:00:00,E1003,C2412,P3055,9,R05,17018.11
S503134,2026-06-01 00:00:00,E1028,C2117,P3005,4,R04,88115.41
S503135,2026-03-27 00:00:00,E1076,C2370,P3046,2,R05,14336.04
S503136,2026-01-19 00:00:00,E1101,C2450,P3015,3,R01,42934.94
S503137,2026-04-11 00:00:00,E1089,C2317,P3052,1,R06,65933.58
S503138,2026-05-26 00:00:00,E1115,C2430,P3049,5,R04,207941.29
S503139,2026-04-05 00:00:00,E1074,C2325,P3006,1,R05,23842.31
S503140,2026-04-11 00:00:00,E1094,C2114,P3059,11,R04,177509.08
S503141,2026-01-30 00:00:00,E1024,C2075,P3010,1,R02,41533.72
S503142,2026-06-19 00:00:00,E1070,C2202,P3054,11,R06,80741.06
S503143,2026-02-02 00:00:00,E1015,C2427,P3032,11,R02,694219.89
S503144,2026-07-21 00:00:00,E1065,C2059,P3023,7,R02,480025.03
S503145,2026-08-17 00:00:00,E1119,C2386,P3048,2,R06,68248.9
S503146,2026-01-12 00:00:00,E1108,C2015,P3017,8,R05,113540.64
S503147,2026-04-28 00:00:00,E1095,C2231,P3046,6,R05,42055.96
S503148,2026-04-04 00:00:00,E1067,C2105,P3020,4,R01,31267.26
S503149,2026-06-04 00:00:00,E1070,C2165,P3044,9,R06,281595.78
S503150,2026-06-16 00:00:00,E1065,C2199,P3041,10,R02,584757.75
S503151,2026-05-17 00:00:00,E1098,C2404,P3015,8,R03,102652.46
S503152,2026-09-03 00:00:00,E1099,C2354,P3044,10,R01,331025.01
S503153,2026-05-29 00:00:00,E1115,C2035,P3046,3,R04,22133.04
S503154,2026-03-17 00:00:00,E1092,C2162,P3058,3,R05,122578.97
S503155,2026-09-04 00:00:00,E1083,C2245,P3022,4,R02,80481.12
S503156,2026-01-29 00:00:00,E1105,C2287,P3050,9,R06,119442.02
S503157,2026-06-10 00:00:00,E1089,C2383,P3052,9,R06,536274.74
S503158,2026-08-23 00:00:00,E1066,C2019,P3006,5,R04,107016.12
S503159,2026-07-09 00:00:00,E1033,C2280,P3004,9,R01,177497.55
S503160,2026-04-27 00:00:00,E1118,C2340,P3058,6,R02,257432.85
S503161,2026-01-15 00:00:00,E1081,C2423,P3023,8,R06,577816.98
S503162,2026-01-02 00:00:00,E1014,C2348,P3044,11,R02,337718.11
S503163,2026-06-29 00:00:00,E1068,C2182,P3045,8,R05,402206.2
S503164,2026-08-19 00:00:00,E1020,C2423,P3019,10,R02,497537.63
S503165,2026-04-27 00:00:00,E1025,C2401,P3054,7,R03,54408.44
S503166,2026-06-21 00:00:00,E1111,C2147,P3045,4,R02,193508.85
S503167,2026-07-01 00:00:00,E1090,C2374,P3031,4,R03,255714.21
S503168,2026-01-18 00:00:00,E1012,C2176,P3044,6,R06,184769.61
S503169,2026-01-03 00:00:00,E1061,C2163,P3052,9,R03,605550.65
S503170,2026-05-15 00:00:00,E1088,C2416,P3003,7,R04,243273.57
S503171,2026-06-20 00:00:00,E1016,C2175,P3028,5,R02,241240.19
S503172,2026-07-29 00:00:00,E1011,C2047,P3003,5,R01,190642.93
S503173,2026-08-24 00:00:00,E1043,C2256,P3014,8,R01,74655.55
S503174,2026-06-15 00:00:00,E1028,C2448,P3018,6,R04,237423.26
S503175,2026-06-14 00:00:00,E1062,C2174,P3027,1,R02,3199.52
S503176,2026-07-05 00:00:00,E1075,C2103,P3051,1,R05,53734.06
S503177,2026-06-10 00:00:00,E1054,C2121,P3060,9,R06,273988.17
S503178,2026-04-18 00:00:00,E1029,C2419,P3010,8,R04,343542.99
S503179,2026-07-06 00:00:00,E1067,C2350,P3049,6,R01,269423.9
S503180,2026-04-05 00:00:00,E1018,C2145,P3015,1,R04,13809.62
S503181,2026-05-02 00:00:00,E1097,C2042,P3019,2,R04,99414.46
S503182,2026-01-11 00:00:00,E1046,C2367,P3009,10,R04,221659.23
S503183,2026-03-09 00:00:00,E1011,C2029,P3004,3,R01,56240.02
S503184,2026-05-03 00:00:00,E1065,C2380,P3015,10,R02,126706.66
S503185,2026-07-29 00:00:00,E1103,C2273,P3051,3,R02,172136.65
S503186,2026-07-15 00:00:00,E1095,C2014,P3048,2,R05,68781.14
S503187,2026-04-23 00:00:00,E1084,C2408,P3008,2,R01,77434.2
S503188,2026-04-08 00:00:00,E1049,C2441,P3049,6,R04,250027.94
S503189,2026-04-03 00:00:00,E1039,C2306,P3053,7,R04,115554.88
S503190,2026-08-04 00:00:00,E1105,C2313,P3001,4,R06,102275.4
S503191,2026-01-22 00:00:00,E1115,C2189,P3007,1,R04,56322.1
S503192,2026-07-13 00:00:00,E1072,C2360,P3053,6,R02,95205.91
S503193,2026-06-21 00:00:00,E1106,C2295,P3031,7,R02,443601.23
S503194,2026-05-07 00:00:00,E1078,C2183,P3018,4,R01,143847.68
S503195,2026-05-14 00:00:00,E1055,C2352,P3012,6,R04,118233.51
S503196,2026-06-19 00:00:00,E1080,C2036,P3048,9,R01,319755.88
S503197,2026-01-25 00:00:00,E1046,C2370,P3030,4,R04,163196.15
S503198,2026-09-04 00:00:00,E1076,C2037,P3033,10,R05,178801.37
S503199,2026-07-04 00:00:00,E1056,C2014,P3059,4,R06,67272.54
S503200,2026-03-26 00:00:00,E1021,C2411,P3047,10,R04,435279.23
S503201,2026-02-24 00:00:00,E1081,C2123,P3007,5,R06,271920.05
S503202,2026-05-24 00:00:00,E1032,C2083,P3028,3,R02,129970.69
S503203,2026-04-05 00:00:00,E1008,C2159,P3049,10,R06,408258
S503204,2026-05-22 00:00:00,E1060,C2329,P3003,2,R02,66102.79
S503205,2026-06-16 00:00:00,E1107,C2102,P3043,9,R03,528090.34
S503206,2026-06-05 00:00:00,E1011,C2337,P3006,1,R01,21054.29
S503207,2026-08-12 00:00:00,E1011,C2083,P3031,5,R01,308600.02
S503208,2026-08-08 00:00:00,E1114,C2044,P3038,5,R05,345343.87
S503209,2026-06-28 00:00:00,E1041,C2068,P3015,8,R01,113981.27
S503210,2026-04-29 00:00:00,E1029,C2048,P3007,6,R04,355280.85
S503211,2026-06-26 00:00:00,E1031,C2057,P3043,6,R04,385992.37
S503212,2026-01-09 00:00:00,E1038,C2075,P3030,6,R01,244420.35
S503213,2026-07-05 00:00:00,E1069,C2022,P3027,4,R01,12863.37
S503214,2026-06-22 00:00:00,E1116,C2132,P3017,1,R06,13038.67
S503215,2026-05-30 00:00:00,E1045,C2302,P3055,3,R02,6162
S503216,2026-06-09 00:00:00,E1081,C2443,P3018,10,R06,408020.86
S503217,2026-07-16 00:00:00,E1087,C2418,P3022,11,R05,212153.01
S503218,2026-08-03 00:00:00,E1054,C2267,P3056,6,R06,277119.48
S503219,2026-07-16 00:00:00,E1103,C2287,P3053,5,R02,82246.37
S503220,2026-02-11 00:00:00,E1058,C2395,P3026,10,R02,383643.14
S503221,2026-02-22 00:00:00,E1078,C2120,P3051,1,R01,53598.39
S503222,2026-08-12 00:00:00,E1070,C2246,P3027,5,R06,17058.34
S503223,2026-07-06 00:00:00,E1113,C2056,P3040,2,R06,32885.85
S503224,2026-03-15 00:00:00,E1010,C2038,P3024,1,R05,32940.46
S503225,2026-02-08 00:00:00,E1105,C2245,P3052,4,R06,262217.62
S503226,2026-05-02 00:00:00,E1108,C2021,P3008,6,R05,238497.69
S503227,2026-01-15 00:00:00,E1094,C2110,P3021,7,R04,283617.3
S503228,2026-07-18 00:00:00,E1024,C2094,P3029,9,R02,620201.17
S503229,2026-06-06 00:00:00,E1065,C2394,P3043,5,R02,322178.65
S503230,2026-05-03 00:00:00,E1111,C2410,P3021,8,R02,326830.38
S503231,2026-04-21 00:00:00,E1063,C2136,P3003,8,R05,267837.1
S503232,2026-05-11 00:00:00,E1042,C2231,P3031,11,R03,655727.34
S503233,2026-03-24 00:00:00,E1046,C2008,P3055,9,R04,18102.12
S503234,2026-01-10 00:00:00,E1088,C2444,P3027,3,R04,9455.79
S503235,2026-04-02 00:00:00,E1025,C2328,P3046,3,R03,21061.79
S503236,2026-01-29 00:00:00,E1053,C2375,P3027,9,R06,30166.98
S503237,2026-07-26 00:00:00,E1060,C2290,P3009,7,R02,159629.6
S503238,2026-02-04 00:00:00,E1092,C2251,P3057,4,R05,172528.57
S503239,2026-01-06 00:00:00,E1096,C2400,P3033,1,R03,17299.62
S503240,2026-05-20 00:00:00,E1034,C2361,P3033,7,R06,126143.06
S503241,2026-04-21 00:00:00,E1017,C2397,P3026,10,R02,429145.96
S503242,2026-02-07 00:00:00,E1023,C2087,P3028,6,R02,285371.08
S503243,2026-03-18 00:00:00,E1115,C2204,P3044,3,R04,93477.85
S503244,2026-04-03 00:00:00,E1059,C2219,P3043,5,R01,316071.52
S503245,2026-05-27 00:00:00,E1064,C2406,P3031,3,R02,189136.48
S503246,2026-03-08 00:00:00,E1116,C2241,P3053,8,R06,134826.43
S503247,2026-05-16 00:00:00,E1109,C2411,P3001,5,R02,122543.29
S503248,2026-01-08 00:00:00,E1084,C2320,P3020,10,R01,74465.76
S503249,2026-09-04 00:00:00,E1073,C2258,P3012,10,R01,216080.67
S503250,2026-05-02 00:00:00,E1116,C2109,P3017,6,R06,86517.33
S503251,2026-03-25 00:00:00,E1092,C2256,P3015,2,R05,27158.63
S503252,2026-06-24 00:00:00,E1074,C2282,P3034,8,R05,135108.93
S503253,2026-05-12 00:00:00,E1072,C2220,P3050,9,R02,117077.86
S503254,2026-06-28 00:00:00,E1031,C2083,P3016,3,R04,150053.57
S503255,2026-03-26 00:00:00,E1105,C2107,P3004,6,R06,111811.03
S503256,2026-07-14 00:00:00,E1024,C2069,P3008,6,R02,240620.25
S503257,2026-02-14 00:00:00,E1033,C2097,P3034,2,R01,31472.01
S503258,2026-05-16 00:00:00,E1088,C2212,P3046,10,R04,77539.52
S503259,2026-03-28 00:00:00,E1108,C2286,P3025,8,R05,471191.37
S503260,2026-01-16 00:00:00,E1109,C2237,P3015,5,R02,70705.18
S503261,2026-03-18 00:00:00,E1059,C2008,P3028,11,R01,534895.47
S503262,2026-07-14 00:00:00,E1111,C2294,P3009,11,R02,235621.64
S503263,2026-08-28 00:00:00,E1010,C2189,P3002,8,R05,57202.35
S503264,2026-01-09 00:00:00,E1032,C2081,P3017,8,R02,110386.51
S503265,2026-03-01 00:00:00,E1073,C2108,P3058,3,R01,115806.23
S503266,2026-03-19 00:00:00,E1010,C2321,P3010,5,R05,229047.81
S503267,2026-03-18 00:00:00,E1014,C2067,P3009,7,R02,151749.29
S503268,2026-09-02 00:00:00,E1060,C2174,P3031,5,R02,294989.78
S503269,2026-03-12 00:00:00,E1004,C2346,P3002,6,R04,43010.75
S503270,2026-01-15 00:00:00,E1036,C2351,P3024,2,R05,68591.11
S503271,2026-03-12 00:00:00,E1099,C2328,P3019,8,R01,389051.12
S503272,2026-04-12 00:00:00,E1022,C2043,P3017,5,R01,72210.94
S503273,2026-08-14 00:00:00,E1066,C2187,P3043,6,R04,355350.23
S503274,2026-06-18 00:00:00,E1097,C2302,P3049,1,R04,45650.31
S503275,2026-01-22 00:00:00,E1054,C2200,P3010,10,R06,479677.09
S503276,2026-06-01 00:00:00,E1035,C2381,P3050,2,R06,26551.5
S503277,2026-04-23 00:00:00,E1098,C2419,P3055,11,R03,21482.22
S503278,2026-08-17 00:00:00,E1036,C2039,P3028,4,R05,193516.11
S503279,2026-06-21 00:00:00,E1016,C2220,P3038,11,R02,685639.69
S503280,2026-01-01 00:00:00,E1098,C2307,P3048,9,R03,279914.33
S503281,2026-01-10 00:00:00,E1007,C2004,P3028,6,R01,294470.73
S503282,2026-08-23 00:00:00,E1111,C2121,P3059,8,R02,127290.77
S503283,2026-07-27 00:00:00,E1087,C2336,P3050,2,R05,26792.69
S503284,2026-04-20 00:00:00,E1099,C2077,P3052,10,R01,647971.75
S503285,2026-07-19 00:00:00,E1033,C2179,P3050,5,R01,61671.91
S503286,2026-07-03 00:00:00,E1054,C2133,P3001,1,R06,24443.1
S503287,2026-04-23 00:00:00,E1085,C2311,P3060,4,R02,118881.06
S503288,2026-08-05 00:00:00,E1099,C2229,P3003,10,R01,360008.76
S503289,2026-02-19 00:00:00,E1029,C2276,P3015,1,R04,13882.88
S503290,2026-01-12 00:00:00,E1097,C2152,P3052,11,R04,685612.07
S503291,2026-03-30 00:00:00,E1087,C2164,P3010,11,R05,459152.45
S503292,2026-07-28 00:00:00,E1120,C2290,P3021,9,R04,363656.49
S503293,2026-07-07 00:00:00,E1100,C2378,P3037,2,R01,119410.03
S503294,2026-06-03 00:00:00,E1066,C2109,P3015,7,R04,87008.41
S503295,2026-08-26 00:00:00,E1081,C2126,P3023,3,R06,195329.12
S503296,2026-04-22 00:00:00,E1080,C2240,P3014,2,R01,17778.65
S503297,2026-03-19 00:00:00,E1020,C2310,P3015,4,R02,55668.03
S503298,2026-06-18 00:00:00,E1109,C2418,P3010,7,R02,319054.17
S503299,2026-06-13 00:00:00,E1016,C2401,P3056,7,R02,316001.49
S503300,2026-05-01 00:00:00,E1007,C2389,P3009,9,R01,209653.15
S503301,2026-01-23 00:00:00,E1118,C2345,P3044,3,R02,95496.18
S503302,2026-06-20 00:00:00,E1075,C2146,P3039,7,R05,182642.8
S503303,2026-05-14 00:00:00,E1103,C2252,P3005,6,R02,126447.91
S503304,2026-08-27 00:00:00,E1086,C2183,P3025,10,R02,578034.94
S503305,2026-07-16 00:00:00,E1100,C2309,P3056,7,R01,310145.26
S503306,2026-06-20 00:00:00,E1039,C2306,P3042,7,R04,139403.65
S503307,2026-01-25 00:00:00,E1027,C2072,P3057,10,R02,434309.07
S503308,2026-01-18 00:00:00,E1084,C2219,P3026,5,R01,204579.05
S503309,2026-07-09 00:00:00,E1094,C2207,P3008,9,R04,375350.2
S503310,2026-05-21 00:00:00,E1053,C2173,P3022,7,R06,130054.3
S503311,2026-02-12 00:00:00,E1075,C2141,P3052,7,R05,456136.42
S503312,2026-03-19 00:00:00,E1098,C2272,P3025,3,R03,185445.77
S503313,2026-01-28 00:00:00,E1055,C2214,P3048,1,R04,31698.22
S503314,2026-05-26 00:00:00,E1058,C2269,P3012,5,R02,106778.74
S503315,2026-02-28 00:00:00,E1061,C2020,P3009,8,R03,171334.06
S503316,2026-07-07 00:00:00,E1072,C2066,P3010,5,R02,237449.08
S503317,2026-03-04 00:00:00,E1080,C2303,P3048,10,R01,314526.77
S503318,2026-07-04 00:00:00,E1094,C2147,P3010,3,R04,130815.67
S503319,2026-04-02 00:00:00,E1060,C2429,P3009,9,R02,209731.66
S503320,2026-06-28 00:00:00,E1090,C2165,P3026,2,R03,85725.97
S503321,2026-02-25 00:00:00,E1014,C2378,P3035,3,R02,129270.15
S503322,2026-06-04 00:00:00,E1045,C2310,P3027,4,R02,14183.58
S503323,2026-06-09 00:00:00,E1078,C2006,P3060,10,R01,296637.03
S503324,2026-04-21 00:00:00,E1053,C2014,P3031,1,R06,56808.87
S503325,2026-05-17 00:00:00,E1020,C2132,P3019,11,R02,569314.84
S503326,2026-08-20 00:00:00,E1022,C2342,P3043,4,R01,240102.51
S503327,2026-08-12 00:00:00,E1093,C2243,P3038,4,R05,255437.89
S503328,2026-07-31 00:00:00,E1085,C2439,P3006,9,R02,212529.46
S503329,2026-08-08 00:00:00,E1025,C2231,P3015,8,R03,114617.92
S503330,2026-08-13 00:00:00,E1027,C2228,P3029,2,R02,143803.29
S503331,2026-03-09 00:00:00,E1047,C2162,P3047,7,R02,343262.2
S503332,2026-02-15 00:00:00,E1029,C2283,P3045,6,R04,273084.35
S503333,2026-08-14 00:00:00,E1112,C2263,P3054,7,R02,46938.76
S503334,2026-08-28 00:00:00,E1084,C2131,P3005,11,R01,245062.97
S503335,2026-03-08 00:00:00,E1110,C2431,P3014,4,R01,38742.14
S503336,2026-06-03 00:00:00,E1102,C2225,P3053,5,R04,75352.56
S503337,2026-05-16 00:00:00,E1108,C2258,P3002,6,R05,44807.85
S503338,2026-01-06 00:00:00,E1030,C2234,P3023,9,R01,666511.49
S503339,2026-07-27 00:00:00,E1018,C2336,P3044,2,R04,58695.05
S503340,2026-01-24 00:00:00,E1070,C2409,P3052,11,R06,669535.13
S503341,2026-06-25 00:00:00,E1046,C2316,P3046,9,R04,66664.32
S503342,2026-08-19 00:00:00,E1111,C2024,P3019,10,R02,557691.86
S503343,2026-04-04 00:00:00,E1063,C2271,P3024,1,R05,37107.32
S503344,2026-06-22 00:00:00,E1095,C2095,P3020,4,R05,33503.2
S503345,2026-01-13 00:00:00,E1070,C2142,P3047,5,R06,223024.57
S503346,2026-07-16 00:00:00,E1076,C2182,P3027,9,R05,31430.69
S503347,2026-01-25 00:00:00,E1026,C2206,P3052,6,R05,356207.65
S503348,2026-05-28 00:00:00,E1097,C2390,P3024,4,R04,152690.3
S503349,2026-04-28 00:00:00,E1069,C2081,P3017,2,R01,26853.96
S503350,2026-03-23 00:00:00,E1113,C2274,P3025,5,R06,301225.65
S503351,2026-04-21 00:00:00,E1003,C2276,P3046,8,R05,60988.29
S503352,2026-03-23 00:00:00,E1091,C2371,P3055,8,R01,14524.59
S503353,2026-03-07 00:00:00,E1051,C2446,P3031,6,R06,386022.5
S503354,2026-07-21 00:00:00,E1072,C2208,P3028,11,R02,499218.27
S503355,2026-09-04 00:00:00,E1027,C2296,P3050,1,R02,12180.63
S503356,2026-02-14 00:00:00,E1074,C2039,P3059,8,R05,129695.62
S503357,2026-04-24 00:00:00,E1101,C2436,P3028,4,R01,195779.51
S503358,2026-06-24 00:00:00,E1028,C2288,P3022,2,R04,40046.15
S503359,2026-03-04 00:00:00,E1091,C2124,P3056,1,R01,43558.27
S503360,2026-03-17 00:00:00,E1019,C2364,P3059,7,R03,111833.82
S503361,2026-08-27 00:00:00,E1056,C2283,P3005,2,R06,44715.14
S503362,2026-07-24 00:00:00,E1002,C2366,P3054,4,R06,27202.65
S503363,2026-04-24 00:00:00,E1063,C2180,P3044,4,R05,126821.6
S503364,2026-04-21 00:00:00,E1114,C2097,P3042,10,R05,206451.18
S503365,2026-07-02 00:00:00,E1105,C2191,P3008,1,R06,41787.52
S503366,2026-07-22 00:00:00,E1004,C2074,P3038,2,R04,133148.95
S503367,2026-05-27 00:00:00,E1070,C2447,P3028,1,R06,45917.68
S503368,2026-02-04 00:00:00,E1043,C2273,P3057,6,R01,286418.65
S503369,2026-08-19 00:00:00,E1038,C2049,P3047,3,R01,131412.85
S503370,2026-02-22 00:00:00,E1053,C2337,P3012,1,R06,19378.7
S503371,2026-01-26 00:00:00,E1016,C2210,P3057,8,R02,333179.69
S503372,2026-08-26 00:00:00,E1009,C2116,P3025,4,R04,253195.38
S503373,2026-01-14 00:00:00,E1039,C2023,P3038,10,R04,679287.86
S503374,2026-04-28 00:00:00,E1116,C2098,P3044,7,R06,201529.41
S503375,2026-02-14 00:00:00,E1085,C2328,P3015,10,R02,138687.89
S503376,2026-06-21 00:00:00,E1058,C2397,P3044,2,R02,61334.52
S503377,2026-08-04 00:00:00,E1049,C2407,P3041,6,R04,367432.7
S503378,2026-08-21 00:00:00,E1092,C2313,P3051,6,R05,312602.47
S503379,2026-07-12 00:00:00,E1105,C2190,P3053,7,R06,115912.58
S503380,2026-02-20 00:00:00,E1011,C2182,P3034,1,R01,16005.6
S503381,2026-06-20 00:00:00,E1104,C2148,P3060,1,R04,26576.47
S503382,2026-04-29 00:00:00,E1080,C2342,P3045,2,R01,103586.75
S503383,2026-08-02 00:00:00,E1051,C2436,P3013,11,R06,315690.41
S503384,2026-05-31 00:00:00,E1043,C2023,P3008,2,R01,81067.18
S503385,2026-07-03 00:00:00,E1085,C2105,P3059,5,R02,89376.51
S503386,2026-09-03 00:00:00,E1031,C2163,P3013,1,R04,30995.74
S503387,2026-01-19 00:00:00,E1006,C2067,P3036,11,R02,311609.63
S503388,2026-03-23 00:00:00,E1097,C2290,P3006,2,R04,48588.93
S503389,2026-03-17 00:00:00,E1073,C2289,P3038,6,R01,379036.73
S503390,2026-07-02 00:00:00,E1085,C2046,P3032,3,R02,197874.86
S503391,2026-08-08 00:00:00,E1032,C2081,P3021,4,R02,173966.66
S503392,2026-04-02 00:00:00,E1054,C2429,P3044,1,R06,33229.67
S503393,2026-07-07 00:00:00,E1105,C2147,P3044,5,R06,158121.95
S503394,2026-07-06 00:00:00,E1090,C2222,P3049,4,R03,165610.74
S503395,2026-02-02 00:00:00,E1100,C2343,P3059,8,R01,144291.78
S503396,2026-05-27 00:00:00,E1024,C2015,P3007,3,R02,167172.94
S503397,2026-01-28 00:00:00,E1050,C2379,P3026,10,R02,373797.92
S503398,2026-05-03 00:00:00,E1111,C2121,P3015,1,R02,14290.45
S503399,2026-06-29 00:00:00,E1042,C2078,P3056,10,R03,475769.21
S503400,2026-05-06 00:00:00,E1007,C2322,P3049,5,R01,200748.75
S503401,2026-06-26 00:00:00,E1039,C2295,P3042,1,R04,20520.61
S503402,2026-02-06 00:00:00,E1043,C2241,P3023,11,R01,732347.35
S503403,2026-06-03 00:00:00,E1102,C2018,P3052,5,R04,292872.4
S503404,2026-04-09 00:00:00,E1028,C2256,P3038,9,R04,557588.97
S503405,2026-04-08 00:00:00,E1077,C2443,P3041,5,R05,297736.91
S503406,2026-05-07 00:00:00,E1071,C2416,P3015,2,R05,27950.01
S503407,2026-08-15 00:00:00,E1059,C2277,P3048,2,R01,67402.94
S503408,2026-06-17 00:00:00,E1018,C2424,P3053,10,R04,153227.28
S503409,2026-03-21 00:00:00,E1118,C2027,P3040,9,R02,163357.24
S503410,2026-02-07 00:00:00,E1073,C2002,P3016,5,R01,245893.81
S503411,2026-03-18 00:00:00,E1093,C2353,P3032,11,R05,712721.19
S503412,2026-05-06 00:00:00,E1049,C2295,P3037,8,R04,521706.89
S503413,2026-03-28 00:00:00,E1081,C2312,P3018,10,R06,382685.79
S503414,2026-02-23 00:00:00,E1112,C2363,P3020,4,R02,32756.98
S503415,2026-05-30 00:00:00,E1014,C2383,P3046,2,R02,15436.83
S503416,2026-01-16 00:00:00,E1012,C2239,P3002,4,R06,30313.31
S503417,2026-01-28 00:00:00,E1111,C2013,P3055,11,R02,21834.21
S503418,2026-08-28 00:00:00,E1092,C2382,P3023,4,R05,285350.54
S503419,2026-06-12 00:00:00,E1088,C2184,P3030,11,R04,465643.15
S503420,2026-07-07 00:00:00,E1094,C2194,P3003,9,R04,332588.56
S503421,2026-06-22 00:00:00,E1025,C2056,P3046,10,R03,74577.48
S503422,2026-02-15 00:00:00,E1095,C2230,P3039,11,R05,273412.73
S503423,2026-03-13 00:00:00,E1075,C2028,P3047,6,R05,253733.59
S503424,2026-08-24 00:00:00,E1108,C2320,P3049,10,R05,462969.28
S503425,2026-07-02 00:00:00,E1005,C2071,P3001,6,R02,157171.08
S503426,2026-09-04 00:00:00,E1115,C2210,P3041,5,R04,271629.84
S503427,2026-08-02 00:00:00,E1048,C2448,P3022,6,R04,109869.8
S503428,2026-03-26 00:00:00,E1019,C2184,P3029,1,R03,70844.19
S503429,2026-01-26 00:00:00,E1045,C2425,P3014,5,R02,43090.62
S503430,2026-08-20 00:00:00,E1082,C2375,P3048,6,R04,184847.45
S503431,2026-03-26 00:00:00,E1034,C2356,P3028,8,R06,388150.26
S503432,2026-06-02 00:00:00,E1095,C2041,P3021,4,R05,171885.06
S503433,2026-08-21 00:00:00,E1105,C2260,P3045,5,R06,237316.82
S503434,2026-03-06 00:00:00,E1011,C2441,P3032,4,R01,241168.29
S503435,2026-05-14 00:00:00,E1075,C2414,P3006,7,R05,158141.23
S503436,2026-05-31 00:00:00,E1061,C2344,P3054,10,R03,69709.54
S503437,2026-04-25 00:00:00,E1032,C2084,P3001,6,R02,152781.65
S503438,2026-03-05 00:00:00,E1029,C2046,P3021,4,R04,160575.68
S503439,2026-03-28 00:00:00,E1062,C2440,P3057,6,R02,253601.27
S503440,2026-06-20 00:00:00,E1004,C2159,P3004,4,R04,74513.37
S503441,2026-04-17 00:00:00,E1120,C2344,P3003,8,R04,305638.3
S503442,2026-05-31 00:00:00,E1057,C2007,P3049,11,R01,455951.52
S503443,2026-04-06 00:00:00,E1015,C2333,P3030,3,R02,128931.95
S503444,2026-06-07 00:00:00,E1060,C2438,P3031,8,R02,466979.35
S503445,2026-03-18 00:00:00,E1091,C2136,P3034,2,R01,31300.48
S503446,2026-08-23 00:00:00,E1016,C2183,P3019,6,R02,327982.46
S503447,2026-05-26 00:00:00,E1003,C2197,P3020,8,R05,63296.89
S503448,2026-03-28 00:00:00,E1025,C2172,P3023,1,R03,73739.96
S503449,2026-07-26 00:00:00,E1080,C2397,P3054,6,R01,40751.63
S503450,2026-08-13 00:00:00,E1066,C2349,P3059,9,R04,163711.76
S503451,2026-05-29 00:00:00,E1114,C2276,P3040,10,R05,166595.63
S503452,2026-02-26 00:00:00,E1073,C2078,P3025,10,R01,548038.87
S503453,2026-04-13 00:00:00,E1102,C2416,P3015,2,R04,25478.79
S503454,2026-05-31 00:00:00,E1116,C2444,P3038,11,R06,689767.8
S503455,2026-04-01 00:00:00,E1025,C2178,P3023,1,R03,70515.2
S503456,2026-02-14 00:00:00,E1028,C2027,P3052,2,R04,125278.6
S503457,2026-06-21 00:00:00,E1038,C2120,P3002,5,R01,39445.07
S503458,2026-07-29 00:00:00,E1104,C2281,P3057,6,R04,248495.93
S503459,2026-03-29 00:00:00,E1096,C2308,P3057,1,R03,44473.82
S503460,2026-04-25 00:00:00,E1093,C2196,P3015,7,R05,91697.07
S503461,2026-02-16 00:00:00,E1041,C2277,P3052,11,R01,708343.32
S503462,2026-06-17 00:00:00,E1065,C2018,P3044,4,R02,115765
S503463,2026-06-28 00:00:00,E1081,C2295,P3035,9,R06,374124.44
S503464,2026-06-19 00:00:00,E1027,C2271,P3010,6,R02,265350.4
S503465,2026-05-15 00:00:00,E1067,C2053,P3014,9,R01,86077.19
S503466,2026-02-19 00:00:00,E1005,C2294,P3027,1,R02,3497.41
S503467,2026-06-25 00:00:00,E1030,C2432,P3054,4,R01,26731
S503468,2026-03-25 00:00:00,E1002,C2052,P3014,2,R06,17350.98
S503469,2026-04-01 00:00:00,E1109,C2216,P3035,6,R02,257343.01
S503470,2026-05-14 00:00:00,E1052,C2072,P3033,4,R05,66667.34
S503471,2026-04-01 00:00:00,E1112,C2028,P3052,9,R02,575708.64
S503472,2026-05-17 00:00:00,E1088,C2400,P3001,3,R04,74225.84
S503473,2026-09-02 00:00:00,E1012,C2252,P3034,1,R06,15414.11
S503474,2026-04-19 00:00:00,E1076,C2374,P3019,11,R05,578494.87
S503475,2026-02-26 00:00:00,E1061,C2400,P3024,11,R03,383336.88
S503476,2026-01-31 00:00:00,E1064,C2035,P3042,1,R02,19159.09
S503477,2026-01-21 00:00:00,E1083,C2401,P3004,9,R02,170402.65
S503478,2026-03-31 00:00:00,E1037,C2201,P3036,9,R02,264440.43
S503479,2026-02-09 00:00:00,E1058,C2249,P3013,5,R02,160430.5
S503480,2026-04-22 00:00:00,E1113,C2099,P3058,2,R06,83575.23
S503481,2026-02-14 00:00:00,E1092,C2308,P3032,9,R05,554431.87
S503482,2026-03-18 00:00:00,E1114,C2140,P3009,8,R05,173653.84
S503483,2026-06-26 00:00:00,E1022,C2083,P3039,11,R01,279314.36
S503484,2026-03-28 00:00:00,E1014,C2048,P3016,10,R02,492104.51
S503485,2026-05-28 00:00:00,E1010,C2278,P3050,10,R05,133188.95
S503486,2026-04-11 00:00:00,E1012,C2379,P3003,6,R06,207399.06
S503487,2026-09-03 00:00:00,E1077,C2248,P3052,7,R05,466867.2
S503488,2026-04-27 00:00:00,E1072,C2383,P3020,6,R02,48237.81
S503489,2026-04-02 00:00:00,E1002,C2177,P3010,5,R06,236895.32
S503490,2026-05-25 00:00:00,E1120,C2052,P3056,4,R04,193970.77
S503491,2026-01-28 00:00:00,E1072,C2079,P3058,7,R02,289610.62
S503492,2026-06-18 00:00:00,E1079,C2385,P3058,4,R02,160814.68
S503493,2026-07-13 00:00:00,E1088,C2322,P3022,10,R04,199340.86
S503494,2026-01-25 00:00:00,E1058,C2064,P3048,10,R02,319159.83
S503495,2026-02-27 00:00:00,E1032,C2008,P3003,10,R02,378891.46
S503496,2026-08-30 00:00:00,E1088,C2214,P3011,9,R04,481870.09
S503497,2026-02-10 00:00:00,E1038,C2025,P3025,5,R01,292146.47
S503498,2026-05-14 00:00:00,E1049,C2450,P3042,8,R04,174206.34
S503499,2026-03-16 00:00:00,E1093,C2256,P3048,6,R05,210098.86
S503500,2026-02-07 00:00:00,E1116,C2243,P3008,4,R06,164772.66
S503501,2026-05-14 00:00:00,E1118,C2198,P3009,3,R02,66403.69
S503502,2026-06-22 00:00:00,E1080,C2094,P3015,11,R01,158687.48
S503503,2026-03-16 00:00:00,E1049,C2207,P3032,6,R04,402623.7
S503504,2026-05-22 00:00:00,E1071,C2435,P3053,1,R05,16299.66
S503505,2026-03-07 00:00:00,E1060,C2437,P3003,2,R02,75936.8
S503506,2026-06-17 00:00:00,E1037,C2015,P3004,7,R02,125808.66
S503507,2026-01-03 00:00:00,E1033,C2178,P3030,4,R01,166565.55
S503508,2026-09-04 00:00:00,E1100,C2378,P3013,5,R01,153407.77
S503509,2026-04-27 00:00:00,E1066,C2075,P3044,11,R04,319039.26
S503510,2026-04-09 00:00:00,E1073,C2104,P3021,10,R01,426394.43
S503511,2026-08-13 00:00:00,E1044,C2294,P3041,1,R06,54850.76
S503512,2026-06-01 00:00:00,E1050,C2168,P3057,2,R02,83763.87
S503513,2026-01-19 00:00:00,E1076,C2450,P3046,4,R05,28424.55
S503514,2026-05-26 00:00:00,E1116,C2115,P3019,8,R06,413183.57
S503515,2026-07-11 00:00:00,E1083,C2039,P3039,10,R02,246834.05
S503516,2026-08-29 00:00:00,E1031,C2364,P3048,4,R04,123318.48
S503517,2026-04-26 00:00:00,E1022,C2273,P3022,3,R01,56075.72
S503518,2026-05-05 00:00:00,E1062,C2135,P3020,3,R02,25061.43
S503519,2026-03-29 00:00:00,E1014,C2374,P3037,5,R02,324958.7
S503520,2026-08-25 00:00:00,E1002,C2232,P3031,3,R06,168706.76
S503521,2026-02-04 00:00:00,E1067,C2039,P3010,8,R01,359163.42
S503522,2026-07-09 00:00:00,E1113,C2291,P3018,5,R06,185581.31
S503523,2026-01-01 00:00:00,E1034,C2307,P3043,7,R06,413251.2
S503524,2026-08-16 00:00:00,E1039,C2047,P3039,11,R04,305089.55
S503525,2026-06-02 00:00:00,E1026,C2036,P3046,8,R05,56339.8
S503526,2026-06-22 00:00:00,E1027,C2320,P3020,5,R02,39333.3
S503527,2026-06-26 00:00:00,E1079,C2095,P3018,8,R02,294369.77
S503528,2026-05-06 00:00:00,E1061,C2361,P3011,3,R03,168446.48
S503529,2026-08-23 00:00:00,E1094,C2013,P3022,7,R04,131708.94
S503530,2026-08-14 00:00:00,E1034,C2146,P3059,8,R06,138672.46
S503531,2026-03-30 00:00:00,E1103,C2405,P3044,7,R02,216314.4
S503532,2026-05-24 00:00:00,E1043,C2368,P3018,2,R01,74108.27
S503533,2026-08-14 00:00:00,E1031,C2065,P3058,8,R04,336017.29
S503534,2026-08-09 00:00:00,E1059,C2228,P3034,6,R01,87354.45
S503535,2026-05-27 00:00:00,E1051,C2242,P3023,10,R06,724842.18
S503536,2026-05-31 00:00:00,E1050,C2008,P3001,3,R02,78737
S503537,2026-07-30 00:00:00,E1074,C2304,P3055,4,R05,7435.73
S503538,2026-01-25 00:00:00,E1051,C2341,P3010,7,R06,296987.43
S503539,2026-01-16 00:00:00,E1049,C2043,P3053,3,R04,49298.81
S503540,2026-07-01 00:00:00,E1058,C2244,P3001,1,R02,25122.75
S503541,2026-08-31 00:00:00,E1067,C2181,P3038,6,R01,380794.32
S503542,2026-03-14 00:00:00,E1013,C2085,P3039,3,R05,72714.19
S503543,2026-05-09 00:00:00,E1071,C2155,P3049,11,R05,492351.75
S503544,2026-02-11 00:00:00,E1090,C2275,P3009,10,R03,242823.25
S503545,2026-05-27 00:00:00,E1007,C2023,P3031,6,R01,377382.45
S503546,2026-08-13 00:00:00,E1091,C2115,P3007,10,R01,584621.85
S503547,2026-06-11 00:00:00,E1067,C2306,P3017,3,R01,40612.68
S503548,2026-03-21 00:00:00,E1026,C2435,P3035,6,R05,257985.45
S503549,2026-08-24 00:00:00,E1002,C2299,P3048,11,R06,346497.09
S503550,2026-04-14 00:00:00,E1033,C2099,P3037,4,R01,258030.74
S503551,2026-07-02 00:00:00,E1108,C2104,P3052,4,R05,264091.52
S503552,2026-05-26 00:00:00,E1108,C2372,P3018,10,R05,401619.16
S503553,2026-02-03 00:00:00,E1004,C2051,P3033,10,R04,167714.09
S503554,2026-03-30 00:00:00,E1051,C2362,P3004,11,R06,220231.82
S503555,2026-05-05 00:00:00,E1020,C2112,P3023,2,R02,150081.99
S503556,2026-02-14 00:00:00,E1062,C2244,P3011,4,R02,204211.6
S503557,2026-05-14 00:00:00,E1109,C2169,P3052,11,R02,664969.99
S503558,2026-01-21 00:00:00,E1030,C2072,P3009,4,R01,91224.65
S503559,2026-05-02 00:00:00,E1052,C2139,P3030,11,R05,461062.97
S503560,2026-03-11 00:00:00,E1003,C2336,P3008,7,R05,293120.33
S503561,2026-04-06 00:00:00,E1075,C2231,P3040,5,R05,85354.05
S503562,2026-04-15 00:00:00,E1058,C2239,P3005,8,R02,170014.43
S503563,2026-02-17 00:00:00,E1018,C2253,P3012,7,R04,142842.1
S503564,2026-08-23 00:00:00,E1062,C2436,P3001,10,R02,259301.08
S503565,2026-02-08 00:00:00,E1112,C2407,P3015,9,R02,114620.52
S503566,2026-01-31 00:00:00,E1037,C2049,P3025,8,R02,507529.36
S503567,2026-08-22 00:00:00,E1063,C2422,P3018,9,R05,329203.73
S503568,2026-01-10 00:00:00,E1018,C2303,P3038,1,R04,68386.08
S503569,2026-01-30 00:00:00,E1051,C2072,P3042,10,R06,211806.48
S503570,2026-09-01 00:00:00,E1078,C2263,P3046,3,R01,20439.23
S503571,2026-01-18 00:00:00,E1062,C2322,P3053,5,R02,85544.66
S503572,2026-07-07 00:00:00,E1021,C2222,P3026,9,R04,362420.68
S503573,2026-03-29 00:00:00,E1052,C2077,P3040,8,R05,142834.42
S503574,2026-09-01 00:00:00,E1004,C2062,P3059,10,R04,175234.65
S503575,2026-05-05 00:00:00,E1045,C2157,P3003,7,R02,249773.07
S503576,2026-03-14 00:00:00,E1059,C2294,P3054,2,R01,13643.88
S503577,2026-08-11 00:00:00,E1052,C2125,P3022,11,R05,216436.34
S503578,2026-01-15 00:00:00,E1070,C2229,P3026,6,R06,245115.49
S503579,2026-01-04 00:00:00,E1083,C2340,P3019,4,R02,195496.29
S503580,2026-07-10 00:00:00,E1052,C2161,P3044,5,R05,160427.97
S503581,2026-06-17 00:00:00,E1038,C2029,P3044,5,R01,160486.42
S503582,2026-01-09 00:00:00,E1048,C2114,P3047,4,R04,184209.5
S503583,2026-04-19 00:00:00,E1044,C2079,P3060,4,R06,107693.89
S503584,2026-05-17 00:00:00,E1016,C2023,P3039,4,R02,101648.34
S503585,2026-06-03 00:00:00,E1034,C2106,P3059,11,R06,175599.53
S503586,2026-05-12 00:00:00,E1082,C2131,P3036,2,R04,60191.86
S503587,2026-07-28 00:00:00,E1012,C2357,P3021,1,R06,44190.82
S503588,2026-01-16 00:00:00,E1021,C2173,P3041,2,R04,105509.31
S503589,2026-05-23 00:00:00,E1104,C2264,P3054,7,R04,48722.44
S503590,2026-04-09 00:00:00,E1025,C2342,P3048,1,R03,34699.3
S503591,2026-05-01 00:00:00,E1066,C2373,P3026,6,R04,223816.15
S503592,2026-02-21 00:00:00,E1120,C2285,P3013,4,R04,112376.3
S503593,2026-03-10 00:00:00,E1082,C2002,P3036,2,R04,61429.8
S503594,2026-09-04 00:00:00,E1096,C2233,P3024,3,R03,111191.94
S503595,2026-01-05 00:00:00,E1100,C2369,P3041,7,R01,416917.68
S503596,2026-01-20 00:00:00,E1067,C2251,P3026,6,R01,252481.57
S503597,2026-03-20 00:00:00,E1090,C2434,P3021,6,R03,244204.96
S503598,2026-05-26 00:00:00,E1090,C2321,P3018,8,R03,326290.35
S503599,2026-04-21 00:00:00,E1075,C2108,P3015,8,R05,99506.97
S503600,2026-01-02 00:00:00,E1088,C2276,P3015,6,R04,78345.74
S503601,2026-04-03 00:00:00,E1078,C2180,P3006,1,R01,22072.35
S503602,2026-01-13 00:00:00,E1018,C2213,P3043,10,R04,570997.43
S503603,2026-01-04 00:00:00,E1091,C2293,P3031,7,R01,409057.81
S503604,2026-06-19 00:00:00,E1094,C2072,P3028,8,R04,376012.39
S503605,2026-04-19 00:00:00,E1063,C2283,P3008,5,R05,198309.29
S503606,2026-03-15 00:00:00,E1016,C2175,P3029,11,R02,744151.82
S503607,2026-07-08 00:00:00,E1096,C2123,P3021,4,R03,172741.98
S503608,2026-04-05 00:00:00,E1053,C2227,P3017,7,R06,97385.59
S503609,2026-04-15 00:00:00,E1028,C2390,P3056,11,R04,499891.06
S503610,2026-01-08 00:00:00,E1088,C2444,P3057,6,R04,259677.61
S503611,2026-03-08 00:00:00,E1076,C2301,P3049,6,R05,249545.9
S503612,2026-08-28 00:00:00,E1063,C2428,P3024,3,R05,100376.9
S503613,2026-07-10 00:00:00,E1060,C2083,P3058,11,R02,458114.04
S503614,2026-04-20 00:00:00,E1032,C2253,P3060,10,R02,267277.65
S503615,2026-01-09 00:00:00,E1093,C2146,P3050,4,R05,47269.89
S503616,2026-08-10 00:00:00,E1013,C2120,P3036,5,R05,141831.02
S503617,2026-04-27 00:00:00,E1048,C2065,P3031,9,R04,566529.75
S503618,2026-01-11 00:00:00,E1032,C2281,P3047,8,R02,340036.98
S503619,2026-04-09 00:00:00,E1033,C2283,P3034,3,R01,48286.27
S503620,2026-08-17 00:00:00,E1033,C2391,P3002,6,R01,42601.99
S503621,2026-02-11 00:00:00,E1107,C2428,P3042,10,R03,211653.05
S503622,2026-05-21 00:00:00,E1111,C2106,P3003,1,R02,37918.56
S503623,2026-06-13 00:00:00,E1101,C2413,P3030,3,R01,132002.17
S503624,2026-04-30 00:00:00,E1055,C2300,P3008,10,R04,413909.83
S503625,2026-05-21 00:00:00,E1063,C2107,P3052,7,R05,455910.4
S503626,2026-01-12 00:00:00,E1048,C2036,P3007,7,R04,430095.75
S503627,2026-02-06 00:00:00,E1087,C2147,P3012,2,R05,41876.81
S503628,2026-03-15 00:00:00,E1076,C2262,P3058,3,R05,114811.92
S503629,2026-09-05 00:00:00,E1082,C2409,P3019,7,R04,363414.85
S503630,2026-03-14 00:00:00,E1008,C2159,P3026,6,R06,259216.17
S503631,2026-02-21 00:00:00,E1005,C2265,P3028,7,R02,316903.71
S503632,2026-07-18 00:00:00,E1093,C2202,P3015,10,R05,144194.04
S503633,2026-05-10 00:00:00,E1054,C2421,P3014,9,R06,83193.63
S503634,2026-09-03 00:00:00,E1091,C2155,P3048,8,R01,263785.96
S503635,2026-02-25 00:00:00,E1032,C2013,P3059,6,R02,105387.27
S503636,2026-03-01 00:00:00,E1077,C2297,P3014,4,R05,38281.8
S503637,2026-01-23 00:00:00,E1114,C2384,P3003,10,R05,350743.83
S503638,2026-04-13 00:00:00,E1086,C2322,P3050,9,R02,104323.24
S503639,2026-02-09 00:00:00,E1037,C2085,P3029,7,R02,502729.57
S503640,2026-03-05 00:00:00,E1056,C2280,P3060,5,R06,153749.82
S503641,2026-08-19 00:00:00,E1056,C2245,P3054,2,R06,14716.73
S503642,2026-03-26 00:00:00,E1018,C2300,P3006,9,R04,193987.56
S503643,2026-05-31 00:00:00,E1111,C2362,P3049,7,R02,289318.18
S503644,2026-06-06 00:00:00,E1077,C2354,P3023,9,R05,673761.87
S503645,2026-07-25 00:00:00,E1031,C2316,P3028,11,R04,472087.57
S503646,2026-08-06 00:00:00,E1101,C2009,P3014,9,R01,82758.72
S503647,2026-06-28 00:00:00,E1107,C2386,P3014,10,R03,86476.98
S503648,2026-07-16 00:00:00,E1104,C2247,P3020,5,R04,38823.01
S503649,2026-09-04 00:00:00,E1023,C2312,P3013,7,R02,206370.37
S503650,2026-08-11 00:00:00,E1119,C2414,P3027,5,R06,16302.71
S503651,2026-03-30 00:00:00,E1045,C2278,P3060,3,R02,90077.45
S503652,2026-01-31 00:00:00,E1114,C2238,P3035,10,R05,436170.45
S503653,2026-06-27 00:00:00,E1117,C2203,P3045,8,R05,381866.34
S503654,2026-01-20 00:00:00,E1028,C2247,P3056,8,R04,373531.29
S503655,2026-08-24 00:00:00,E1038,C2235,P3002,9,R01,72971.99
S503656,2026-07-02 00:00:00,E1048,C2081,P3041,11,R04,646616.33
S503657,2026-07-28 00:00:00,E1115,C2356,P3045,6,R04,273593.53
S503658,2026-08-25 00:00:00,E1036,C2013,P3040,2,R05,32532.42
S503659,2026-05-10 00:00:00,E1005,C2327,P3048,3,R02,100523.76
S503660,2026-06-02 00:00:00,E1082,C2016,P3024,11,R04,413580.49
S503661,2026-01-13 00:00:00,E1082,C2045,P3029,10,R04,676911.03
S503662,2026-05-02 00:00:00,E1087,C2321,P3003,11,R05,376982.44
S503663,2026-04-13 00:00:00,E1027,C2139,P3045,6,R02,304575.66
S503664,2026-08-08 00:00:00,E1102,C2326,P3004,1,R04,19255.71
S503665,2026-04-16 00:00:00,E1020,C2148,P3050,2,R02,25227.55
S503666,2026-04-29 00:00:00,E1083,C2355,P3002,8,R02,57787.76
S503667,2026-03-11 00:00:00,E1047,C2236,P3020,11,R02,83958.69
S503668,2026-07-14 00:00:00,E1027,C2191,P3054,8,R02,55817.4
S503669,2026-07-05 00:00:00,E1023,C2101,P3053,6,R02,91899.51
S503670,2026-04-09 00:00:00,E1060,C2105,P3015,3,R02,43264.16
S503671,2026-03-23 00:00:00,E1065,C2250,P3049,2,R02,79624.38
S503672,2026-03-16 00:00:00,E1029,C2396,P3032,6,R04,395641.74
S503673,2026-04-28 00:00:00,E1067,C2446,P3042,1,R01,20326.84
S503674,2026-03-25 00:00:00,E1046,C2094,P3001,10,R04,251669.83
S503675,2026-07-11 00:00:00,E1102,C2220,P3038,6,R04,418586.71
S503676,2026-03-10 00:00:00,E1045,C2298,P3035,9,R02,413504.19
S503677,2026-07-30 00:00:00,E1038,C2339,P3051,7,R01,406589.52
S503678,2026-08-02 00:00:00,E1068,C2442,P3007,9,R05,501961.16
S503679,2026-02-28 00:00:00,E1018,C2133,P3045,2,R04,91590.78
S503680,2026-07-07 00:00:00,E1042,C2361,P3013,11,R03,315679.34
S503681,2026-07-30 00:00:00,E1039,C2155,P3049,5,R04,207352
S503682,2026-05-06 00:00:00,E1087,C2028,P3001,9,R05,229853.35
S503683,2026-04-21 00:00:00,E1063,C2282,P3014,7,R05,67452.8
S503684,2026-03-03 00:00:00,E1010,C2116,P3029,9,R05,605398.87
S503685,2026-05-24 00:00:00,E1079,C2305,P3058,11,R02,469135.57
S503686,2026-05-08 00:00:00,E1077,C2234,P3003,6,R05,212707.34
S503687,2026-08-04 00:00:00,E1063,C2405,P3046,7,R05,51586.73
S503688,2026-04-15 00:00:00,E1082,C2001,P3024,10,R04,341990.05
S503689,2026-03-09 00:00:00,E1017,C2348,P3001,5,R02,122506.83
S503690,2026-01-15 00:00:00,E1003,C2240,P3048,6,R05,210326.75
S503691,2026-08-05 00:00:00,E1108,C2058,P3010,1,R05,42038.7
S503692,2026-08-24 00:00:00,E1110,C2335,P3013,1,R01,31664.62
S503693,2026-07-02 00:00:00,E1074,C2183,P3036,2,R05,61152.57
S503694,2026-02-04 00:00:00,E1045,C2337,P3009,11,R02,266269.87
S503695,2026-07-02 00:00:00,E1044,C2026,P3014,4,R06,37731.26
S503696,2026-01-14 00:00:00,E1079,C2409,P3036,11,R02,321041.57
S503697,2026-06-26 00:00:00,E1059,C2077,P3010,9,R01,407139.89
S503698,2026-07-30 00:00:00,E1083,C2417,P3040,7,R02,113369.73
S503699,2026-04-12 00:00:00,E1105,C2217,P3023,6,R06,420927.41
S503700,2026-04-10 00:00:00,E1090,C2328,P3035,1,R03,41921.22
S503701,2026-01-07 00:00:00,E1069,C2325,P3055,5,R01,9725.29
S503702,2026-01-30 00:00:00,E1031,C2262,P3007,11,R04,607635.8
S503703,2026-07-30 00:00:00,E1118,C2023,P3042,4,R02,86769.96
S503704,2026-02-18 00:00:00,E1014,C2244,P3035,5,R02,224658.52
S503705,2026-08-05 00:00:00,E1020,C2158,P3002,11,R02,89329.12
S503706,2026-05-24 00:00:00,E1008,C2206,P3015,9,R06,112122.78
S503707,2026-04-21 00:00:00,E1010,C2310,P3009,3,R05,70253.67
S503708,2026-09-03 00:00:00,E1085,C2087,P3047,4,R02,177415.19
S503709,2026-08-20 00:00:00,E1111,C2267,P3017,8,R02,106607.72
S503710,2026-06-28 00:00:00,E1056,C2415,P3039,3,R06,82481.95
S503711,2026-03-13 00:00:00,E1106,C2134,P3052,3,R02,203361.77
S503712,2026-07-29 00:00:00,E1088,C2267,P3018,9,R04,333144.44
S503713,2026-08-08 00:00:00,E1084,C2333,P3015,5,R01,71867.05
S503714,2026-03-21 00:00:00,E1063,C2268,P3018,10,R05,396366.87
S503715,2026-09-01 00:00:00,E1089,C2450,P3024,1,R06,37949.55
S503716,2026-03-24 00:00:00,E1003,C2053,P3023,7,R05,497691.35
S503717,2026-02-11 00:00:00,E1052,C2099,P3012,7,R05,150770.48
S503718,2026-01-17 00:00:00,E1116,C2247,P3023,6,R06,448050.28
S503719,2026-07-10 00:00:00,E1077,C2036,P3021,6,R05,235282.34
S503720,2026-06-22 00:00:00,E1032,C2401,P3026,3,R02,117511.6
S503721,2026-07-24 00:00:00,E1034,C2028,P3008,3,R06,113926.79
S503722,2026-01-07 00:00:00,E1080,C2220,P3030,10,R01,445790.23
S503723,2026-06-04 00:00:00,E1082,C2406,P3034,11,R04,180720.3
S503724,2026-01-10 00:00:00,E1012,C2102,P3002,9,R06,71461.4
S503725,2026-02-03 00:00:00,E1034,C2263,P3005,1,R06,21738.41
S503726,2026-02-05 00:00:00,E1008,C2271,P3031,7,R06,411578.1
S503727,2026-06-02 00:00:00,E1032,C2224,P3033,11,R02,175245.4
S503728,2026-01-06 00:00:00,E1050,C2139,P3054,10,R02,68980.89
S503729,2026-06-01 00:00:00,E1112,C2280,P3004,7,R02,137639.79
S503730,2026-05-26 00:00:00,E1049,C2023,P3006,8,R04,171294.31
S503731,2026-08-03 00:00:00,E1080,C2286,P3023,6,R01,404528.26
S503732,2026-05-14 00:00:00,E1094,C2250,P3045,8,R04,386624.57
S503733,2026-01-29 00:00:00,E1055,C2322,P3019,1,R04,48502.1
S503734,2026-05-06 00:00:00,E1109,C2317,P3043,1,R02,57536.13
S503735,2026-06-02 00:00:00,E1082,C2078,P3045,9,R04,416349.28
S503736,2026-07-02 00:00:00,E1020,C2297,P3008,4,R02,169135.29
S503737,2026-03-22 00:00:00,E1083,C2338,P3039,3,R02,74302.72
S503738,2026-06-23 00:00:00,E1092,C2307,P3013,6,R05,192448.76
S503739,2026-06-01 00:00:00,E1007,C2428,P3001,10,R01,243373.25
S503740,2026-03-16 00:00:00,E1109,C2351,P3006,9,R02,215342.9
S503741,2026-01-26 00:00:00,E1051,C2013,P3007,10,R06,596683.09
S503742,2026-05-07 00:00:00,E1075,C2346,P3048,11,R05,384490.36
S503743,2026-04-25 00:00:00,E1052,C2396,P3027,4,R05,14401.2
S503744,2026-05-06 00:00:00,E1083,C2082,P3015,9,R02,122809.49
S503745,2026-08-14 00:00:00,E1097,C2009,P3052,5,R04,335909.81
S503746,2026-01-28 00:00:00,E1013,C2213,P3034,7,R05,111329.42
S503747,2026-05-11 00:00:00,E1024,C2048,P3058,3,R02,124196.1
S503748,2026-03-16 00:00:00,E1056,C2049,P3057,3,R06,131745.4
S503749,2026-06-15 00:00:00,E1120,C2309,P3023,3,R04,224727.6
S503750,2026-07-08 00:00:00,E1071,C2440,P3048,8,R05,278586.58
S503751,2026-03-19 00:00:00,E1109,C2040,P3049,6,R02,244751.18
S503752,2026-06-28 00:00:00,E1102,C2363,P3024,9,R04,323119.66
S503753,2026-03-31 00:00:00,E1061,C2280,P3015,9,R03,128403.26
S503754,2026-06-25 00:00:00,E1037,C2226,P3035,8,R02,374331.79
S503755,2026-01-21 00:00:00,E1004,C2108,P3004,1,R04,20307.03
S503756,2026-02-23 00:00:00,E1060,C2245,P3044,6,R02,179037.68
S503757,2026-07-03 00:00:00,E1090,C2255,P3037,4,R03,240803.17
S503758,2026-04-13 00:00:00,E1057,C2033,P3017,4,R01,53928.43
S503759,2026-08-10 00:00:00,E1059,C2023,P3031,3,R01,172445.28
S503760,2026-02-28 00:00:00,E1018,C2333,P3038,9,R04,582888.11
S503761,2026-03-13 00:00:00,E1041,C2054,P3010,2,R01,89967.88
S503762,2026-06-28 00:00:00,E1092,C2309,P3054,1,R05,6876.71
S503763,2026-01-20 00:00:00,E1070,C2049,P3050,10,R06,120213.43
S503764,2026-04-22 00:00:00,E1057,C2078,P3027,3,R01,9633.09
S503765,2026-08-12 00:00:00,E1047,C2336,P3042,4,R02,83749.77
S503766,2026-08-02 00:00:00,E1078,C2433,P3006,4,R01,88628.84
S503767,2026-02-28 00:00:00,E1002,C2358,P3056,6,R06,270044.35
S503768,2026-03-12 00:00:00,E1022,C2122,P3006,1,R01,22664.93
S503769,2026-05-17 00:00:00,E1085,C2444,P3052,1,R02,58932.48
S503770,2026-04-19 00:00:00,E1022,C2359,P3015,2,R01,28644.02
S503771,2026-05-09 00:00:00,E1054,C2090,P3004,4,R06,73433.96
S503772,2026-06-06 00:00:00,E1084,C2346,P3057,7,R01,329942.86
S503773,2026-07-10 00:00:00,E1045,C2193,P3048,6,R02,198941.97
S503774,2026-07-19 00:00:00,E1054,C2416,P3054,11,R06,83693.01
S503775,2026-02-25 00:00:00,E1069,C2377,P3056,9,R01,406811.64
S503776,2026-09-03 00:00:00,E1115,C2244,P3040,7,R04,116427.77
S503777,2026-07-15 00:00:00,E1046,C2149,P3007,5,R04,309642.34
S503778,2026-02-04 00:00:00,E1033,C2146,P3051,6,R01,309392.3
S503779,2026-05-03 00:00:00,E1011,C2316,P3058,10,R01,416061.11
S503780,2026-05-11 00:00:00,E1066,C2378,P3049,9,R04,377716.06
S503781,2026-09-03 00:00:00,E1106,C2141,P3053,1,R02,16652.48
S503782,2026-08-25 00:00:00,E1081,C2408,P3045,11,R06,571583.05
S503783,2026-04-14 00:00:00,E1071,C2286,P3047,9,R05,441886.73
S503784,2026-01-07 00:00:00,E1070,C2386,P3026,6,R06,236848.76
S503785,2026-01-27 00:00:00,E1029,C2339,P3058,4,R04,157082.9
S503786,2026-01-01 00:00:00,E1055,C2111,P3031,5,R04,321934.67
S503787,2026-08-07 00:00:00,E1118,C2108,P3002,1,R02,8060.11
S503788,2026-07-27 00:00:00,E1053,C2367,P3028,7,R06,301994.5
S503789,2026-08-18 00:00:00,E1055,C2281,P3042,8,R04,164008.23
S503790,2026-07-18 00:00:00,E1005,C2050,P3013,11,R02,317831.08
S503791,2026-06-21 00:00:00,E1081,C2014,P3018,5,R06,207228.88
S503792,2026-03-28 00:00:00,E1018,C2134,P3030,2,R04,83281.51
S503793,2026-02-10 00:00:00,E1110,C2076,P3055,8,R01,15876.09
S503794,2026-05-03 00:00:00,E1069,C2084,P3011,10,R01,537704.15
S503795,2026-03-16 00:00:00,E1076,C2343,P3013,7,R05,226987.28
S503796,2026-02-11 00:00:00,E1049,C2158,P3051,10,R04,568301.66
S503797,2026-04-27 00:00:00,E1108,C2286,P3024,9,R05,306874.57
S503798,2026-06-10 00:00:00,E1058,C2422,P3057,4,R02,179946.4
S503799,2026-06-27 00:00:00,E1024,C2314,P3029,11,R02,818826.52
S503800,2026-03-04 00:00:00,E1019,C2094,P3056,9,R03,438632.91
S503801,2026-08-16 00:00:00,E1002,C2297,P3054,4,R06,29714.91
S503802,2026-06-14 00:00:00,E1036,C2094,P3005,3,R05,65488.17
S503803,2026-08-21 00:00:00,E1066,C2057,P3035,11,R04,479052.31
S503804,2026-07-06 00:00:00,E1119,C2164,P3019,3,R06,161253.37
S503805,2026-05-07 00:00:00,E1060,C2320,P3055,10,R02,18857.32
S503806,2026-07-28 00:00:00,E1097,C2098,P3013,2,R04,60095.3
S503807,2026-08-15 00:00:00,E1061,C2016,P3005,10,R03,222657.52
S503808,2026-06-25 00:00:00,E1110,C2344,P3044,3,R01,86468.5
S503809,2026-05-13 00:00:00,E1002,C2078,P3014,8,R06,72053.25
S503810,2026-02-17 00:00:00,E1004,C2346,P3038,11,R04,698243.67
S503811,2026-08-12 00:00:00,E1069,C2072,P3022,8,R01,144511.96
S503812,2026-01-03 00:00:00,E1038,C2270,P3009,2,R01,48253.5
S503813,2026-04-26 00:00:00,E1085,C2287,P3049,11,R02,487259.45
S503814,2026-06-24 00:00:00,E1030,C2066,P3040,2,R01,32927.66
S503815,2026-07-09 00:00:00,E1091,C2368,P3026,2,R01,80621.16
S503816,2026-04-09 00:00:00,E1034,C2068,P3045,10,R06,486466.68
S503817,2026-04-26 00:00:00,E1102,C2193,P3005,7,R04,138952.96
S503818,2026-01-14 00:00:00,E1063,C2055,P3029,6,R05,436753.25
S503819,2026-07-10 00:00:00,E1095,C2379,P3054,11,R05,77786.04
S503820,2026-04-22 00:00:00,E1092,C2168,P3022,1,R05,19705.71
S503821,2026-03-02 00:00:00,E1005,C2409,P3049,2,R02,81919.09
S503822,2026-06-08 00:00:00,E1115,C2025,P3003,1,R04,34640.3
S503823,2026-04-05 00:00:00,E1015,C2131,P3028,11,R02,478494.18
S503824,2026-01-17 00:00:00,E1116,C2325,P3038,7,R06,435591.52
S503825,2026-05-04 00:00:00,E1093,C2102,P3014,6,R05,57990.07
S503826,2026-01-24 00:00:00,E1034,C2374,P3047,2,R06,85924.94
S503827,2026-04-26 00:00:00,E1023,C2282,P3014,2,R02,17118.62
S503828,2026-05-31 00:00:00,E1050,C2296,P3043,2,R02,128550.54
S503829,2026-03-23 00:00:00,E1004,C2294,P3011,8,R04,428918.05
S503830,2026-02-19 00:00:00,E1089,C2422,P3009,7,R06,150669.82
S503831,2026-09-03 00:00:00,E1087,C2263,P3038,1,R05,70616.59
S503832,2026-07-25 00:00:00,E1107,C2414,P3047,4,R03,172918.46
S503833,2026-08-30 00:00:00,E1024,C2120,P3044,11,R02,356419.36
S503834,2026-03-20 00:00:00,E1070,C2403,P3006,4,R06,84077.26
S503835,2026-03-20 00:00:00,E1022,C2231,P3001,7,R01,184562.98
S503836,2026-03-11 00:00:00,E1103,C2291,P3025,2,R02,118818.63
S503837,2026-01-27 00:00:00,E1045,C2161,P3016,4,R02,190574.15
S503838,2026-01-15 00:00:00,E1097,C2161,P3052,1,R04,64515.66
S503839,2026-02-19 00:00:00,E1087,C2078,P3015,11,R05,150571.05
S503840,2026-02-05 00:00:00,E1027,C2038,P3034,11,R02,180602.14
S503841,2026-09-04 00:00:00,E1043,C2394,P3017,4,R01,56983.89
S503842,2026-01-08 00:00:00,E1101,C2441,P3003,11,R01,392811.28
S503843,2026-03-20 00:00:00,E1039,C2028,P3003,1,R04,35601.45
S503844,2026-05-11 00:00:00,E1090,C2100,P3037,2,R03,125207.02
S503845,2026-07-09 00:00:00,E1012,C2294,P3017,2,R06,27884.19
S503846,2026-02-16 00:00:00,E1107,C2400,P3055,10,R03,19230.41
S503847,2026-07-24 00:00:00,E1030,C2124,P3049,3,R01,129081.63
S503848,2026-04-15 00:00:00,E1113,C2405,P3052,8,R06,511615.81
S503849,2026-04-08 00:00:00,E1062,C2092,P3038,11,R02,778638.83
S503850,2026-08-04 00:00:00,E1069,C2255,P3001,6,R01,157317.33
S503851,2026-08-20 00:00:00,E1067,C2097,P3007,6,R01,337653.23
S503852,2026-04-06 00:00:00,E1118,C2006,P3026,9,R02,368019.81
S503853,2026-07-08 00:00:00,E1063,C2169,P3047,8,R05,383666.25
S503854,2026-06-09 00:00:00,E1120,C2383,P3039,2,R04,54862.49
S503855,2026-08-10 00:00:00,E1020,C2271,P3019,6,R02,325909.41
S503856,2026-04-26 00:00:00,E1048,C2108,P3052,1,R04,66895.62
S503857,2026-08-29 00:00:00,E1051,C2387,P3054,9,R06,63324.17
S503858,2026-01-13 00:00:00,E1023,C2299,P3030,4,R02,176565.28
S503859,2026-01-01 00:00:00,E1080,C2047,P3043,4,R01,251144.88
S503860,2026-02-03 00:00:00,E1115,C2099,P3055,9,R04,17057.61
S503861,2026-07-09 00:00:00,E1059,C2014,P3014,3,R01,26839.94
S503862,2026-03-20 00:00:00,E1015,C2194,P3013,5,R02,159658.45
S503863,2026-08-24 00:00:00,E1046,C2157,P3020,1,R04,8366.86
S503864,2026-03-19 00:00:00,E1017,C2388,P3026,6,R02,259617.84
S503865,2026-05-01 00:00:00,E1099,C2154,P3027,3,R01,11003.2
S503866,2026-04-03 00:00:00,E1079,C2115,P3025,1,R02,56632.83
S503867,2026-04-08 00:00:00,E1104,C2396,P3009,10,R04,243450.46
S503868,2026-03-23 00:00:00,E1115,C2258,P3041,6,R04,321393.37
S503869,2026-09-03 00:00:00,E1013,C2145,P3048,10,R05,342397.38
S503870,2026-07-18 00:00:00,E1057,C2291,P3012,2,R01,38493.66
S503871,2026-08-09 00:00:00,E1053,C2010,P3010,8,R06,346812.85
S503872,2026-09-04 00:00:00,E1104,C2368,P3006,11,R04,266133.49
S503873,2026-06-08 00:00:00,E1041,C2214,P3050,2,R01,24067.52
S503874,2026-07-11 00:00:00,E1034,C2233,P3034,4,R06,64464.3
S503875,2026-06-02 00:00:00,E1034,C2171,P3059,3,R06,48897.55
S503876,2026-02-07 00:00:00,E1030,C2021,P3052,9,R01,532589.75
S503877,2026-01-14 00:00:00,E1071,C2015,P3041,2,R05,111434.32
S503878,2026-05-16 00:00:00,E1072,C2419,P3019,3,R02,158735.91
S503879,2026-04-01 00:00:00,E1032,C2368,P3006,7,R02,152330.63
S503880,2026-02-23 00:00:00,E1082,C2126,P3002,4,R04,29602.77
S503881,2026-05-10 00:00:00,E1032,C2341,P3015,6,R02,83267.54
S503882,2026-07-28 00:00:00,E1091,C2341,P3017,3,R01,37932.75
S503883,2026-04-11 00:00:00,E1114,C2213,P3016,1,R05,49476.99
S503884,2026-07-25 00:00:00,E1048,C2188,P3028,11,R04,544952.65
S503885,2026-03-30 00:00:00,E1099,C2172,P3021,6,R01,245585.7
S503886,2026-02-25 00:00:00,E1079,C2247,P3008,4,R02,156553.03
S503887,2026-04-04 00:00:00,E1054,C2005,P3010,2,R06,92729.38
S503888,2026-04-03 00:00:00,E1011,C2231,P3010,7,R01,326518.36
S503889,2026-03-25 00:00:00,E1090,C2201,P3050,10,R03,130068.44
S503890,2026-03-26 00:00:00,E1076,C2373,P3010,5,R05,240756.98
S503891,2026-07-08 00:00:00,E1043,C2402,P3009,6,R01,128521.84
S503892,2026-09-02 00:00:00,E1097,C2149,P3028,6,R04,298981.92
S503893,2026-01-22 00:00:00,E1079,C2072,P3024,9,R02,341485.78
S503894,2026-02-04 00:00:00,E1004,C2226,P3019,2,R04,109465.41
S503895,2026-08-17 00:00:00,E1061,C2074,P3033,6,R03,100484.69
S503896,2026-01-16 00:00:00,E1116,C2307,P3004,9,R06,180357.53
S503897,2026-02-19 00:00:00,E1054,C2169,P3056,4,R06,180045.96
S503898,2026-05-02 00:00:00,E1035,C2249,P3003,11,R06,409799.69
S503899,2026-05-08 00:00:00,E1051,C2280,P3042,6,R06,115741.74
S503900,2026-04-23 00:00:00,E1029,C2152,P3012,7,R04,147621.23
S503901,2026-06-20 00:00:00,E1085,C2224,P3018,1,R02,39197
S503902,2026-01-17 00:00:00,E1089,C2225,P3023,5,R06,330340.02
S503903,2026-03-21 00:00:00,E1111,C2038,P3020,4,R02,34086.53
S503904,2026-07-05 00:00:00,E1098,C2044,P3006,10,R03,229109.46
S503905,2026-09-04 00:00:00,E1014,C2185,P3053,2,R02,32851.18
S503906,2026-05-10 00:00:00,E1099,C2443,P3034,2,R01,30350.01
S503907,2026-05-12 00:00:00,E1100,C2241,P3042,2,R01,42862
S503908,2026-03-26 00:00:00,E1099,C2418,P3002,7,R01,53819.68
S503909,2026-06-16 00:00:00,E1071,C2331,P3030,11,R05,479104.13
S503910,2026-08-14 00:00:00,E1069,C2351,P3009,11,R01,253585.1
S503911,2026-04-04 00:00:00,E1063,C2210,P3027,4,R05,14057.21
S503912,2026-05-14 00:00:00,E1062,C2023,P3042,6,R02,125281.59
S503913,2026-03-22 00:00:00,E1073,C2124,P3034,7,R01,107477.18
S503914,2026-08-19 00:00:00,E1025,C2086,P3040,9,R03,154783.1
S503915,2026-08-05 00:00:00,E1065,C2043,P3024,11,R02,394074.32
S503916,2026-03-10 00:00:00,E1088,C2040,P3049,2,R04,91607.79
S503917,2026-03-10 00:00:00,E1111,C2303,P3017,10,R02,139757.09
S503918,2026-05-28 00:00:00,E1063,C2169,P3029,9,R05,615690.86
S503919,2026-07-11 00:00:00,E1024,C2175,P3036,11,R02,323871.33
S503920,2026-01-16 00:00:00,E1031,C2020,P3050,5,R04,62671.24
S503921,2026-02-20 00:00:00,E1062,C2109,P3012,6,R02,127546.72
S503922,2026-04-15 00:00:00,E1019,C2193,P3031,6,R03,332495.87
S503923,2026-06-14 00:00:00,E1098,C2244,P3049,11,R03,488277.23
S503924,2026-08-20 00:00:00,E1058,C2324,P3009,3,R02,66621.83
S503925,2026-07-20 00:00:00,E1055,C2280,P3019,11,R04,545497.72
S503926,2026-07-16 00:00:00,E1008,C2228,P3046,11,R06,73321.5
S503927,2026-06-19 00:00:00,E1099,C2036,P3046,10,R01,76461.74
S503928,2026-07-04 00:00:00,E1071,C2045,P3017,7,R05,100249.35
S503929,2026-03-07 00:00:00,E1115,C2386,P3002,7,R04,49841.64
S503930,2026-01-09 00:00:00,E1094,C2028,P3040,8,R04,140527.41
S503931,2026-04-17 00:00:00,E1074,C2154,P3005,5,R05,99414.45
S503932,2026-04-10 00:00:00,E1081,C2023,P3059,2,R06,35661.64
S503933,2026-03-27 00:00:00,E1054,C2207,P3039,3,R06,79989.45
S503934,2026-03-05 00:00:00,E1005,C2420,P3054,9,R02,62947.95
S503935,2026-08-02 00:00:00,E1035,C2091,P3048,6,R06,187287.05
S503936,2026-01-22 00:00:00,E1071,C2390,P3016,8,R05,419411.48
S503937,2026-06-11 00:00:00,E1034,C2419,P3017,8,R06,110625.9
S503938,2026-07-02 00:00:00,E1071,C2359,P3054,5,R05,33358.84
S503939,2026-06-06 00:00:00,E1039,C2038,P3027,1,R04,3474.75
S503940,2026-06-15 00:00:00,E1100,C2419,P3007,6,R01,369448.83
S503941,2026-04-20 00:00:00,E1027,C2228,P3052,7,R02,448048.88
S503942,2026-04-07 00:00:00,E1002,C2202,P3008,9,R06,351724.92
S503943,2026-01-18 00:00:00,E1005,C2350,P3008,2,R02,80097.93
S503944,2026-03-12 00:00:00,E1041,C2309,P3023,2,R01,143440.12
S503945,2026-07-12 00:00:00,E1056,C2254,P3032,10,R06,660793.97
S503946,2026-05-07 00:00:00,E1092,C2038,P3043,1,R05,64522.24
S503947,2026-04-07 00:00:00,E1034,C2221,P3047,5,R06,217257.38
S503948,2026-01-01 00:00:00,E1034,C2187,P3018,2,R06,78495.5
S503949,2026-08-04 00:00:00,E1074,C2043,P3038,3,R05,188034.73
S503950,2026-05-12 00:00:00,E1021,C2359,P3054,2,R04,13794.79
S503951,2026-01-04 00:00:00,E1017,C2114,P3012,11,R02,227003.24
S503952,2026-05-05 00:00:00,E1022,C2260,P3015,4,R01,57226.38
S503953,2026-03-23 00:00:00,E1047,C2005,P3028,11,R02,483508.47
S503954,2026-01-27 00:00:00,E1092,C2068,P3055,3,R05,6319.42
S503955,2026-06-20 00:00:00,E1089,C2228,P3038,9,R06,576080.84
S503956,2026-02-28 00:00:00,E1084,C2123,P3050,10,R01,122800.09
S503957,2026-02-01 00:00:00,E1064,C2173,P3056,2,R02,89051.21
S503958,2026-06-10 00:00:00,E1032,C2336,P3031,7,R02,427109.04
S503959,2026-01-28 00:00:00,E1118,C2153,P3052,11,R02,704680.64
S503960,2026-04-16 00:00:00,E1044,C2267,P3009,3,R06,68185.71
S503961,2026-04-15 00:00:00,E1013,C2157,P3008,10,R05,393930.7
S503962,2026-07-02 00:00:00,E1067,C2162,P3046,8,R01,58742.56
S503963,2026-08-16 00:00:00,E1108,C2214,P3019,4,R05,210347.49
S503964,2026-07-07 00:00:00,E1075,C2398,P3051,4,R05,211617.81
S503965,2026-03-11 00:00:00,E1004,C2376,P3008,9,R04,376875.1
S503966,2026-03-03 00:00:00,E1117,C2408,P3034,11,R05,177130.25
S503967,2026-07-27 00:00:00,E1092,C2443,P3057,3,R05,127419.49
S503968,2026-02-03 00:00:00,E1010,C2423,P3004,7,R05,129028.74
S503969,2026-03-28 00:00:00,E1108,C2026,P3031,1,R05,62602.26
S503970,2026-04-24 00:00:00,E1053,C2427,P3038,7,R06,432829.57
S503971,2026-04-16 00:00:00,E1017,C2292,P3003,10,R02,370272.94
S503972,2026-08-04 00:00:00,E1090,C2423,P3035,11,R03,481805.48
S503973,2026-02-25 00:00:00,E1116,C2189,P3019,2,R06,104665.64
S503974,2026-04-23 00:00:00,E1080,C2400,P3043,6,R01,348987.87
S503975,2026-01-13 00:00:00,E1004,C2122,P3029,9,R04,673117.08
S503976,2026-07-03 00:00:00,E1100,C2230,P3010,6,R01,285109.03
S503977,2026-01-18 00:00:00,E1099,C2059,P3012,3,R01,64316.02
S503978,2026-07-01 00:00:00,E1116,C2096,P3046,1,R06,6856.99
S503979,2026-07-24 00:00:00,E1025,C2262,P3030,4,R03,185630.71
S503980,2026-04-23 00:00:00,E1075,C2354,P3030,4,R05,177320.28
S503981,2026-08-17 00:00:00,E1014,C2312,P3060,8,R02,237218.5
S503982,2026-06-20 00:00:00,E1003,C2136,P3018,10,R05,368442.7
S503983,2026-02-08 00:00:00,E1073,C2350,P3024,10,R01,366424.42
S503984,2026-07-08 00:00:00,E1114,C2283,P3032,7,R05,481659.28
S503985,2026-06-19 00:00:00,E1022,C2411,P3009,10,R01,221119.09
S503986,2026-07-28 00:00:00,E1020,C2120,P3047,7,R02,306853.68
S503987,2026-03-20 00:00:00,E1091,C2430,P3024,7,R01,233278.93
S503988,2026-05-26 00:00:00,E1049,C2425,P3026,2,R04,77795.07
S503989,2026-05-31 00:00:00,E1023,C2025,P3003,9,R02,322659.18
S503990,2026-07-01 00:00:00,E1077,C2342,P3023,6,R05,444166.89
S503991,2026-08-31 00:00:00,E1034,C2146,P3011,2,R06,101306.42
S503992,2026-01-30 00:00:00,E1033,C2012,P3010,1,R01,45559.22
S503993,2026-04-08 00:00:00,E1066,C2087,P3050,11,R04,136945.82
S503994,2026-02-27 00:00:00,E1087,C2435,P3036,1,R05,29217.73
S503995,2026-07-15 00:00:00,E1041,C2109,P3060,1,R01,28779.26
S503996,2026-03-08 00:00:00,E1086,C2423,P3013,4,R02,115326.59
S503997,2026-03-12 00:00:00,E1074,C2345,P3029,4,R05,284309.63
S503998,2026-09-05 00:00:00,E1044,C2266,P3038,9,R06,557510.45
S503999,2026-05-26 00:00:00,E1103,C2222,P3059,1,R02,17757.72
S504000,2026-04-16 00:00:00,E1010,C2074,P3053,3,R05,45734.13
S504001,2026-01-07 00:00:00,E1026,C2333,P3013,3,R05,98137.01
S504002,2026-02-09 00:00:00,E1091,C2310,P3057,8,R01,373639.31
S504003,2026-03-11 00:00:00,E1099,C2413,P3026,2,R01,78751.35
S504004,2026-08-02 00:00:00,E1003,C2102,P3020,6,R05,47651.24
S504005,2026-07-12 00:00:00,E1020,C2425,P3005,11,R02,222501.8
S504006,2026-03-09 00:00:00,E1112,C2137,P3020,4,R02,33452.76
S504007,2026-08-26 00:00:00,E1021,C2191,P3014,10,R04,89594.88
S504008,2026-02-18 00:00:00,E1108,C2421,P3045,6,R05,304891.35
S504009,2026-02-21 00:00:00,E1107,C2142,P3014,5,R03,42253.65
S504010,2026-04-24 00:00:00,E1108,C2357,P3008,9,R05,335898.36
S504011,2026-04-17 00:00:00,E1095,C2073,P3048,9,R05,292321
S504012,2026-01-29 00:00:00,E1072,C2328,P3013,1,R02,28555.6
S504013,2026-05-29 00:00:00,E1018,C2167,P3024,3,R04,108111.74
S504014,2026-08-06 00:00:00,E1091,C2168,P3015,1,R01,12516.97
S504015,2026-03-19 00:00:00,E1104,C2054,P3051,6,R04,341603.71
S504016,2026-01-09 00:00:00,E1070,C2259,P3001,3,R06,80731.44
S504017,2026-06-24 00:00:00,E1096,C2439,P3022,1,R03,18115.48
S504018,2026-03-17 00:00:00,E1086,C2111,P3034,6,R02,93952.19
S504019,2026-02-11 00:00:00,E1004,C2232,P3050,5,R04,61981.25
S504020,2026-06-28 00:00:00,E1089,C2161,P3051,8,R06,446514.68
S504021,2026-07-03 00:00:00,E1053,C2352,P3040,2,R06,34483.78
S504022,2026-06-28 00:00:00,E1084,C2327,P3003,8,R01,264741.44
S504023,2026-07-17 00:00:00,E1027,C2019,P3055,5,R02,9490.5
S504024,2026-05-08 00:00:00,E1058,C2290,P3026,8,R02,321081
S504025,2026-01-20 00:00:00,E1102,C2050,P3014,10,R04,97932.23
S504026,2026-08-04 00:00:00,E1066,C2175,P3058,4,R04,169753.9
S504027,2026-06-04 00:00:00,E1009,C2302,P3041,4,R04,217317.03
S504028,2026-06-15 00:00:00,E1083,C2184,P3008,10,R02,408966.56
S504029,2026-03-13 00:00:00,E1097,C2185,P3049,4,R04,183544.16
S504030,2026-03-06 00:00:00,E1038,C2339,P3055,11,R01,19997.36
S504031,2026-07-01 00:00:00,E1111,C2307,P3055,6,R02,12200.41
S504032,2026-08-29 00:00:00,E1099,C2310,P3056,4,R01,186948.76
S504033,2026-04-23 00:00:00,E1028,C2346,P3016,9,R04,461409.3
S504034,2026-01-24 00:00:00,E1047,C2081,P3042,9,R02,185411.38
S504035,2026-05-08 00:00:00,E1005,C2374,P3021,3,R02,134073.91
S504036,2026-06-24 00:00:00,E1088,C2156,P3010,7,R04,302907.54
S504037,2026-07-18 00:00:00,E1092,C2275,P3057,5,R05,232240.2
S504038,2026-03-24 00:00:00,E1098,C2283,P3025,9,R03,509196.87
S504039,2026-08-02 00:00:00,E1090,C2432,P3056,2,R03,93131.04
S504040,2026-03-04 00:00:00,E1112,C2249,P3038,3,R02,211961.1
S504041,2026-07-04 00:00:00,E1101,C2147,P3022,10,R01,197179.45
S504042,2026-07-02 00:00:00,E1038,C2435,P3049,5,R01,208890.96
S504043,2026-03-01 00:00:00,E1098,C2007,P3048,5,R03,168891.37
S504044,2026-04-09 00:00:00,E1073,C2157,P3047,10,R01,425445.93
S504045,2026-03-03 00:00:00,E1034,C2171,P3054,7,R06,48720.55
S504046,2026-01-30 00:00:00,E1032,C2069,P3046,8,R02,59588.85
S504047,2026-08-09 00:00:00,E1057,C2094,P3004,8,R01,153299.07
S504048,2026-01-22 00:00:00,E1013,C2369,P3004,1,R05,18869.5
S504049,2026-07-22 00:00:00,E1012,C2363,P3030,1,R06,45384.69
S504050,2026-07-31 00:00:00,E1090,C2376,P3002,3,R03,22548.45
S504051,2026-05-06 00:00:00,E1074,C2186,P3029,1,R05,64510.66
S504052,2026-06-06 00:00:00,E1033,C2392,P3043,1,R01,59650.75
S504053,2026-08-31 00:00:00,E1059,C2170,P3036,10,R01,320683.76
S504054,2026-06-18 00:00:00,E1039,C2204,P3021,8,R04,350975.78
S504055,2026-02-11 00:00:00,E1062,C2042,P3060,1,R02,28331.18
S504056,2026-04-08 00:00:00,E1088,C2013,P3021,9,R04,346798.03
S504057,2026-07-12 00:00:00,E1100,C2154,P3048,2,R01,67729.42
S504058,2026-01-31 00:00:00,E1020,C2274,P3021,9,R02,388201.1
S504059,2026-06-07 00:00:00,E1118,C2298,P3004,7,R02,128504.87
S504060,2026-04-22 00:00:00,E1086,C2051,P3001,9,R02,231998.18
S504061,2026-05-26 00:00:00,E1058,C2369,P3026,3,R02,130193.57
S504062,2026-09-04 00:00:00,E1015,C2212,P3056,1,R02,47583.82
S504063,2026-05-02 00:00:00,E1034,C2144,P3051,1,R06,52711.99
S504064,2026-01-17 00:00:00,E1011,C2357,P3002,11,R01,85637.07
S504065,2026-02-07 00:00:00,E1082,C2003,P3009,10,R04,218033.5
S504066,2026-05-22 00:00:00,E1066,C2254,P3055,6,R04,11253.39
S504067,2026-08-03 00:00:00,E1066,C2335,P3057,7,R04,331785.57
S504068,2026-08-05 00:00:00,E1064,C2256,P3045,9,R02,422403.97
S504069,2026-07-26 00:00:00,E1070,C2098,P3018,6,R06,224382.41
S504070,2026-04-20 00:00:00,E1093,C2173,P3048,5,R05,166962.66
S504071,2026-07-03 00:00:00,E1094,C2150,P3048,2,R04,70417.5
S504072,2026-01-22 00:00:00,E1045,C2279,P3057,2,R02,92831.82
S504073,2026-07-14 00:00:00,E1082,C2059,P3042,8,R04,150793.01
S504074,2026-02-25 00:00:00,E1061,C2446,P3041,1,R03,58825.99
S504075,2026-04-29 00:00:00,E1054,C2113,P3011,8,R06,419763.75
S504076,2026-05-27 00:00:00,E1099,C2324,P3025,11,R01,646400.05
S504077,2026-02-26 00:00:00,E1114,C2243,P3026,10,R05,415339.31
S504078,2026-06-21 00:00:00,E1020,C2310,P3058,11,R02,420357.27
S504079,2026-08-14 00:00:00,E1022,C2057,P3036,7,R01,227059.65
S504080,2026-02-04 00:00:00,E1023,C2407,P3042,7,R02,145075.93
S504081,2026-04-24 00:00:00,E1010,C2367,P3035,5,R05,219237.16
S504082,2026-05-05 00:00:00,E1010,C2060,P3038,3,R05,200560.53
S504083,2026-05-09 00:00:00,E1075,C2329,P3003,7,R05,238696.04
S504084,2026-02-21 00:00:00,E1028,C2216,P3059,7,R04,122510.16
S504085,2026-03-26 00:00:00,E1018,C2233,P3041,7,R04,370880
S504086,2026-08-09 00:00:00,E1046,C2055,P3035,11,R04,480467.36
S504087,2026-07-17 00:00:00,E1047,C2373,P3050,2,R02,25928.8
S504088,2026-06-14 00:00:00,E1009,C2208,P3040,3,R04,55010.04
S504089,2026-03-06 00:00:00,E1082,C2063,P3022,3,R04,54666.97
S504090,2026-06-28 00:00:00,E1019,C2184,P3008,4,R03,159112.9
S504091,2026-05-09 00:00:00,E1034,C2311,P3015,9,R06,121545.71
S504092,2026-08-07 00:00:00,E1002,C2281,P3045,10,R06,483047.77
S504093,2026-01-21 00:00:00,E1078,C2026,P3007,1,R01,56313.93
S504094,2026-06-30 00:00:00,E1007,C2177,P3019,7,R01,374802.77
S504095,2026-01-16 00:00:00,E1043,C2063,P3040,7,R01,117881.24
S504096,2026-08-24 00:00:00,E1057,C2429,P3042,11,R01,237092.33
S504097,2026-05-03 00:00:00,E1006,C2073,P3017,4,R02,54105.03
S504098,2026-03-02 00:00:00,E1061,C2335,P3001,11,R03,300794.83
S504099,2026-02-23 00:00:00,E1082,C2167,P3045,1,R04,47321.5
S504100,2026-06-17 00:00:00,E1019,C2225,P3029,3,R03,218611.59
S504101,2026-01-26 00:00:00,E1051,C2065,P3058,5,R06,188525.35
S504102,2026-03-21 00:00:00,E1084,C2069,P3013,2,R01,63262.01
S504103,2026-08-08 00:00:00,E1067,C2440,P3056,7,R01,323493.94
S504104,2026-03-06 00:00:00,E1085,C2009,P3048,10,R02,330160
S504105,2026-04-10 00:00:00,E1056,C2236,P3029,10,R06,660163.51
S504106,2026-03-15 00:00:00,E1063,C2198,P3041,7,R05,370290.01
S504107,2026-07-11 00:00:00,E1009,C2412,P3042,10,R04,207902.87
S504108,2026-06-20 00:00:00,E1004,C2173,P3006,5,R04,114724.72
S504109,2026-01-17 00:00:00,E1026,C2282,P3005,10,R05,214012.87
S504110,2026-05-01 00:00:00,E1071,C2028,P3034,6,R05,90636.95
S504111,2026-07-06 00:00:00,E1057,C2296,P3011,1,R01,50334.37
S504112,2026-01-23 00:00:00,E1042,C2399,P3009,4,R03,96390.17
S504113,2026-05-15 00:00:00,E1085,C2134,P3038,4,R02,273939.17
S504114,2026-06-21 00:00:00,E1084,C2027,P3040,11,R01,187743.35
S504115,2026-06-30 00:00:00,E1052,C2038,P3041,8,R05,466724.94
S504116,2026-03-12 00:00:00,E1119,C2196,P3009,2,R06,48179.94
S504117,2026-04-18 00:00:00,E1097,C2203,P3008,1,R04,41903.69
S504118,2026-03-20 00:00:00,E1034,C2085,P3044,7,R06,201318.54
S504119,2026-06-11 00:00:00,E1113,C2320,P3058,6,R06,252125.82
S504120,2026-02-15 00:00:00,E1019,C2030,P3040,5,R03,85521.07
S504121,2026-08-25 00:00:00,E1059,C2099,P3003,8,R01,294820.53
S504122,2026-07-15 00:00:00,E1105,C2387,P3013,11,R06,327608.67
S504123,2026-07-25 00:00:00,E1017,C2190,P3019,2,R02,105537.23
S504124,2026-03-19 00:00:00,E1082,C2012,P3034,2,R04,32104.66
S504125,2026-01-16 00:00:00,E1113,C2091,P3032,9,R06,573663.05
S504126,2026-03-12 00:00:00,E1039,C2030,P3049,1,R04,43081.08
S504127,2026-04-06 00:00:00,E1043,C2213,P3016,6,R01,309727.92
S504128,2026-05-27 00:00:00,E1008,C2038,P3036,3,R06,90269.79
S504129,2026-01-02 00:00:00,E1080,C2341,P3018,5,R01,178191.05
S504130,2026-01-10 00:00:00,E1109,C2060,P3014,8,R02,67544.08
S504131,2026-06-27 00:00:00,E1055,C2294,P3030,7,R04,316289.06
S504132,2026-05-05 00:00:00,E1065,C2360,P3002,4,R02,32173.29
S504133,2026-03-22 00:00:00,E1114,C2143,P3013,8,R05,253737.75
S504134,2026-08-17 00:00:00,E1091,C2402,P3027,11,R01,36391.44
S504135,2026-05-20 00:00:00,E1033,C2180,P3059,11,R01,187793.96
S504136,2026-03-11 00:00:00,E1039,C2285,P3053,10,R04,153840.07
S504137,2026-05-30 00:00:00,E1023,C2112,P3052,11,R02,746635.03
S504138,2026-02-01 00:00:00,E1017,C2230,P3017,2,R02,25942.01
S504139,2026-04-15 00:00:00,E1054,C2444,P3031,7,R06,414224.79
S504140,2026-03-25 00:00:00,E1030,C2021,P3015,5,R01,69104.14
S504141,2026-05-09 00:00:00,E1017,C2145,P3057,11,R02,517695.11
S504142,2026-07-01 00:00:00,E1078,C2146,P3020,6,R01,44872.57
S504143,2026-08-27 00:00:00,E1018,C2441,P3005,3,R04,61087.83
S504144,2026-09-02 00:00:00,E1103,C2375,P3007,11,R02,653323.17
S504145,2026-02-27 00:00:00,E1066,C2421,P3018,10,R04,392194.22
S504146,2026-07-17 00:00:00,E1093,C2316,P3056,7,R05,307442.27
S504147,2026-07-30 00:00:00,E1091,C2166,P3011,7,R01,376329.68
S504148,2026-05-26 00:00:00,E1014,C2140,P3032,2,R02,129930.21
S504149,2026-05-14 00:00:00,E1074,C2203,P3050,1,R05,13118.32
S504150,2026-02-14 00:00:00,E1058,C2244,P3027,10,R02,32620.67
S504151,2026-04-07 00:00:00,E1006,C2113,P3026,2,R02,76904.01
S504152,2026-01-23 00:00:00,E1013,C2201,P3037,8,R05,513817.84
S504153,2026-01-23 00:00:00,E1043,C2385,P3045,11,R01,554721.22
S504154,2026-06-03 00:00:00,E1004,C2314,P3028,10,R04,484702.07
S504155,2026-07-24 00:00:00,E1101,C2259,P3050,3,R01,39091.59
S504156,2026-05-15 00:00:00,E1034,C2255,P3002,11,R06,78872.82
S504157,2026-03-20 00:00:00,E1088,C2447,P3020,4,R04,31037.74
S504158,2026-02-13 00:00:00,E1052,C2405,P3004,8,R05,146065.69
S504159,2026-01-27 00:00:00,E1058,C2023,P3013,3,R02,97245.52
S504160,2026-01-26 00:00:00,E1110,C2393,P3024,6,R01,212500.44
S504161,2026-04-07 00:00:00,E1010,C2246,P3048,2,R05,62368.77
S504162,2026-07-26 00:00:00,E1107,C2339,P3038,3,R03,191121.58
S504163,2026-02-05 00:00:00,E1084,C2311,P3058,1,R01,42381.38
S504164,2026-04-19 00:00:00,E1052,C2366,P3040,9,R05,165977.64
S504165,2026-02-24 00:00:00,E1030,C2372,P3048,4,R01,140848.2
S504166,2026-07-11 00:00:00,E1041,C2403,P3045,6,R01,288342.51
S504167,2026-08-07 00:00:00,E1093,C2318,P3055,7,R05,14065.22
S504168,2026-07-04 00:00:00,E1102,C2087,P3029,2,R04,134417.08
S504169,2026-03-10 00:00:00,E1047,C2219,P3058,8,R02,304954.23
S504170,2026-03-02 00:00:00,E1018,C2423,P3036,9,R04,251808.28
S504171,2026-05-10 00:00:00,E1058,C2356,P3002,10,R02,73105.61
S504172,2026-02-24 00:00:00,E1100,C2027,P3041,11,R01,638514.6
S504173,2026-05-02 00:00:00,E1048,C2430,P3018,2,R04,81827.24
S504174,2026-04-07 00:00:00,E1069,C2290,P3049,5,R01,202858.19
S504175,2026-03-21 00:00:00,E1071,C2289,P3008,2,R05,84162.4
S504176,2026-03-28 00:00:00,E1015,C2348,P3058,11,R02,430475.94
S504177,2026-02-07 00:00:00,E1069,C2223,P3015,5,R01,66473.86
S504178,2026-04-29 00:00:00,E1024,C2352,P3041,7,R02,391598.9
S504179,2026-07-27 00:00:00,E1105,C2178,P3017,6,R06,79667.13
S504180,2026-03-19 00:00:00,E1096,C2148,P3023,4,R03,271256.33
S504181,2026-06-06 00:00:00,E1116,C2424,P3002,2,R06,15737.45
S504182,2026-06-03 00:00:00,E1111,C2227,P3006,7,R02,164770.69
S504183,2026-02-04 00:00:00,E1063,C2351,P3029,10,R05,730421.74
S504184,2026-03-20 00:00:00,E1024,C2186,P3027,9,R02,29920.56
S504185,2026-03-08 00:00:00,E1028,C2415,P3037,1,R04,63955.79
S504186,2026-03-28 00:00:00,E1056,C2294,P3049,3,R06,131721.62
S504187,2026-06-06 00:00:00,E1011,C2429,P3034,7,R01,117626.13
S504188,2026-02-03 00:00:00,E1091,C2041,P3018,9,R01,342653.36
S504189,2026-04-07 00:00:00,E1079,C2393,P3042,5,R02,109036.77
S504190,2026-06-18 00:00:00,E1017,C2393,P3010,7,R02,324658.31
S504191,2026-06-18 00:00:00,E1043,C2191,P3038,10,R01,686369.82
S504192,2026-05-31 00:00:00,E1100,C2079,P3059,7,R01,111279.42
S504193,2026-03-12 00:00:00,E1057,C2205,P3044,4,R01,124455.44
S504194,2026-01-03 00:00:00,E1103,C2384,P3017,5,R02,67629.59
S504195,2026-02-27 00:00:00,E1063,C2278,P3059,2,R05,31872.71
S504196,2026-02-01 00:00:00,E1088,C2272,P3013,8,R04,236044.42
S504197,2026-01-31 00:00:00,E1083,C2032,P3052,1,R02,67550.52
S504198,2026-03-23 00:00:00,E1089,C2450,P3060,2,R06,56813.68
S504199,2026-02-12 00:00:00,E1120,C2142,P3048,3,R04,94711.19
S504200,2026-05-15 00:00:00,E1102,C2251,P3042,7,R04,142194.9
S504201,2026-04-15 00:00:00,E1051,C2294,P3027,6,R06,18979.7
S504202,2026-01-01 00:00:00,E1075,C2098,P3053,7,R05,112556.31
S504203,2026-03-02 00:00:00,E1054,C2136,P3002,11,R06,85207.81
S504204,2026-01-14 00:00:00,E1003,C2277,P3034,5,R05,76770.83
S504205,2026-06-29 00:00:00,E1098,C2312,P3031,4,R03,249475.64
S504206,2026-08-12 00:00:00,E1052,C2302,P3023,7,R05,465333.9
S504207,2026-01-06 00:00:00,E1119,C2043,P3007,3,R06,186565.81
S504208,2026-04-13 00:00:00,E1088,C2120,P3038,10,R04,704517.68
S504209,2026-01-10 00:00:00,E1045,C2220,P3033,7,R02,109005.87
S504210,2026-03-12 00:00:00,E1079,C2046,P3012,2,R02,42346.81
S504211,2026-03-31 00:00:00,E1009,C2236,P3045,8,R04,391532.33
S504212,2026-08-14 00:00:00,E1061,C2048,P3012,6,R03,119961.01
S504213,2026-06-07 00:00:00,E1067,C2198,P3019,3,R01,149497.75
S504214,2026-08-16 00:00:00,E1083,C2084,P3009,3,R02,68239.21
S504215,2026-05-29 00:00:00,E1013,C2031,P3010,5,R05,239124.84
S504216,2026-05-06 00:00:00,E1005,C2161,P3017,3,R02,38603.98
S504217,2026-07-07 00:00:00,E1119,C2428,P3050,6,R06,71232.94
S504218,2026-07-28 00:00:00,E1079,C2071,P3040,2,R02,33623.98
S504219,2026-04-07 00:00:00,E1097,C2008,P3039,8,R04,209671.14
S504220,2026-03-15 00:00:00,E1043,C2386,P3041,11,R01,670025.28
S504221,2026-04-25 00:00:00,E1008,C2401,P3010,11,R06,497574.09
S504222,2026-07-10 00:00:00,E1089,C2052,P3012,9,R06,173872.65
S504223,2026-08-27 00:00:00,E1090,C2045,P3015,7,R03,93260.68
S504224,2026-06-19 00:00:00,E1071,C2293,P3031,3,R05,176809.38
S504225,2026-02-20 00:00:00,E1071,C2426,P3015,11,R05,137589.7
S504226,2026-07-11 00:00:00,E1083,C2300,P3028,10,R02,464645.66
S504227,2026-07-23 00:00:00,E1031,C2373,P3004,4,R04,71468.62
S504228,2026-02-25 00:00:00,E1075,C2038,P3036,10,R05,317901.4
S504229,2026-07-27 00:00:00,E1007,C2355,P3055,2,R01,3962.74
S504230,2026-02-10 00:00:00,E1091,C2380,P3001,9,R01,245178.12
S504231,2026-02-01 00:00:00,E1020,C2231,P3058,5,R02,214501.62
S504232,2026-01-15 00:00:00,E1082,C2262,P3044,2,R04,66497.2
S504233,2026-03-03 00:00:00,E1087,C2068,P3057,10,R05,417546.45
S504234,2026-06-04 00:00:00,E1068,C2179,P3034,6,R05,100632.59
S504235,2026-01-28 00:00:00,E1011,C2357,P3047,7,R01,334538.69
S504236,2026-07-28 00:00:00,E1017,C2419,P3017,2,R02,28084.96
S504237,2026-03-05 00:00:00,E1038,C2186,P3039,1,R01,24361.96
S504238,2026-08-26 00:00:00,E1081,C2441,P3038,7,R06,438146.54
S504239,2026-07-06 00:00:00,E1079,C2201,P3044,1,R02,33401.72
S504240,2026-08-30 00:00:00,E1079,C2390,P3051,3,R02,154707.26
S504241,2026-07-05 00:00:00,E1033,C2013,P3033,4,R01,64030.92
S504242,2026-05-10 00:00:00,E1111,C2443,P3060,2,R02,56249.97
S504243,2026-05-07 00:00:00,E1049,C2214,P3021,7,R04,309645.21
S504244,2026-02-05 00:00:00,E1112,C2220,P3026,5,R02,200985.9
S504245,2026-04-24 00:00:00,E1074,C2286,P3046,1,R05,7672.78
S504246,2026-07-18 00:00:00,E1045,C2244,P3036,8,R02,235442.66
S504247,2026-01-13 00:00:00,E1084,C2356,P3005,10,R01,201218.83
S504248,2026-01-15 00:00:00,E1037,C2258,P3033,7,R02,117978.27
S504249,2026-03-30 00:00:00,E1027,C2058,P3001,4,R02,105320.24
S504250,2026-08-03 00:00:00,E1011,C2036,P3053,2,R01,31544.54
S504251,2026-07-07 00:00:00,E1032,C2328,P3006,7,R02,154722.04
S504252,2026-01-22 00:00:00,E1099,C2429,P3037,11,R01,646671.26
S504253,2026-07-10 00:00:00,E1030,C2393,P3002,2,R01,14742.27
S504254,2026-08-06 00:00:00,E1006,C2382,P3057,6,R02,274046.62
S504255,2026-08-13 00:00:00,E1079,C2193,P3053,1,R02,15718.91
S504256,2026-07-22 00:00:00,E1002,C2333,P3059,7,R06,112277.62
S504257,2026-03-15 00:00:00,E1089,C2050,P3059,7,R06,113356.09
S504258,2026-01-25 00:00:00,E1106,C2032,P3005,4,R02,82372.88
S504259,2026-04-11 00:00:00,E1004,C2098,P3026,4,R04,171919.18
S504260,2026-06-25 00:00:00,E1069,C2043,P3041,10,R01,560662.03
S504261,2026-06-20 00:00:00,E1073,C2381,P3051,5,R01,251507.45
S504262,2026-04-27 00:00:00,E1102,C2351,P3053,2,R04,31675.3
S504263,2026-06-15 00:00:00,E1036,C2334,P3047,9,R05,422087.46
S504264,2026-02-10 00:00:00,E1016,C2310,P3013,10,R02,308212.38
S504265,2026-06-22 00:00:00,E1106,C2047,P3012,4,R02,77713.9
S504266,2026-03-29 00:00:00,E1069,C2270,P3005,11,R01,237748.27
S504267,2026-06-17 00:00:00,E1095,C2432,P3002,9,R05,70099.85
S504268,2026-04-20 00:00:00,E1031,C2311,P3059,3,R04,48850.42
S504269,2026-04-30 00:00:00,E1105,C2413,P3004,9,R06,161753.03
S504270,2026-04-07 00:00:00,E1084,C2431,P3059,1,R01,17272.83
S504271,2026-05-25 00:00:00,E1077,C2063,P3027,7,R05,24439.1
S504272,2026-08-04 00:00:00,E1045,C2019,P3050,4,R02,53505.32
S504273,2026-08-17 00:00:00,E1115,C2347,P3053,7,R04,110931.56
S504274,2026-02-26 00:00:00,E1062,C2393,P3010,10,R02,465486.51
S504275,2026-05-10 00:00:00,E1104,C2101,P3013,6,R04,171547.12
S504276,2026-04-06 00:00:00,E1042,C2037,P3044,4,R03,131968.1
S504277,2026-05-01 00:00:00,E1067,C2107,P3002,4,R01,31167.15
S504278,2026-03-03 00:00:00,E1030,C2092,P3026,8,R01,329166.6
S504279,2026-08-04 00:00:00,E1076,C2308,P3015,7,R05,88945.37
S504280,2026-05-17 00:00:00,E1094,C2185,P3046,4,R04,26784.08
S504281,2026-03-09 00:00:00,E1097,C2216,P3057,11,R04,504551.85
S504282,2026-03-22 00:00:00,E1020,C2028,P3010,6,R02,252543.93
S504283,2026-01-17 00:00:00,E1004,C2036,P3022,6,R04,107131.68
S504284,2026-04-27 00:00:00,E1037,C2372,P3040,1,R02,16665.48
S504285,2026-02-19 00:00:00,E1045,C2320,P3025,2,R02,110670.33
S504286,2026-04-22 00:00:00,E1016,C2018,P3015,4,R02,54822.12
S504287,2026-04-04 00:00:00,E1099,C2345,P3013,6,R01,180114.89
S504288,2026-06-17 00:00:00,E1043,C2419,P3008,6,R01,228694.2
S504289,2026-07-05 00:00:00,E1109,C2196,P3021,1,R02,41211.06
S504290,2026-07-22 00:00:00,E1117,C2078,P3021,8,R05,350337.21
S504291,2026-03-26 00:00:00,E1111,C2167,P3022,2,R02,40373.94
S504292,2026-05-29 00:00:00,E1092,C2090,P3046,5,R05,35962.97
S504293,2026-05-26 00:00:00,E1082,C2264,P3033,4,R04,68158.8
S504294,2026-07-02 00:00:00,E1037,C2208,P3045,5,R02,235345.88
S504295,2026-06-06 00:00:00,E1099,C2212,P3027,5,R01,17074.21
S504296,2026-06-01 00:00:00,E1086,C2271,P3040,10,R02,181754.56
S504297,2026-03-15 00:00:00,E1079,C2263,P3050,8,R02,99789.81
S504298,2026-04-19 00:00:00,E1034,C2273,P3022,10,R06,183655.67
S504299,2026-05-25 00:00:00,E1006,C2342,P3030,7,R02,312524.89
S504300,2026-01-18 00:00:00,E1103,C2214,P3009,9,R02,220572.57
S504301,2026-02-11 00:00:00,E1080,C2374,P3045,11,R01,569956.06
S504302,2026-08-28 00:00:00,E1093,C2064,P3035,1,R05,46627.38
S504303,2026-07-31 00:00:00,E1089,C2012,P3018,6,R06,223152.92
S504304,2026-04-11 00:00:00,E1015,C2210,P3042,6,R02,116795.65
S504305,2026-02-14 00:00:00,E1106,C2312,P3005,2,R02,44199.35
S504306,2026-03-23 00:00:00,E1070,C2174,P3027,11,R06,35647.03
S504307,2026-01-17 00:00:00,E1105,C2431,P3057,8,R06,361699.07
S504308,2026-03-14 00:00:00,E1118,C2256,P3006,6,R02,134560.29
S504309,2026-01-14 00:00:00,E1085,C2101,P3032,11,R02,708039.54
S504310,2026-06-26 00:00:00,E1049,C2016,P3008,10,R04,392619.97
S504311,2026-06-06 00:00:00,E1056,C2197,P3056,9,R06,449327.86
S504312,2026-08-11 00:00:00,E1005,C2258,P3039,10,R02,243498.23
S504313,2026-05-12 00:00:00,E1096,C2384,P3021,5,R03,217001.58
S504314,2026-03-23 00:00:00,E1085,C2244,P3018,7,R02,283524.92
S504315,2026-05-28 00:00:00,E1097,C2348,P3014,6,R04,58492.98
S504316,2026-04-30 00:00:00,E1097,C2249,P3015,11,R04,146828.92
S504317,2026-04-30 00:00:00,E1010,C2105,P3042,5,R05,101360.8
S504318,2026-02-16 00:00:00,E1055,C2182,P3026,6,R04,259248.96
S504319,2026-04-17 00:00:00,E1079,C2155,P3053,4,R02,63749.95
S504320,2026-04-18 00:00:00,E1080,C2287,P3044,3,R01,93429.94
S504321,2026-01-09 00:00:00,E1062,C2169,P3032,1,R02,63016.47
S504322,2026-07-24 00:00:00,E1048,C2420,P3039,1,R04,24127.94
S504323,2026-03-20 00:00:00,E1056,C2047,P3028,6,R06,275465.09
S504324,2026-06-04 00:00:00,E1076,C2043,P3060,9,R05,264771.46
S504325,2026-01-15 00:00:00,E1114,C2321,P3039,8,R05,214090.98
S504326,2026-08-08 00:00:00,E1097,C2306,P3043,2,R04,111253.31
S504327,2026-08-17 00:00:00,E1038,C2221,P3032,9,R01,609136.16
S504328,2026-09-04 00:00:00,E1024,C2001,P3013,8,R02,242786.22
S504329,2026-01-19 00:00:00,E1028,C2200,P3015,9,R04,121401.47
S504330,2026-03-31 00:00:00,E1072,C2441,P3018,4,R02,165018.22
S504331,2026-06-29 00:00:00,E1092,C2144,P3039,9,R05,226254.03
S504332,2026-01-26 00:00:00,E1068,C2378,P3006,2,R05,47101.51
S504333,2026-08-05 00:00:00,E1111,C2028,P3055,1,R02,1989.18
S504334,2026-06-03 00:00:00,E1063,C2342,P3011,9,R05,486518.51
S504335,2026-06-03 00:00:00,E1079,C2338,P3032,10,R02,638679.66
S504336,2026-06-23 00:00:00,E1053,C2278,P3040,8,R06,135299.87
S504337,2026-04-02 00:00:00,E1052,C2041,P3020,7,R05,56630.55
S504338,2026-06-26 00:00:00,E1020,C2332,P3033,8,R02,132335.82
S504339,2026-03-23 00:00:00,E1002,C2147,P3040,1,R06,16760.85
S504340,2026-08-12 00:00:00,E1042,C2345,P3008,9,R03,374418.21
S504341,2026-06-30 00:00:00,E1033,C2178,P3051,10,R01,537474.37
S504342,2026-05-11 00:00:00,E1023,C2315,P3035,11,R02,518816.8
S504343,2026-07-13 00:00:00,E1114,C2325,P3005,9,R05,188295.51
S504344,2026-08-13 00:00:00,E1095,C2418,P3035,11,R05,496804.43
S504345,2026-02-11 00:00:00,E1068,C2167,P3047,9,R05,442750.16
S504346,2026-01-19 00:00:00,E1042,C2123,P3014,6,R03,58565.67
S504347,2026-01-17 00:00:00,E1039,C2074,P3021,4,R04,160517.34
S504348,2026-08-24 00:00:00,E1050,C2239,P3047,2,R02,96607.94
S504349,2026-06-10 00:00:00,E1057,C2249,P3024,11,R01,383755.33
S504350,2026-03-17 00:00:00,E1077,C2263,P3017,4,R05,50315.55
S504351,2026-06-26 00:00:00,E1083,C2252,P3018,7,R02,272771.67
S504352,2026-07-03 00:00:00,E1057,C2357,P3034,1,R01,16849.95
S504353,2026-03-04 00:00:00,E1053,C2111,P3012,9,R06,194225.32
S504354,2026-05-11 00:00:00,E1109,C2180,P3016,3,R02,141053.3
S504355,2026-04-17 00:00:00,E1062,C2188,P3004,4,R02,78996.16
S504356,2026-02-18 00:00:00,E1009,C2308,P3025,5,R04,308668.04
S504357,2026-02-24 00:00:00,E1088,C2207,P3034,3,R04,46142.56
S504358,2026-06-03 00:00:00,E1070,C2234,P3028,4,R06,190081.86
S504359,2026-04-09 00:00:00,E1077,C2024,P3046,5,R05,35966.76
S504360,2026-07-19 00:00:00,E1074,C2026,P3011,1,R05,50242.52
S504361,2026-02-21 00:00:00,E1010,C2381,P3013,9,R05,284444.9
S504362,2026-04-10 00:00:00,E1092,C2218,P3031,10,R05,577592.11
S504363,2026-04-27 00:00:00,E1003,C2346,P3060,10,R05,280281.59
S504364,2026-04-28 00:00:00,E1082,C2378,P3025,4,R04,224690.02
S504365,2026-01-07 00:00:00,E1097,C2010,P3039,9,R04,241908.13
S504366,2026-02-15 00:00:00,E1072,C2017,P3010,4,R02,177766.5
S504367,2026-02-15 00:00:00,E1119,C2245,P3024,1,R06,35176.02
S504368,2026-04-10 00:00:00,E1087,C2206,P3001,5,R05,131433.11
S504369,2026-05-24 00:00:00,E1092,C2258,P3053,9,R05,136748.23
S504370,2026-06-01 00:00:00,E1061,C2112,P3025,3,R03,187795.85
S504371,2026-07-08 00:00:00,E1020,C2205,P3028,5,R02,230698.05
S504372,2026-02-23 00:00:00,E1029,C2027,P3036,3,R04,88739.65
S504373,2026-03-03 00:00:00,E1074,C2071,P3018,3,R05,108918.36
S504374,2026-05-09 00:00:00,E1015,C2176,P3006,1,R02,21482.91
S504375,2026-02-18 00:00:00,E1025,C2202,P3002,2,R03,16258.44
S504376,2026-01-25 00:00:00,E1114,C2248,P3003,2,R05,70833.43
S504377,2026-01-10 00:00:00,E1046,C2118,P3046,9,R04,67075.3
S504378,2026-04-28 00:00:00,E1103,C2009,P3008,7,R02,258907.93
S504379,2026-07-27 00:00:00,E1058,C2086,P3031,8,R02,490163.08
S504380,2026-05-24 00:00:00,E1092,C2023,P3048,2,R05,70640.26
S504381,2026-07-05 00:00:00,E1097,C2240,P3019,9,R04,452898.91
S504382,2026-07-19 00:00:00,E1053,C2073,P3050,3,R06,37922.67
S504383,2026-06-06 00:00:00,E1033,C2027,P3006,10,R01,241727
S504384,2026-08-19 00:00:00,E1052,C2349,P3014,2,R05,18869.85
S504385,2026-04-02 00:00:00,E1043,C2081,P3003,1,R01,33253.9
S504386,2026-05-14 00:00:00,E1068,C2084,P3048,9,R05,292953.07
S504387,2026-05-24 00:00:00,E1026,C2199,P3001,8,R05,193774.41
S504388,2026-05-28 00:00:00,E1118,C2043,P3044,11,R02,361422.03
S504389,2026-03-21 00:00:00,E1110,C2263,P3030,4,R01,179660.86
S504390,2026-03-12 00:00:00,E1063,C2092,P3046,7,R05,53987.25
S504391,2026-08-21 00:00:00,E1068,C2339,P3019,3,R05,144251.69
S504392,2026-03-19 00:00:00,E1044,C2447,P3054,3,R06,21402.35
S504393,2026-02-12 00:00:00,E1067,C2084,P3019,4,R01,195038.86
S504394,2026-06-03 00:00:00,E1037,C2300,P3009,2,R02,44809.52
S504395,2026-03-31 00:00:00,E1078,C2423,P3007,10,R01,557122.59
S504396,2026-03-19 00:00:00,E1010,C2296,P3046,4,R05,28066.66
S504397,2026-07-18 00:00:00,E1037,C2135,P3037,10,R02,644723.34
S504398,2026-06-10 00:00:00,E1107,C2281,P3050,3,R03,35510.75
S504399,2026-01-26 00:00:00,E1094,C2059,P3041,8,R04,455183.67
S504400,2026-05-01 00:00:00,E1039,C2397,P3053,11,R04,187883.92
S504401,2026-02-14 00:00:00,E1034,C2359,P3007,2,R06,126557.93
S504402,2026-07-31 00:00:00,E1044,C2342,P3009,11,R06,242577.46
S504403,2026-03-04 00:00:00,E1063,C2241,P3004,9,R05,182054.97
S504404,2026-07-14 00:00:00,E1048,C2368,P3025,3,R04,170460.5
S504405,2026-06-29 00:00:00,E1088,C2342,P3049,4,R04,169698.04
S504406,2026-03-09 00:00:00,E1091,C2098,P3012,10,R01,212823.32
S504407,2026-06-03 00:00:00,E1063,C2062,P3006,10,R05,236361.7
S504408,2026-07-22 00:00:00,E1019,C2264,P3018,3,R03,121910.23
S504409,2026-01-02 00:00:00,E1072,C2113,P3040,3,R02,54947.65
S504410,2026-05-22 00:00:00,E1084,C2429,P3021,8,R01,319159.73
S504411,2026-04-18 00:00:00,E1118,C2146,P3015,8,R02,108542.1
S504412,2026-01-30 00:00:00,E1082,C2216,P3003,6,R04,210151.49
S504413,2026-02-18 00:00:00,E1016,C2256,P3002,4,R02,30352.41
S504414,2026-05-20 00:00:00,E1050,C2316,P3056,1,R02,44527.6
S504415,2026-08-06 00:00:00,E1074,C2316,P3055,4,R05,7643.27
S504416,2026-02-13 00:00:00,E1014,C2362,P3041,8,R02,482182.67
S504417,2026-06-10 00:00:00,E1045,C2258,P3040,6,R02,111467.74
S504418,2026-01-13 00:00:00,E1062,C2194,P3059,2,R02,34877.91
S504419,2026-03-19 00:00:00,E1059,C2347,P3004,3,R01,56858.69
S504420,2026-08-04 00:00:00,E1073,C2014,P3032,7,R01,467627.5
S504421,2026-05-06 00:00:00,E1018,C2304,P3002,11,R04,85396.27
S504422,2026-04-08 00:00:00,E1052,C2103,P3046,11,R05,85169.96
S504423,2026-08-24 00:00:00,E1033,C2245,P3029,4,R01,265062.33
S504424,2026-01-26 00:00:00,E1023,C2245,P3002,4,R02,30302.29
S504425,2026-05-29 00:00:00,E1057,C2312,P3034,5,R01,83539.57
S504426,2026-06-05 00:00:00,E1117,C2268,P3027,8,R05,29001.15
S504427,2026-02-17 00:00:00,E1059,C2224,P3060,7,R01,200990.27
S504428,2026-08-16 00:00:00,E1014,C2220,P3054,9,R02,61325.34
S504429,2026-06-17 00:00:00,E1049,C2311,P3039,5,R04,136307.25
S504430,2026-03-07 00:00:00,E1089,C2412,P3044,1,R06,31534.15
S504431,2026-08-22 00:00:00,E1064,C2366,P3038,4,R02,274421.85
S504432,2026-07-20 00:00:00,E1056,C2217,P3018,6,R06,229777.38
S504433,2026-03-28 00:00:00,E1030,C2004,P3036,6,R01,172945.31
S504434,2026-03-20 00:00:00,E1023,C2036,P3019,9,R02,433059.38
S504435,2026-07-24 00:00:00,E1067,C2178,P3027,10,R01,34387.17
S504436,2026-01-23 00:00:00,E1030,C2387,P3045,5,R01,231729.35
S504437,2026-03-22 00:00:00,E1050,C2257,P3020,5,R02,38232.1
S504438,2026-02-17 00:00:00,E1006,C2017,P3021,6,R02,247095.77
S504439,2026-05-04 00:00:00,E1036,C2199,P3023,11,R05,767750.56
S504440,2026-05-10 00:00:00,E1076,C2318,P3030,6,R05,255357.72
S504441,2026-03-25 00:00:00,E1085,C2048,P3025,3,R02,166935.9
S504442,2026-01-20 00:00:00,E1103,C2062,P3031,6,R02,384305.44
S504443,2026-07-06 00:00:00,E1073,C2069,P3027,8,R01,25716.76
S504444,2026-02-15 00:00:00,E1048,C2147,P3034,6,R04,92024.7
S504445,2026-05-11 00:00:00,E1036,C2359,P3008,11,R05,421866.99
S504446,2026-07-02 00:00:00,E1047,C2366,P3019,5,R02,274230.6
S504447,2026-01-12 00:00:00,E1014,C2162,P3041,3,R02,169016.85
S504448,2026-02-09 00:00:00,E1011,C2227,P3026,1,R01,38011.41
S504449,2026-03-07 00:00:00,E1068,C2433,P3028,5,R05,214467.46
S504450,2026-04-10 00:00:00,E1072,C2431,P3004,6,R02,117631.73
S504451,2026-03-19 00:00:00,E1074,C2347,P3031,6,R05,371553.18
S504452,2026-01-16 00:00:00,E1102,C2230,P3016,6,R04,295520.99
S504453,2026-03-24 00:00:00,E1026,C2370,P3051,3,R05,152539.49
S504454,2026-06-11 00:00:00,E1046,C2178,P3010,4,R04,175369.47
S504455,2026-02-13 00:00:00,E1062,C2345,P3038,3,R02,200246.95
S504456,2026-08-26 00:00:00,E1049,C2410,P3048,2,R04,68419.7
S504457,2026-05-14 00:00:00,E1042,C2056,P3010,8,R03,334588.51
S504458,2026-07-24 00:00:00,E1008,C2078,P3045,7,R06,345234.29
S504459,2026-07-11 00:00:00,E1048,C2270,P3009,11,R04,243566.41
S504460,2026-04-10 00:00:00,E1024,C2206,P3039,8,R02,211765.09
S504461,2026-01-22 00:00:00,E1085,C2281,P3036,6,R02,185329.82
S504462,2026-01-18 00:00:00,E1048,C2228,P3051,11,R04,630915.05
S504463,2026-01-12 00:00:00,E1088,C2388,P3058,7,R04,276745.08
S504464,2026-06-29 00:00:00,E1014,C2239,P3036,1,R02,30374.67
S504465,2026-05-03 00:00:00,E1022,C2288,P3019,10,R01,500685.06
S504466,2026-09-03 00:00:00,E1002,C2082,P3060,5,R06,138949.66
S504467,2026-08-10 00:00:00,E1020,C2334,P3019,4,R02,193175.17
S504468,2026-04-27 00:00:00,E1062,C2250,P3012,10,R02,194509.58
S504469,2026-02-20 00:00:00,E1034,C2193,P3013,3,R06,85034.65
S504470,2026-08-20 00:00:00,E1005,C2106,P3025,2,R02,126390.77
S504471,2026-03-12 00:00:00,E1108,C2189,P3036,9,R05,276996.3
S504472,2026-08-12 00:00:00,E1004,C2276,P3025,8,R04,448155.33
S504473,2026-02-17 00:00:00,E1093,C2074,P3028,10,R05,436535.91
S504474,2026-01-19 00:00:00,E1054,C2010,P3042,2,R06,39733.8
S504475,2026-01-06 00:00:00,E1107,C2123,P3053,6,R03,93392.1
S504476,2026-03-25 00:00:00,E1101,C2216,P3039,3,R01,75355.53
S504477,2026-06-04 00:00:00,E1029,C2290,P3030,3,R04,131622.72
S504478,2026-02-22 00:00:00,E1072,C2445,P3005,5,R02,111699.51
S504479,2026-04-17 00:00:00,E1072,C2411,P3017,7,R02,95257.39
S504480,2026-04-11 00:00:00,E1057,C2040,P3018,7,R01,270508.89
S504481,2026-02-17 00:00:00,E1059,C2193,P3043,11,R01,693394.61
S504482,2026-05-15 00:00:00,E1110,C2127,P3047,10,R01,422234.35
S504483,2026-07-06 00:00:00,E1089,C2289,P3021,1,R06,39653.9
S504484,2026-03-10 00:00:00,E1099,C2071,P3022,11,R01,208243.79
S504485,2026-01-11 00:00:00,E1017,C2137,P3039,7,R02,187759.8
S504486,2026-05-23 00:00:00,E1025,C2144,P3050,7,R03,87220.47
S504487,2026-07-11 00:00:00,E1071,C2389,P3058,6,R05,228082.56
S504488,2026-05-11 00:00:00,E1043,C2354,P3057,6,R01,284595.35
S504489,2026-05-02 00:00:00,E1108,C2380,P3006,2,R05,44085.33
S504490,2026-03-10 00:00:00,E1079,C2407,P3050,3,R02,39127.8
S504491,2026-01-23 00:00:00,E1049,C2299,P3016,3,R04,158665.16
S504492,2026-06-30 00:00:00,E1078,C2370,P3002,3,R01,22365.17
S504493,2026-02-06 00:00:00,E1071,C2345,P3051,2,R05,113628.02
S504494,2026-01-09 00:00:00,E1103,C2441,P3001,9,R02,240384.14
S504495,2026-01-15 00:00:00,E1032,C2435,P3057,6,R02,283539.84
S504496,2026-05-11 00:00:00,E1094,C2269,P3030,2,R04,84806.18
S504497,2026-04-03 00:00:00,E1094,C2384,P3058,3,R04,128242.73
S504498,2026-07-17 00:00:00,E1031,C2408,P3043,10,R04,561711.85
S504499,2026-01-17 00:00:00,E1019,C2139,P3052,6,R03,395865
S504500,2026-06-03 00:00:00,E1046,C2052,P3037,4,R04,243382.55
S504501,2026-05-29 00:00:00,E1028,C2017,P3048,7,R04,220678.01
S504502,2026-03-13 00:00:00,E1101,C2165,P3023,6,R01,395197.07
S504503,2026-05-29 00:00:00,E1027,C2013,P3001,6,R02,152585.08
S504504,2026-05-01 00:00:00,E1105,C2190,P3019,3,R06,153107.65
S504505,2026-01-11 00:00:00,E1115,C2340,P3046,11,R04,75977.94
S504506,2026-06-15 00:00:00,E1117,C2353,P3003,8,R05,272753.55
S504507,2026-03-13 00:00:00,E1062,C2362,P3002,9,R02,67656.52
S504508,2026-04-16 00:00:00,E1019,C2352,P3056,6,R03,278286.33
S504509,2026-08-04 00:00:00,E1099,C2264,P3037,2,R01,121817.96
S504510,2026-05-05 00:00:00,E1091,C2312,P3017,1,R01,14231.23
S504511,2026-02-04 00:00:00,E1058,C2221,P3028,3,R02,141547.83
S504512,2026-04-29 00:00:00,E1032,C2104,P3018,3,R02,107029.35
S504513,2026-01-14 00:00:00,E1103,C2339,P3033,8,R02,135328.36
S504514,2026-09-04 00:00:00,E1061,C2198,P3015,5,R03,69945.27
S504515,2026-01-14 00:00:00,E1003,C2300,P3022,1,R05,17649.67
S504516,2026-01-10 00:00:00,E1099,C2444,P3041,11,R01,620941.34
S504517,2026-05-20 00:00:00,E1041,C2359,P3027,4,R01,13528.54
S504518,2026-02-07 00:00:00,E1063,C2368,P3055,7,R05,14727.43
S504519,2026-04-18 00:00:00,E1109,C2169,P3037,5,R02,306119.97
S504520,2026-04-29 00:00:00,E1109,C2149,P3032,10,R02,671727.43
S504521,2026-08-26 00:00:00,E1065,C2249,P3060,6,R02,167173.12
S504522,2026-02-03 00:00:00,E1098,C2256,P3045,10,R03,509966.73
S504523,2026-06-18 00:00:00,E1019,C2042,P3019,4,R03,202013.65
S504524,2026-01-10 00:00:00,E1018,C2202,P3028,2,R04,91778.43
S504525,2026-05-02 00:00:00,E1100,C2244,P3028,9,R01,416179.7
S504526,2026-05-25 00:00:00,E1041,C2157,P3056,2,R01,100232.86
S504527,2026-05-25 00:00:00,E1073,C2449,P3010,2,R01,83306.02
S504528,2026-07-14 00:00:00,E1108,C2401,P3020,2,R05,15316.89
S504529,2026-07-09 00:00:00,E1056,C2286,P3025,1,R06,60852.54
S504530,2026-08-11 00:00:00,E1119,C2282,P3021,3,R06,126259.67
S504531,2026-04-25 00:00:00,E1101,C2437,P3014,6,R01,52668.47
S504532,2026-01-01 00:00:00,E1096,C2381,P3022,7,R03,128296.39
S504533,2026-01-12 00:00:00,E1078,C2238,P3053,1,R01,15712.58
S504534,2026-04-13 00:00:00,E1036,C2019,P3026,5,R05,200183.76
S504535,2026-01-04 00:00:00,E1012,C2053,P3044,5,R06,163246.23
S504536,2026-06-19 00:00:00,E1063,C2085,P3011,1,R05,48515.49
S504537,2026-05-21 00:00:00,E1046,C2273,P3055,4,R04,8347.9
S504538,2026-04-08 00:00:00,E1070,C2430,P3007,10,R06,579829.26
S504539,2026-04-16 00:00:00,E1026,C2360,P3017,1,R05,12908.83
S504540,2026-03-26 00:00:00,E1050,C2213,P3018,1,R02,38568.16
S504541,2026-08-02 00:00:00,E1033,C2437,P3007,7,R01,421490.51
S504542,2026-05-01 00:00:00,E1086,C2361,P3056,7,R02,306162.1
S504543,2026-05-12 00:00:00,E1116,C2104,P3020,3,R06,24899.23
S504544,2026-03-23 00:00:00,E1097,C2192,P3038,7,R04,479358.7
S504545,2026-07-16 00:00:00,E1005,C2429,P3011,3,R02,149234.05
S504546,2026-01-19 00:00:00,E1120,C2177,P3044,2,R04,59071.83
S504547,2026-05-10 00:00:00,E1039,C2147,P3058,10,R04,382608.77
S504548,2026-01-12 00:00:00,E1119,C2380,P3016,4,R06,208643.83
S504549,2026-03-22 00:00:00,E1065,C2081,P3051,10,R02,520557.22
S504550,2026-03-15 00:00:00,E1049,C2193,P3055,3,R04,6168.27
S504551,2026-04-08 00:00:00,E1002,C2037,P3027,7,R06,24002.71
S504552,2026-01-06 00:00:00,E1004,C2377,P3051,1,R04,56165.47
S504553,2026-05-16 00:00:00,E1103,C2326,P3011,6,R02,317224.21
S504554,2026-05-05 00:00:00,E1088,C2154,P3016,2,R04,97248.15
S504555,2026-02-20 00:00:00,E1064,C2130,P3023,8,R02,598982.94
S504556,2026-01-11 00:00:00,E1066,C2059,P3060,5,R04,148425.93
S504557,2026-07-10 00:00:00,E1018,C2224,P3059,3,R04,51318.85
S504558,2026-07-04 00:00:00,E1080,C2249,P3012,10,R01,205381.68
S504559,2026-05-07 00:00:00,E1107,C2240,P3059,7,R03,122177.77
S504560,2026-05-20 00:00:00,E1064,C2374,P3040,11,R02,188375.19
S504561,2026-03-14 00:00:00,E1036,C2389,P3003,2,R05,70473.1
S504562,2026-01-02 00:00:00,E1014,C2293,P3002,5,R02,37109.7
S504563,2026-01-08 00:00:00,E1036,C2287,P3060,11,R05,340357.61
S504564,2026-05-19 00:00:00,E1045,C2204,P3038,8,R02,533196.28
S504565,2026-05-04 00:00:00,E1003,C2099,P3048,11,R05,341961.62
S504566,2026-02-22 00:00:00,E1058,C2350,P3052,1,R02,63311.04
S504567,2026-08-16 00:00:00,E1113,C2176,P3024,1,R06,33028.29
S504568,2026-01-10 00:00:00,E1079,C2262,P3029,3,R02,201962.14
S504569,2026-08-01 00:00:00,E1053,C2271,P3047,3,R06,135994.09
S504570,2026-07-31 00:00:00,E1056,C2143,P3046,7,R06,50711.32
S504571,2026-04-22 00:00:00,E1017,C2189,P3034,6,R02,101087.07
S504572,2026-01-08 00:00:00,E1019,C2272,P3020,7,R03,60403.22
S504573,2026-02-05 00:00:00,E1008,C2020,P3018,4,R06,144546.05
S504574,2026-08-09 00:00:00,E1047,C2333,P3014,11,R02,100985.6
S504575,2026-04-16 00:00:00,E1037,C2300,P3018,2,R02,80794.94
S504576,2026-07-23 00:00:00,E1043,C2426,P3002,2,R01,14654.65
S504577,2026-01-14 00:00:00,E1096,C2046,P3001,10,R03,268677.14
S504578,2026-08-28 00:00:00,E1044,C2095,P3020,1,R06,8500.99
S504579,2026-07-01 00:00:00,E1107,C2418,P3034,9,R03,144812.31
S504580,2026-08-30 00:00:00,E1008,C2064,P3041,7,R06,389305.58
S504581,2026-08-01 00:00:00,E1016,C2413,P3041,10,R02,608483.93
S504582,2026-03-27 00:00:00,E1062,C2131,P3048,3,R02,105378.66
S504583,2026-05-29 00:00:00,E1042,C2009,P3011,2,R03,108357.68
S504584,2026-08-24 00:00:00,E1085,C2203,P3027,3,R02,10008.72
S504585,2026-02-19 00:00:00,E1109,C2409,P3023,7,R02,515098.91
S504586,2026-08-10 00:00:00,E1038,C2298,P3038,5,R01,319879.64
S504587,2026-06-16 00:00:00,E1068,C2174,P3044,3,R05,89829.88
S504588,2026-01-20 00:00:00,E1108,C2073,P3003,9,R05,321633.37
S504589,2026-08-04 00:00:00,E1114,C2084,P3012,2,R05,43302.42
S504590,2026-03-28 00:00:00,E1057,C2059,P3030,7,R01,323079.44
S504591,2026-05-15 00:00:00,E1079,C2021,P3031,10,R02,620665.6
S504592,2026-05-17 00:00:00,E1106,C2406,P3023,6,R02,419418.91
S504593,2026-05-09 00:00:00,E1107,C2157,P3001,6,R03,150732.02
S504594,2026-06-03 00:00:00,E1109,C2319,P3041,7,R02,421802.4
S504595,2026-06-15 00:00:00,E1109,C2329,P3020,6,R02,48700.69
S504596,2026-02-07 00:00:00,E1097,C2061,P3054,2,R04,15134.95
S504597,2026-09-03 00:00:00,E1082,C2064,P3006,11,R04,248564.45
S504598,2026-07-08 00:00:00,E1108,C2325,P3011,5,R05,272432.32
S504599,2026-02-13 00:00:00,E1058,C2168,P3035,3,R02,141917.57
S504600,2026-03-27 00:00:00,E1046,C2203,P3004,9,R04,167770.58
S504601,2026-02-13 00:00:00,E1059,C2129,P3029,8,R01,515007.39
S504602,2026-03-15 00:00:00,E1007,C2245,P3059,10,R01,165017.94
S504603,2026-04-29 00:00:00,E1094,C2106,P3010,11,R04,523386.76
S504604,2026-07-09 00:00:00,E1033,C2321,P3051,2,R01,111009.14
S504605,2026-05-02 00:00:00,E1110,C2122,P3029,1,R01,72122.67
S504606,2026-05-14 00:00:00,E1076,C2318,P3038,4,R05,256275.63
S504607,2026-05-25 00:00:00,E1116,C2182,P3001,4,R06,106686.14
S504608,2026-02-20 00:00:00,E1019,C2103,P3040,10,R03,179011.66
S504609,2026-08-30 00:00:00,E1070,C2316,P3008,11,R06,413403.08
S504610,2026-02-07 00:00:00,E1075,C2302,P3057,2,R05,95394.99
S504611,2026-06-01 00:00:00,E1008,C2261,P3038,7,R06,450519.9
S504612,2026-02-20 00:00:00,E1116,C2113,P3017,3,R06,39340.53
S504613,2026-01-10 00:00:00,E1009,C2406,P3019,7,R04,356123.84
S504614,2026-04-30 00:00:00,E1066,C2437,P3033,7,R04,110649.43
S504615,2026-07-19 00:00:00,E1109,C2070,P3015,1,R02,13704.64
S504616,2026-05-29 00:00:00,E1008,C2160,P3045,6,R06,281576.66
S504617,2026-09-05 00:00:00,E1043,C2240,P3031,4,R01,250978.44
S504618,2026-03-11 00:00:00,E1042,C2011,P3021,11,R03,450042.28
S504619,2026-03-26 00:00:00,E1004,C2138,P3003,8,R04,283418.93
S504620,2026-02-26 00:00:00,E1018,C2167,P3002,8,R04,62459.43
S504621,2026-05-06 00:00:00,E1068,C2247,P3035,3,R05,139729.83
S504622,2026-02-08 00:00:00,E1081,C2354,P3041,4,R06,219064.63
S504623,2026-08-04 00:00:00,E1112,C2031,P3059,1,R02,18378.53
S504624,2026-02-02 00:00:00,E1095,C2012,P3016,10,R05,508232.32
S504625,2026-07-06 00:00:00,E1116,C2243,P3056,2,R06,86908.86
S504626,2026-01-18 00:00:00,E1114,C2108,P3045,7,R05,337826.25
S504627,2026-07-03 00:00:00,E1054,C2336,P3051,11,R06,587659.98
S504628,2026-08-08 00:00:00,E1023,C2422,P3059,7,R02,125747.93
S504629,2026-02-26 00:00:00,E1005,C2323,P3050,9,R02,109029.93
S504630,2026-09-01 00:00:00,E1118,C2194,P3021,10,R02,405102.8
S504631,2026-04-06 00:00:00,E1007,C2308,P3012,9,R01,169055.15
S504632,2026-07-23 00:00:00,E1039,C2133,P3028,9,R04,403594.64
S504633,2026-02-17 00:00:00,E1027,C2395,P3012,6,R02,124705.61
S504634,2026-02-11 00:00:00,E1012,C2281,P3033,8,R06,137729.27
S504635,2026-01-27 00:00:00,E1092,C2291,P3020,9,R05,67641.63
S504636,2026-03-15 00:00:00,E1018,C2163,P3040,7,R04,115285.67
S504637,2026-04-20 00:00:00,E1090,C2278,P3049,4,R03,168729.56
S504638,2026-06-29 00:00:00,E1094,C2421,P3021,4,R04,172599.43
S504639,2026-06-19 00:00:00,E1101,C2439,P3060,6,R01,181230.84
S504640,2026-02-01 00:00:00,E1032,C2203,P3052,11,R02,642528.65
S504641,2026-08-22 00:00:00,E1079,C2096,P3054,4,R02,28118.5
S504642,2026-01-26 00:00:00,E1120,C2223,P3039,11,R04,282684.31
S504643,2026-01-25 00:00:00,E1036,C2237,P3041,7,R05,425200.49
S504644,2026-03-16 00:00:00,E1017,C2117,P3049,8,R02,344046.48
S504645,2026-01-23 00:00:00,E1081,C2192,P3059,8,R06,132326.17
S504646,2026-08-14 00:00:00,E1109,C2276,P3042,8,R02,159432.31
S504647,2026-02-26 00:00:00,E1019,C2106,P3036,2,R03,59809.37
S504648,2026-06-29 00:00:00,E1113,C2004,P3022,10,R06,194377.72
S504649,2026-08-20 00:00:00,E1103,C2018,P3026,2,R02,74993.03
S504650,2026-05-06 00:00:00,E1114,C2307,P3007,2,R05,115539.54
S504651,2026-03-28 00:00:00,E1064,C2020,P3007,2,R02,120188.7
S504652,2026-08-09 00:00:00,E1114,C2122,P3008,4,R05,152881.94
S504653,2026-01-31 00:00:00,E1115,C2137,P3026,5,R04,204572.17
S504654,2026-03-05 00:00:00,E1107,C2080,P3024,4,R03,138824.05
S504655,2026-07-18 00:00:00,E1028,C2154,P3024,5,R04,184487.94
S504656,2026-08-20 00:00:00,E1036,C2358,P3040,4,R05,65294.71
S504657,2026-02-02 00:00:00,E1118,C2025,P3048,7,R02,247113.83
S504658,2026-08-01 00:00:00,E1047,C2169,P3012,10,R02,190967.96
S504659,2026-01-02 00:00:00,E1120,C2059,P3047,1,R04,43310.12
S504660,2026-01-18 00:00:00,E1036,C2301,P3008,1,R05,41610.58
S504661,2026-06-24 00:00:00,E1029,C2041,P3054,2,R04,15259.41
S504662,2026-06-10 00:00:00,E1105,C2038,P3009,1,R06,21496.24
S504663,2026-08-17 00:00:00,E1104,C2117,P3003,10,R04,378966.48
S504664,2026-08-14 00:00:00,E1010,C2275,P3054,10,R05,69677.46
S504665,2026-03-25 00:00:00,E1078,C2270,P3021,11,R01,465840.92
S504666,2026-02-04 00:00:00,E1016,C2127,P3031,3,R02,167905.64
S504667,2026-06-28 00:00:00,E1022,C2405,P3048,6,R01,195360.96
S504668,2026-04-24 00:00:00,E1054,C2399,P3047,10,R06,453648.63
S504669,2026-09-03 00:00:00,E1036,C2003,P3024,11,R05,396331.57
S504670,2026-05-26 00:00:00,E1108,C2293,P3004,6,R05,114189.94
S504671,2026-04-20 00:00:00,E1099,C2373,P3020,1,R01,7985.48
S504672,2026-03-29 00:00:00,E1053,C2430,P3016,6,R06,320471.97
S504673,2026-03-13 00:00:00,E1085,C2016,P3010,5,R02,212791.61
S504674,2026-05-05 00:00:00,E1057,C2398,P3043,7,R01,399207.01
S504675,2026-01-30 00:00:00,E1089,C2265,P3026,6,R06,250017.71
S504676,2026-06-21 00:00:00,E1079,C2239,P3029,7,R02,455201.22
S504677,2026-02-22 00:00:00,E1046,C2263,P3005,2,R04,41900.71
S504678,2026-05-18 00:00:00,E1067,C2398,P3011,1,R01,52309.05
S504679,2026-03-28 00:00:00,E1117,C2134,P3029,7,R05,472846.61
S504680,2026-06-29 00:00:00,E1095,C2213,P3045,9,R05,469202.29
S504681,2026-06-26 00:00:00,E1090,C2015,P3015,2,R03,25992.6
S504682,2026-05-19 00:00:00,E1082,C2436,P3006,7,R04,153317.98
S504683,2026-07-13 00:00:00,E1026,C2328,P3048,3,R05,95439.86
S504684,2026-07-05 00:00:00,E1089,C2418,P3015,6,R06,76280.41
S504685,2026-08-06 00:00:00,E1094,C2360,P3043,3,R04,176812.52
S504686,2026-06-13 00:00:00,E1049,C2129,P3020,10,R04,82566.25
S504687,2026-06-10 00:00:00,E1082,C2352,P3034,11,R04,179109.45
S504688,2026-06-24 00:00:00,E1109,C2122,P3060,11,R02,331308.37
S504689,2026-01-13 00:00:00,E1058,C2241,P3060,11,R02,301360.92
S504690,2026-02-09 00:00:00,E1039,C2115,P3002,5,R04,35449.73
S504691,2026-03-30 00:00:00,E1012,C2197,P3044,2,R06,66798.86
S504692,2026-03-09 00:00:00,E1069,C2222,P3016,8,R01,369257.6
S504693,2026-02-11 00:00:00,E1016,C2214,P3019,8,R02,444797.48
S504694,2026-05-27 00:00:00,E1002,C2404,P3034,7,R06,115443.62
S504695,2026-07-29 00:00:00,E1008,C2080,P3049,6,R06,274333.9
S504696,2026-08-17 00:00:00,E1002,C2263,P3014,1,R06,8968.56
S504697,2026-04-04 00:00:00,E1051,C2135,P3024,8,R06,270656.9
S504698,2026-01-19 00:00:00,E1098,C2306,P3028,1,R03,47148.42
S504699,2026-07-05 00:00:00,E1075,C2242,P3048,8,R05,275201.84
S504700,2026-01-23 00:00:00,E1030,C2386,P3032,11,R01,671135
S504701,2026-02-23 00:00:00,E1027,C2303,P3037,2,R02,128535.47
S504702,2026-07-27 00:00:00,E1089,C2270,P3010,8,R06,341764.06
S504703,2026-03-06 00:00:00,E1047,C2287,P3049,10,R02,429414.52
S504704,2026-05-20 00:00:00,E1109,C2050,P3045,4,R02,206308.88
S504705,2026-01-24 00:00:00,E1095,C2189,P3048,7,R05,221232.91
S504706,2026-02-03 00:00:00,E1118,C2297,P3009,5,R02,110108.02
S504707,2026-02-22 00:00:00,E1104,C2014,P3024,8,R04,264785.76
S504708,2026-05-16 00:00:00,E1099,C2389,P3036,6,R01,171348.81
S504709,2026-01-18 00:00:00,E1073,C2232,P3056,5,R01,222369.18
S504710,2026-02-26 00:00:00,E1013,C2261,P3029,1,R05,66408.37
S504711,2026-04-22 00:00:00,E1097,C2192,P3060,3,R04,83365.07
S504712,2026-01-05 00:00:00,E1033,C2413,P3029,10,R01,729551.47
S504713,2026-06-03 00:00:00,E1120,C2203,P3058,9,R04,383867.08
S504714,2026-06-07 00:00:00,E1021,C2261,P3048,9,R04,294218.05
S504715,2026-07-01 00:00:00,E1053,C2113,P3023,5,R06,331974.79
S504716,2026-01-13 00:00:00,E1083,C2374,P3027,3,R02,9788.75
S504717,2026-03-24 00:00:00,E1037,C2352,P3031,6,R02,372754.24
S504718,2026-01-29 00:00:00,E1069,C2036,P3043,5,R01,309200.29
S504719,2026-01-03 00:00:00,E1002,C2079,P3007,1,R06,62993.51
S504720,2026-03-31 00:00:00,E1116,C2275,P3049,2,R06,79569.84
S504721,2026-04-14 00:00:00,E1028,C2448,P3054,5,R04,37490.31
S504722,2026-05-03 00:00:00,E1119,C2278,P3045,9,R06,440452.78
S504723,2026-07-05 00:00:00,E1113,C2162,P3004,4,R06,80529.78
S504724,2026-03-17 00:00:00,E1042,C2312,P3014,9,R03,83105.23
S504725,2026-05-10 00:00:00,E1099,C2017,P3042,3,R01,60316.88
S504726,2026-07-22 00:00:00,E1086,C2204,P3042,1,R02,20789.2
S504727,2026-04-18 00:00:00,E1015,C2440,P3010,6,R02,282123.42
S504728,2026-06-05 00:00:00,E1102,C2017,P3059,10,R04,165745.35
S504729,2026-03-23 00:00:00,E1071,C2202,P3044,7,R05,204728.29
S504730,2026-03-18 00:00:00,E1089,C2210,P3034,4,R06,62144.31
S504731,2026-08-17 00:00:00,E1111,C2402,P3026,10,R02,385729.94
S504732,2026-08-02 00:00:00,E1081,C2429,P3023,5,R06,348298.44
S504733,2026-07-23 00:00:00,E1007,C2078,P3009,4,R01,98658.72
S504734,2026-01-02 00:00:00,E1034,C2056,P3037,3,R06,186464.02
S504735,2026-05-07 00:00:00,E1057,C2080,P3008,1,R01,40716.14
S504736,2026-08-17 00:00:00,E1020,C2306,P3053,6,R02,98874.54
S504737,2026-05-15 00:00:00,E1079,C2058,P3014,10,R02,95772.77
S504738,2026-01-26 00:00:00,E1030,C2018,P3007,5,R01,313924.21
S504739,2026-08-06 00:00:00,E1063,C2208,P3007,11,R05,662257.51
S504740,2026-03-29 00:00:00,E1072,C2135,P3009,1,R02,22847.9
S504741,2026-07-23 00:00:00,E1081,C2332,P3003,5,R06,173277.14
S504742,2026-01-16 00:00:00,E1082,C2010,P3014,6,R04,53584.62
S504743,2026-05-31 00:00:00,E1025,C2069,P3017,10,R03,131242.71
S504744,2026-06-17 00:00:00,E1024,C2341,P3050,5,R02,60757.84
S504745,2026-07-07 00:00:00,E1114,C2387,P3044,1,R05,32058.31
S504746,2026-03-14 00:00:00,E1011,C2083,P3022,5,R01,95989.85
S504747,2026-02-01 00:00:00,E1056,C2109,P3046,10,R06,68760.84
S504748,2026-01-15 00:00:00,E1107,C2044,P3026,1,R03,43259.87
S504749,2026-08-17 00:00:00,E1043,C2398,P3058,11,R01,436061.97
S504750,2026-05-21 00:00:00,E1051,C2132,P3028,3,R06,140580.77
S504751,2026-01-05 00:00:00,E1018,C2018,P3045,2,R04,100839.32
S504752,2026-07-22 00:00:00,E1115,C2093,P3014,1,R04,9286.59
S504753,2026-03-15 00:00:00,E1058,C2436,P3009,4,R02,89062.51
S504754,2026-02-21 00:00:00,E1110,C2294,P3051,2,R01,112837.8
S504755,2026-03-18 00:00:00,E1047,C2148,P3026,5,R02,189626.01
S504756,2026-06-18 00:00:00,E1031,C2172,P3002,10,R04,77164.78
S504757,2026-06-30 00:00:00,E1046,C2051,P3011,1,R04,50608.98
S504758,2026-04-20 00:00:00,E1112,C2019,P3017,10,R02,137070.53
S504759,2026-06-27 00:00:00,E1076,C2120,P3034,1,R05,15016.78
S504760,2026-05-23 00:00:00,E1057,C2324,P3019,11,R01,595035.91
S504761,2026-04-16 00:00:00,E1020,C2225,P3039,10,R02,249116.24
S504762,2026-09-05 00:00:00,E1030,C2066,P3018,4,R01,163326.93
S504763,2026-05-07 00:00:00,E1003,C2141,P3013,7,R05,224516.53
S504764,2026-01-07 00:00:00,E1037,C2446,P3005,2,R02,41121.9
S504765,2026-02-09 00:00:00,E1020,C2189,P3050,2,R02,24538.91
S504766,2026-06-05 00:00:00,E1008,C2158,P3023,1,R06,72606.21
S504767,2026-06-09 00:00:00,E1027,C2098,P3058,5,R02,187807.16
S504768,2026-04-09 00:00:00,E1081,C2158,P3056,6,R06,263994.8
S504769,2026-05-23 00:00:00,E1113,C2435,P3024,6,R06,200998.59
S504770,2026-08-28 00:00:00,E1039,C2246,P3029,2,R04,140504.04
S504771,2026-08-16 00:00:00,E1004,C2344,P3048,7,R04,219646.12
S504772,2026-03-26 00:00:00,E1104,C2432,P3047,6,R04,264884.89
S504773,2026-07-17 00:00:00,E1082,C2236,P3008,8,R04,323457.13
S504774,2026-03-06 00:00:00,E1068,C2033,P3026,6,R05,224030.77
S504775,2026-05-12 00:00:00,E1097,C2361,P3015,9,R04,115061.97
S504776,2026-01-11 00:00:00,E1094,C2241,P3057,10,R04,474322.01
S504777,2026-04-18 00:00:00,E1073,C2330,P3001,2,R01,53043.01
S504778,2026-01-26 00:00:00,E1096,C2338,P3028,7,R03,315006.25
S504779,2026-07-08 00:00:00,E1045,C2275,P3049,5,R02,199943.79
S504780,2026-06-14 00:00:00,E1064,C2071,P3047,1,R02,46316.53
S504781,2026-05-31 00:00:00,E1073,C2313,P3046,3,R01,20697.67
S504782,2026-08-09 00:00:00,E1102,C2403,P3014,4,R04,39092.48
S504783,2026-03-26 00:00:00,E1095,C2216,P3042,2,R05,41710.09
S504784,2026-08-28 00:00:00,E1025,C2079,P3034,7,R03,117900.13
S504785,2026-08-25 00:00:00,E1118,C2169,P3059,1,R02,18068.82
S504786,2026-08-25 00:00:00,E1041,C2298,P3031,3,R01,179372.19
S504787,2026-08-29 00:00:00,E1070,C2180,P3006,9,R06,209070.08
S504788,2026-08-07 00:00:00,E1095,C2116,P3049,11,R05,495671.52
S504789,2026-08-19 00:00:00,E1046,C2260,P3005,2,R04,42516.58
S504790,2026-06-17 00:00:00,E1006,C2260,P3031,5,R02,279515.06
S504791,2026-07-24 00:00:00,E1057,C2005,P3037,4,R01,244697.9
S504792,2026-05-31 00:00:00,E1095,C2297,P3015,3,R05,38045.78
S504793,2026-05-03 00:00:00,E1031,C2108,P3015,5,R04,69452.89
S504794,2026-05-24 00:00:00,E1030,C2343,P3052,6,R01,389278.06
S504795,2026-08-10 00:00:00,E1027,C2360,P3043,1,R02,64761.76
S504796,2026-07-08 00:00:00,E1085,C2117,P3005,2,R02,42843.82
S504797,2026-03-09 00:00:00,E1027,C2357,P3028,1,R02,48530.62
S504798,2026-04-14 00:00:00,E1038,C2445,P3033,3,R01,48795.69
S504799,2026-03-21 00:00:00,E1093,C2331,P3011,8,R05,409176.99
S504800,2026-06-08 00:00:00,E1096,C2439,P3043,8,R03,512471.98
S504801,2026-02-22 00:00:00,E1117,C2331,P3006,4,R05,94113.01
S504802,2026-04-16 00:00:00,E1055,C2013,P3023,6,R04,432631.78
S504803,2026-06-02 00:00:00,E1031,C2142,P3040,9,R04,151601.97
S504804,2026-02-13 00:00:00,E1004,C2188,P3002,7,R04,55080.87
S504805,2026-05-20 00:00:00,E1045,C2281,P3015,2,R02,28492.42
S504806,2026-03-31 00:00:00,E1008,C2115,P3023,11,R06,742570.81
S504807,2026-04-11 00:00:00,E1051,C2428,P3022,2,R06,39086.11
S504808,2026-08-28 00:00:00,E1075,C2236,P3009,3,R05,67671.58
S504809,2026-04-07 00:00:00,E1119,C2338,P3047,8,R06,344242.93
S504810,2026-08-08 00:00:00,E1043,C2010,P3040,10,R01,182167.76
S504811,2026-01-09 00:00:00,E1108,C2199,P3030,9,R05,376489.2
S504812,2026-01-12 00:00:00,E1079,C2252,P3016,3,R02,143964.2
S504813,2026-03-10 00:00:00,E1081,C2050,P3059,9,R06,161053.28
S504814,2026-07-01 00:00:00,E1056,C2428,P3046,10,R06,74749.28
S504815,2026-09-01 00:00:00,E1071,C2142,P3047,8,R05,351861.44
S504816,2026-07-01 00:00:00,E1095,C2271,P3052,5,R05,337039.78
S504817,2026-01-28 00:00:00,E1101,C2016,P3030,11,R01,463746
S504818,2026-02-25 00:00:00,E1093,C2002,P3045,10,R05,526088.41
S504819,2026-04-09 00:00:00,E1028,C2158,P3009,3,R04,71314.69
S504820,2026-07-16 00:00:00,E1009,C2030,P3001,11,R04,279868.91
S504821,2026-08-14 00:00:00,E1033,C2082,P3059,7,R01,113211.93
S504822,2026-04-20 00:00:00,E1086,C2031,P3038,9,R02,576184.55
S504823,2026-08-14 00:00:00,E1066,C2236,P3008,6,R04,226053.36
S504824,2026-03-18 00:00:00,E1011,C2333,P3059,3,R01,52409.36
S504825,2026-04-13 00:00:00,E1014,C2148,P3059,5,R02,83853.51
S504826,2026-04-16 00:00:00,E1065,C2177,P3052,7,R02,427942.68
S504827,2026-04-19 00:00:00,E1095,C2370,P3018,8,R05,320336.44
S504828,2026-04-22 00:00:00,E1036,C2035,P3027,4,R05,13065.9
S504829,2026-02-27 00:00:00,E1063,C2023,P3018,2,R05,78066.42
S504830,2026-03-19 00:00:00,E1056,C2106,P3032,10,R06,616465.42
S504831,2026-03-16 00:00:00,E1009,C2097,P3058,2,R04,82824.95
S504832,2026-02-11 00:00:00,E1030,C2230,P3049,3,R01,131472.49
S504833,2026-06-15 00:00:00,E1097,C2227,P3032,8,R04,541223.54
S504834,2026-03-09 00:00:00,E1043,C2371,P3053,1,R01,14975.2
S504835,2026-06-30 00:00:00,E1031,C2100,P3048,7,R04,221828.76
S504836,2026-02-02 00:00:00,E1088,C2445,P3045,6,R04,277777.97
S504837,2026-03-12 00:00:00,E1022,C2055,P3054,2,R01,13751.7
S504838,2026-02-25 00:00:00,E1078,C2195,P3036,9,R01,255200.05
S504839,2026-04-15 00:00:00,E1012,C2008,P3036,5,R06,152442.31
S504840,2026-07-19 00:00:00,E1003,C2424,P3021,2,R05,84375.99
S504841,2026-04-11 00:00:00,E1052,C2315,P3046,3,R05,22761.91
S504842,2026-02-20 00:00:00,E1043,C2128,P3032,7,R01,447070.24
S504843,2026-03-15 00:00:00,E1068,C2032,P3031,7,R05,421721.54
S504844,2026-06-20 00:00:00,E1100,C2093,P3037,10,R01,660988.96
S504845,2026-05-01 00:00:00,E1004,C2007,P3016,1,R04,50128.87
S504846,2026-05-23 00:00:00,E1082,C2258,P3046,10,R04,72880.51
S504847,2026-06-15 00:00:00,E1053,C2341,P3046,11,R06,85319.26
S504848,2026-05-23 00:00:00,E1070,C2390,P3014,11,R06,108028.76
S504849,2026-01-05 00:00:00,E1089,C2220,P3057,4,R06,175878.18
S504850,2026-08-09 00:00:00,E1116,C2240,P3024,6,R06,217331.24
S504851,2026-03-24 00:00:00,E1086,C2106,P3025,8,R02,470490.24
S504852,2026-07-01 00:00:00,E1026,C2036,P3046,3,R05,22353.55
S504853,2026-02-20 00:00:00,E1031,C2416,P3051,3,R04,172759.51
S504854,2026-01-10 00:00:00,E1084,C2045,P3035,8,R01,347693.75
S504855,2026-05-20 00:00:00,E1108,C2298,P3017,8,R05,113023.02
S504856,2026-09-03 00:00:00,E1012,C2309,P3046,8,R06,59025.26
S504857,2026-01-04 00:00:00,E1095,C2366,P3042,1,R05,19586.4
S504858,2026-04-05 00:00:00,E1018,C2009,P3045,8,R04,409056.19
S504859,2026-05-26 00:00:00,E1027,C2087,P3054,8,R02,57108.88
S504860,2026-03-21 00:00:00,E1024,C2370,P3004,2,R02,35701.59
S504861,2026-08-20 00:00:00,E1058,C2331,P3011,9,R02,507764.34
S504862,2026-02-05 00:00:00,E1054,C2177,P3047,7,R06,316319.49
S504863,2026-01-25 00:00:00,E1050,C2130,P3015,8,R02,108256.75
S504864,2026-08-03 00:00:00,E1021,C2195,P3030,2,R04,92357.79
S504865,2026-07-23 00:00:00,E1111,C2011,P3024,4,R02,152004.82
S504866,2026-04-08 00:00:00,E1003,C2306,P3002,7,R05,56514.18
S504867,2026-06-13 00:00:00,E1090,C2419,P3043,6,R03,362573.57
S504868,2026-04-11 00:00:00,E1032,C2122,P3034,7,R02,110657.4
S504869,2026-07-14 00:00:00,E1028,C2399,P3023,1,R04,68049.12
S504870,2026-01-09 00:00:00,E1003,C2235,P3031,8,R05,476833.64
S504871,2026-03-02 00:00:00,E1080,C2331,P3037,7,R01,459749.52
S504872,2026-02-22 00:00:00,E1005,C2031,P3013,4,R02,125778.19
S504873,2026-05-26 00:00:00,E1115,C2348,P3033,1,R04,15599.88
S504874,2026-06-20 00:00:00,E1014,C2446,P3007,8,R02,442415.67
S504875,2026-06-12 00:00:00,E1102,C2412,P3032,10,R04,689034.47
S504876,2026-03-04 00:00:00,E1036,C2224,P3007,7,R05,433455.44
S504877,2026-05-01 00:00:00,E1110,C2153,P3042,8,R01,161830.45
S504878,2026-09-04 00:00:00,E1120,C2212,P3038,10,R04,670234.36
S504879,2026-08-14 00:00:00,E1074,C2092,P3052,1,R05,61082.6
S504880,2026-04-15 00:00:00,E1068,C2409,P3044,5,R05,162642.94
S504881,2026-07-25 00:00:00,E1007,C2331,P3013,9,R01,277800.11
S504882,2026-01-04 00:00:00,E1032,C2348,P3024,5,R02,182743.84
S504883,2026-04-03 00:00:00,E1120,C2129,P3028,10,R04,454958.86
S504884,2026-06-18 00:00:00,E1011,C2443,P3032,3,R01,191980.68
S504885,2026-06-22 00:00:00,E1110,C2197,P3043,9,R01,517407.61
S504886,2026-06-27 00:00:00,E1022,C2042,P3018,9,R01,370560.81
S504887,2026-07-26 00:00:00,E1108,C2366,P3034,4,R05,67105.2
S504888,2026-01-28 00:00:00,E1076,C2418,P3048,4,R05,139162.42
S504889,2026-06-19 00:00:00,E1024,C2228,P3034,11,R02,184247.03
S504890,2026-03-21 00:00:00,E1004,C2194,P3051,8,R04,442561.6
S504891,2026-03-17 00:00:00,E1033,C2018,P3038,7,R01,442055.94
S504892,2026-04-26 00:00:00,E1021,C2333,P3001,11,R04,295967.22
S504893,2026-03-10 00:00:00,E1076,C2243,P3043,5,R05,292893.91
S504894,2026-04-08 00:00:00,E1030,C2389,P3050,6,R01,74246.86
S504895,2026-08-22 00:00:00,E1107,C2276,P3042,3,R03,58704.62
S504896,2026-01-01 00:00:00,E1054,C2450,P3031,6,R06,355457.11
S504897,2026-06-16 00:00:00,E1117,C2127,P3050,8,R05,102666.93
S504898,2026-04-06 00:00:00,E1048,C2075,P3060,10,R04,270121.56
S504899,2026-08-06 00:00:00,E1035,C2062,P3001,11,R06,267290.66
S504900,2026-01-17 00:00:00,E1103,C2288,P3051,9,R02,499259.36
S504901,2026-04-22 00:00:00,E1086,C2186,P3016,3,R02,156090.38
S504902,2026-04-01 00:00:00,E1063,C2178,P3058,8,R05,323241.22
S504903,2026-03-29 00:00:00,E1074,C2166,P3039,3,R05,74184.1
S504904,2026-06-12 00:00:00,E1073,C2183,P3015,2,R01,26605.8
S504905,2026-06-23 00:00:00,E1072,C2028,P3033,5,R02,87682.06
S504906,2026-06-19 00:00:00,E1012,C2330,P3023,4,R06,289741.41
S504907,2026-09-03 00:00:00,E1110,C2247,P3053,5,R01,75386.42
S504908,2026-06-16 00:00:00,E1084,C2337,P3041,6,R01,367516.95
S504909,2026-03-31 00:00:00,E1117,C2022,P3034,3,R05,45089.25
S504910,2026-02-18 00:00:00,E1108,C2427,P3017,1,R05,12887.89
S504911,2026-07-09 00:00:00,E1095,C2420,P3025,4,R05,234484.83
S504912,2026-02-07 00:00:00,E1091,C2096,P3056,6,R01,274688.61
S504913,2026-05-31 00:00:00,E1065,C2122,P3042,2,R02,43562.79
S504914,2026-05-30 00:00:00,E1022,C2250,P3006,2,R01,42328.68
S504915,2026-05-12 00:00:00,E1112,C2379,P3031,1,R02,58162.12
S504916,2026-06-26 00:00:00,E1004,C2308,P3005,9,R04,185639.8
S504917,2026-02-28 00:00:00,E1084,C2420,P3040,3,R01,52468.65
S504918,2026-07-20 00:00:00,E1090,C2412,P3040,2,R03,32409.3
S504919,2026-03-09 00:00:00,E1113,C2334,P3030,4,R06,165028.4
S504920,2026-07-18 00:00:00,E1104,C2442,P3005,6,R04,121337.83
S504921,2026-08-03 00:00:00,E1011,C2420,P3012,1,R01,20280.02
S504922,2026-05-10 00:00:00,E1028,C2326,P3007,9,R04,550712.9
S504923,2026-02-18 00:00:00,E1013,C2137,P3045,9,R05,452686.58
S504924,2026-08-04 00:00:00,E1008,C2277,P3013,8,R06,245576.26
S504925,2026-08-20 00:00:00,E1018,C2320,P3049,6,R04,253900.3
S504926,2026-09-04 00:00:00,E1067,C2332,P3004,4,R01,80156.48
S504927,2026-05-06 00:00:00,E1066,C2061,P3050,2,R04,24823.08
S504928,2026-08-11 00:00:00,E1116,C2250,P3042,8,R06,157166.99
S504929,2026-08-27 00:00:00,E1027,C2095,P3003,7,R02,254548.94
S504930,2026-06-08 00:00:00,E1016,C2296,P3012,4,R02,82829.54
S504931,2026-04-21 00:00:00,E1117,C2184,P3001,3,R05,76399.08
S504932,2026-06-17 00:00:00,E1034,C2260,P3027,6,R06,18962.01
S504933,2026-02-17 00:00:00,E1064,C2287,P3043,1,R02,56438.14
S504934,2026-02-20 00:00:00,E1103,C2155,P3050,2,R02,26305.71
S504935,2026-02-12 00:00:00,E1049,C2186,P3013,7,R04,198175.94
S504936,2026-04-08 00:00:00,E1097,C2409,P3017,11,R04,150236.47
S504937,2026-07-02 00:00:00,E1036,C2069,P3008,3,R05,112843.66
S504938,2026-08-04 00:00:00,E1067,C2326,P3032,1,R01,61988.18
S504939,2026-06-26 00:00:00,E1074,C2261,P3020,2,R05,15505.89
S504940,2026-05-04 00:00:00,E1078,C2115,P3051,10,R01,501159.86
S504941,2026-08-06 00:00:00,E1120,C2347,P3017,10,R04,127984.78
S504942,2026-03-21 00:00:00,E1085,C2008,P3034,9,R02,144551.76
S504943,2026-07-04 00:00:00,E1026,C2265,P3035,7,R05,313347.81
S504944,2026-04-21 00:00:00,E1059,C2271,P3035,7,R01,327745.94
S504945,2026-07-24 00:00:00,E1033,C2249,P3038,10,R01,613943.79
S504946,2026-05-23 00:00:00,E1065,C2105,P3042,8,R02,171878.7
S504947,2026-01-27 00:00:00,E1013,C2263,P3024,8,R05,305561.05
S504948,2026-07-15 00:00:00,E1065,C2224,P3054,9,R02,60135.09
S504949,2026-07-27 00:00:00,E1079,C2328,P3018,2,R02,82578.99
S504950,2026-07-11 00:00:00,E1094,C2371,P3050,8,R04,95850.65
S504951,2026-08-10 00:00:00,E1002,C2271,P3046,8,R06,59359.59
S504952,2026-08-24 00:00:00,E1053,C2165,P3048,5,R06,160550.97
S504953,2026-06-07 00:00:00,E1072,C2083,P3039,5,R02,130444
S504954,2026-06-13 00:00:00,E1009,C2295,P3033,4,R04,67574.08
S504955,2026-07-14 00:00:00,E1070,C2134,P3049,5,R06,210388.7
S504956,2026-08-02 00:00:00,E1006,C2211,P3023,2,R02,145560.06
S504957,2026-04-23 00:00:00,E1091,C2313,P3025,2,R01,119779.32
S504958,2026-03-27 00:00:00,E1088,C2092,P3037,5,R04,307660.72
S504959,2026-04-24 00:00:00,E1094,C2337,P3027,11,R04,40269.33
S504960,2026-08-30 00:00:00,E1041,C2403,P3001,3,R01,82865.17
S504961,2026-09-04 00:00:00,E1024,C2127,P3021,1,R02,44504.28
S504962,2026-05-04 00:00:00,E1070,C2191,P3059,9,R06,163389.24
S504963,2026-02-18 00:00:00,E1054,C2159,P3049,2,R06,82753.79
S504964,2026-03-17 00:00:00,E1005,C2331,P3010,10,R02,436933.44
S504965,2026-02-24 00:00:00,E1049,C2335,P3031,2,R04,114933.74
S504966,2026-08-01 00:00:00,E1022,C2010,P3044,4,R01,133817.83
S504967,2026-02-25 00:00:00,E1103,C2107,P3025,2,R02,111667.01
S504968,2026-07-15 00:00:00,E1058,C2087,P3020,7,R02,55076.71
S504969,2026-04-05 00:00:00,E1107,C2067,P3057,10,R03,424296.2
S504970,2026-02-13 00:00:00,E1068,C2062,P3002,1,R05,7310.58
S504971,2026-06-08 00:00:00,E1061,C2387,P3055,11,R03,20790.41
S504972,2026-07-05 00:00:00,E1008,C2146,P3048,2,R06,67763.74
S504973,2026-03-28 00:00:00,E1051,C2153,P3015,11,R06,138260.51
S504974,2026-09-03 00:00:00,E1017,C2107,P3028,5,R02,234531.21
S504975,2026-06-30 00:00:00,E1018,C2148,P3013,2,R04,63752.42
S504976,2026-03-25 00:00:00,E1086,C2186,P3050,9,R02,117008.29
S504977,2026-07-26 00:00:00,E1089,C2349,P3060,4,R06,108765.83
S504978,2026-05-31 00:00:00,E1100,C2342,P3052,9,R01,604378.73
S504979,2026-06-05 00:00:00,E1077,C2178,P3054,11,R05,82714.86
S504980,2026-01-16 00:00:00,E1035,C2377,P3014,1,R06,8432.34
S504981,2026-06-14 00:00:00,E1034,C2335,P3050,1,R06,12944.91
S504982,2026-05-29 00:00:00,E1027,C2266,P3002,1,R02,7914.32
S504983,2026-07-26 00:00:00,E1068,C2149,P3034,4,R05,62760.61
S504984,2026-05-25 00:00:00,E1065,C2247,P3035,9,R02,374809.32
S504985,2026-08-30 00:00:00,E1089,C2254,P3037,8,R06,497674.84
S504986,2026-02-06 00:00:00,E1043,C2029,P3025,7,R01,429779.43
S504987,2026-03-18 00:00:00,E1088,C2352,P3048,1,R04,31999.92
S504988,2026-05-27 00:00:00,E1060,C2266,P3054,3,R02,22215.32
S504989,2026-06-07 00:00:00,E1100,C2013,P3015,9,R01,118295.67
S504990,2026-02-14 00:00:00,E1081,C2047,P3012,9,R06,183073.07
S504991,2026-05-26 00:00:00,E1011,C2151,P3009,5,R01,112624.94
S504992,2026-07-25 00:00:00,E1016,C2050,P3058,6,R02,233264.81
S504993,2026-03-03 00:00:00,E1044,C2215,P3031,11,R06,695527.11
S504994,2026-06-13 00:00:00,E1095,C2132,P3014,6,R05,56900.35
S504995,2026-04-10 00:00:00,E1059,C2372,P3029,10,R01,679287.31
S504996,2026-07-31 00:00:00,E1089,C2113,P3053,4,R06,63514.83
S504997,2026-02-21 00:00:00,E1018,C2252,P3048,1,R04,34147.39
S504998,2026-01-19 00:00:00,E1062,C2023,P3043,5,R02,315389.15
S504999,2026-04-19 00:00:00,E1010,C2341,P3038,1,R05,67705.76
S505000,2026-02-13 00:00:00,E1116,C2053,P3042,1,R06,20399.61
S505001,2026-01-07 00:00:00,E1037,C2130,P3060,11,R02,338163.01
S505002,2026-06-21 00:00:00,E1075,C2324,P3008,5,R05,206030.38
S505003,2026-04-27 00:00:00,E1082,C2193,P3048,5,R04,156037.63
S505004,2026-03-09 00:00:00,E1037,C2079,P3003,7,R02,251815.2
S505005,2026-02-03 00:00:00,E1050,C2057,P3002,2,R02,15058.38
S505006,2026-07-13 00:00:00,E1053,C2097,P3016,6,R06,312887.79
S505007,2026-03-10 00:00:00,E1099,C2198,P3019,2,R01,96565.69
S505008,2026-02-24 00:00:00,E1097,C2135,P3030,10,R04,434844
S505009,2026-01-10 00:00:00,E1072,C2147,P3041,5,R02,277661.14
S505010,2026-08-12 00:00:00,E1076,C2172,P3016,4,R05,188522.96
S505011,2026-02-11 00:00:00,E1082,C2063,P3031,11,R04,647124.64
S505012,2026-02-10 00:00:00,E1070,C2065,P3054,10,R06,74114.73
S505013,2026-07-24 00:00:00,E1120,C2295,P3058,5,R04,196173.3
S505014,2026-08-19 00:00:00,E1023,C2211,P3028,2,R02,93919.2
S505015,2026-07-16 00:00:00,E1079,C2109,P3004,8,R02,153829.15
S505016,2026-05-02 00:00:00,E1082,C2282,P3010,8,R04,362600.31
S505017,2026-05-18 00:00:00,E1118,C2172,P3051,6,R02,325158.8
S505018,2026-01-10 00:00:00,E1095,C2012,P3045,3,R05,138043.34
S505019,2026-04-12 00:00:00,E1007,C2406,P3018,4,R01,147399.64
S505020,2026-08-07 00:00:00,E1027,C2333,P3047,1,R02,47821.62
S505021,2026-07-07 00:00:00,E1077,C2220,P3032,9,R05,582384.24
S505022,2026-05-08 00:00:00,E1090,C2398,P3030,10,R03,454877.98
S505023,2026-06-28 00:00:00,E1095,C2342,P3036,5,R05,152624.15
S505024,2026-05-29 00:00:00,E1004,C2286,P3009,8,R04,170437.81
S505025,2026-05-16 00:00:00,E1054,C2172,P3036,3,R06,94728.83
S505026,2026-07-12 00:00:00,E1076,C2236,P3029,4,R05,259677.03
S505027,2026-04-02 00:00:00,E1062,C2166,P3016,4,R02,213142.5
S505028,2026-04-23 00:00:00,E1065,C2187,P3028,8,R02,354858.77
S505029,2026-08-19 00:00:00,E1067,C2170,P3021,9,R01,375026
S505030,2026-03-19 00:00:00,E1054,C2052,P3047,3,R06,127926.95
S505031,2026-03-26 00:00:00,E1109,C2319,P3056,7,R02,349223.07
S505032,2026-01-30 00:00:00,E1092,C2189,P3002,9,R05,73792.86
S505033,2026-08-01 00:00:00,E1078,C2120,P3060,2,R01,54339.78
S505034,2026-02-18 00:00:00,E1015,C2105,P3059,4,R02,66438.37
S505035,2026-01-09 00:00:00,E1091,C2162,P3046,3,R01,20009.2
S505036,2026-05-25 00:00:00,E1074,C2295,P3035,8,R05,373995.71
S505037,2026-03-10 00:00:00,E1109,C2041,P3054,4,R02,28040.55
S505038,2026-02-27 00:00:00,E1070,C2377,P3028,9,R06,423203.63
S505039,2026-07-04 00:00:00,E1029,C2364,P3055,1,R04,1827.15
S505040,2026-03-03 00:00:00,E1073,C2165,P3036,1,R01,31201.08
S505041,2026-08-11 00:00:00,E1011,C2321,P3031,4,R01,240873.77
S505042,2026-02-21 00:00:00,E1117,C2374,P3033,3,R05,52350.82
S505043,2026-07-08 00:00:00,E1059,C2335,P3023,3,R01,220680.88
S505044,2026-02-09 00:00:00,E1102,C2160,P3060,10,R04,269176.99
S505045,2026-06-15 00:00:00,E1068,C2264,P3041,2,R05,115631.57
S505046,2026-06-20 00:00:00,E1092,C2353,P3017,10,R05,137778.73
S505047,2026-03-04 00:00:00,E1119,C2018,P3046,10,R06,72250.14
S505048,2026-05-27 00:00:00,E1052,C2173,P3049,2,R05,81791.38
S505049,2026-08-16 00:00:00,E1015,C2352,P3001,8,R02,216375.62
S505050,2026-02-19 00:00:00,E1017,C2033,P3042,1,R02,21823.41
S505051,2026-06-10 00:00:00,E1056,C2261,P3023,8,R06,604058.27
S505052,2026-05-21 00:00:00,E1045,C2210,P3048,10,R02,345853.57
S505053,2026-03-19 00:00:00,E1044,C2383,P3027,3,R06,10094.34
S505054,2026-09-05 00:00:00,E1083,C2330,P3025,2,R02,115018.09
S505055,2026-04-07 00:00:00,E1112,C2382,P3032,9,R02,543529.19
S505056,2026-07-09 00:00:00,E1023,C2164,P3019,5,R02,256256.26
S505057,2026-08-09 00:00:00,E1070,C2407,P3024,5,R06,168037.23
S505058,2026-02-12 00:00:00,E1020,C2424,P3057,6,R02,256848.34
S505059,2026-06-26 00:00:00,E1068,C2005,P3003,4,R05,151217.27
S505060,2026-02-05 00:00:00,E1041,C2034,P3060,7,R01,215632.18
S505061,2026-05-02 00:00:00,E1075,C2280,P3012,7,R05,150506.29
S505062,2026-04-18 00:00:00,E1020,C2145,P3035,11,R02,469266.66
S505063,2026-01-10 00:00:00,E1017,C2351,P3015,9,R02,128478.97
S505064,2026-04-05 00:00:00,E1056,C2071,P3017,6,R06,76346.7
S505065,2026-01-06 00:00:00,E1026,C2348,P3050,1,R05,12503.55
S505066,2026-02-26 00:00:00,E1114,C2230,P3032,9,R05,595039.58
S505067,2026-05-09 00:00:00,E1019,C2125,P3007,10,R03,584299.32
S505068,2026-03-12 00:00:00,E1024,C2278,P3019,9,R02,499761.57
S505069,2026-07-05 00:00:00,E1119,C2271,P3007,5,R06,286306.45
S505070,2026-08-07 00:00:00,E1087,C2357,P3005,7,R05,147658.83
S505071,2026-01-21 00:00:00,E1012,C2015,P3058,1,R06,37469.39
S505072,2026-04-02 00:00:00,E1041,C2242,P3040,4,R01,73823.41
S505073,2026-05-07 00:00:00,E1107,C2153,P3021,10,R03,410358.32
S505074,2026-03-21 00:00:00,E1070,C2053,P3048,4,R06,136769.77
S505075,2026-02-25 00:00:00,E1026,C2149,P3048,5,R05,170495.64
S505076,2026-08-26 00:00:00,E1065,C2358,P3051,6,R02,332465.73
S505077,2026-08-03 00:00:00,E1098,C2450,P3057,4,R03,178148.05
S505078,2026-04-26 00:00:00,E1031,C2219,P3047,6,R04,264880.73
S505079,2026-05-28 00:00:00,E1047,C2113,P3007,10,R02,599003.19
S505080,2026-08-18 00:00:00,E1092,C2288,P3037,7,R05,460739.1
S505081,2026-07-01 00:00:00,E1063,C2277,P3023,3,R05,222123.52
S505082,2026-01-25 00:00:00,E1102,C2428,P3011,9,R04,443533.54
S505083,2026-06-05 00:00:00,E1053,C2083,P3010,8,R06,331558.04
S505084,2026-01-05 00:00:00,E1100,C2450,P3057,1,R01,44482.48
S505085,2026-04-30 00:00:00,E1010,C2218,P3021,2,R05,86710.13
S505086,2026-01-21 00:00:00,E1078,C2226,P3055,2,R01,3820.5
S505087,2026-01-18 00:00:00,E1003,C2270,P3059,10,R05,176792.57
S505088,2026-06-24 00:00:00,E1104,C2015,P3041,9,R04,548330.76
S505089,2026-07-17 00:00:00,E1006,C2404,P3033,9,R02,150840.51
S505090,2026-02-26 00:00:00,E1064,C2290,P3020,9,R02,69452.02
S505091,2026-04-03 00:00:00,E1071,C2420,P3033,1,R05,17950.5
S505092,2026-01-19 00:00:00,E1054,C2339,P3040,7,R06,122027.25
S505093,2026-05-08 00:00:00,E1088,C2265,P3035,11,R04,485517.94
S505094,2026-04-07 00:00:00,E1006,C2199,P3034,3,R02,46031.11
S505095,2026-07-12 00:00:00,E1061,C2158,P3036,11,R03,328265.8
S505096,2026-08-25 00:00:00,E1070,C2333,P3027,9,R06,31488.8
S505097,2026-05-11 00:00:00,E1010,C2447,P3019,8,R05,411124.03
S505098,2026-06-19 00:00:00,E1095,C2419,P3043,3,R05,175707.11
S505099,2026-01-21 00:00:00,E1023,C2397,P3005,1,R02,21792.99
S505100,2026-08-15 00:00:00,E1028,C2207,P3029,9,R04,597631.42
S505101,2026-08-21 00:00:00,E1011,C2174,P3056,10,R01,448747.46
S505102,2026-02-09 00:00:00,E1082,C2184,P3010,1,R04,46077.29
S505103,2026-03-08 00:00:00,E1108,C2265,P3056,3,R05,149054.34
S505104,2026-06-02 00:00:00,E1108,C2246,P3059,6,R05,98793.66
S505105,2026-05-07 00:00:00,E1063,C2036,P3055,6,R05,11238.64
S505106,2026-08-25 00:00:00,E1053,C2373,P3040,11,R06,197624.59
S505107,2026-08-18 00:00:00,E1011,C2259,P3013,10,R01,309484.12
S505108,2026-08-25 00:00:00,E1007,C2019,P3029,4,R01,276074.18
S505109,2026-02-24 00:00:00,E1064,C2412,P3005,2,R02,39399.22
S505110,2026-07-31 00:00:00,E1115,C2023,P3058,10,R04,375701.39
S505111,2026-06-29 00:00:00,E1006,C2104,P3058,6,R02,250789.21
S505112,2026-06-21 00:00:00,E1072,C2241,P3059,10,R02,170211.06
S505113,2026-04-19 00:00:00,E1065,C2391,P3012,5,R02,106102.9
S505114,2026-04-08 00:00:00,E1058,C2361,P3059,6,R02,104073.07
S505115,2026-08-01 00:00:00,E1061,C2204,P3013,7,R03,216571.33
S505116,2026-07-03 00:00:00,E1065,C2253,P3022,11,R02,222284.72
S505117,2026-07-02 00:00:00,E1113,C2142,P3040,9,R06,149434.57
S505118,2026-04-22 00:00:00,E1091,C2302,P3015,7,R01,94745.97
S505119,2026-08-03 00:00:00,E1061,C2143,P3013,4,R03,113273.14
S505120,2026-07-17 00:00:00,E1053,C2023,P3001,10,R06,253089.67
S505121,2026-04-25 00:00:00,E1052,C2271,P3054,5,R05,34143.43
S505122,2026-04-27 00:00:00,E1005,C2307,P3038,6,R02,376059.9
S505123,2026-07-24 00:00:00,E1106,C2110,P3043,9,R02,578012.14
S505124,2026-08-29 00:00:00,E1050,C2008,P3045,5,R02,248641.07
S505125,2026-03-28 00:00:00,E1033,C2069,P3053,5,R01,85038.72
S505126,2026-07-20 00:00:00,E1053,C2190,P3052,7,R06,438038.78
S505127,2026-03-22 00:00:00,E1054,C2179,P3001,2,R06,52518.16
S505128,2026-03-07 00:00:00,E1101,C2063,P3011,3,R01,145988.85
S505129,2026-01-19 00:00:00,E1076,C2068,P3058,2,R05,79799.3
S505130,2026-07-30 00:00:00,E1035,C2206,P3043,10,R06,607901.42
S505131,2026-09-05 00:00:00,E1037,C2400,P3040,10,R02,162056.52
S505132,2026-05-15 00:00:00,E1072,C2408,P3022,2,R02,39572
S505133,2026-04-28 00:00:00,E1045,C2006,P3035,3,R02,130090.97
S505134,2026-07-10 00:00:00,E1112,C2119,P3060,6,R02,171140.59
S505135,2026-02-11 00:00:00,E1017,C2313,P3051,5,R02,271218.74
S505136,2026-02-11 00:00:00,E1061,C2031,P3044,11,R03,368316.15
S505137,2026-02-28 00:00:00,E1055,C2006,P3006,5,R04,106216.93
S505138,2026-01-20 00:00:00,E1020,C2207,P3028,2,R02,93566.26
S505139,2026-03-14 00:00:00,E1100,C2157,P3031,2,R01,120458.84
S505140,2026-01-17 00:00:00,E1091,C2067,P3055,1,R01,1836.13
S505141,2026-01-27 00:00:00,E1097,C2387,P3008,3,R04,121059.69
S505142,2026-06-24 00:00:00,E1115,C2412,P3005,11,R04,223485.18
S505143,2026-01-02 00:00:00,E1043,C2330,P3042,7,R01,133253.42
S505144,2026-03-04 00:00:00,E1083,C2370,P3054,11,R02,75488.73
S505145,2026-03-03 00:00:00,E1049,C2353,P3048,5,R04,174102.34
S505146,2026-04-10 00:00:00,E1096,C2432,P3044,7,R03,204614.24
S505147,2026-01-19 00:00:00,E1105,C2336,P3017,9,R06,120588.16
S505148,2026-01-17 00:00:00,E1056,C2379,P3038,6,R06,376511.88
S505149,2026-03-10 00:00:00,E1057,C2394,P3009,2,R01,43481.79
S505150,2026-06-16 00:00:00,E1097,C2289,P3010,1,R04,42700.68
S505151,2026-07-29 00:00:00,E1020,C2023,P3020,1,R02,8024.15
S505152,2026-04-27 00:00:00,E1064,C2140,P3014,10,R02,87587.81
S505153,2026-09-03 00:00:00,E1101,C2441,P3014,9,R01,77046.47
S505154,2026-07-18 00:00:00,E1095,C2300,P3026,6,R05,253294.28
S505155,2026-03-22 00:00:00,E1061,C2013,P3029,6,R03,420057.05
S505156,2026-02-08 00:00:00,E1067,C2152,P3049,4,R01,162906.58
S505157,2026-02-05 00:00:00,E1070,C2428,P3027,2,R06,6785.47
S505158,2026-06-17 00:00:00,E1029,C2313,P3025,10,R04,550685.15
S505159,2026-06-22 00:00:00,E1019,C2352,P3016,3,R03,151505.2
S505160,2026-05-12 00:00:00,E1027,C2400,P3036,3,R02,88374.15
S505161,2026-08-18 00:00:00,E1106,C2109,P3034,8,R02,117922.73
S505162,2026-06-02 00:00:00,E1020,C2376,P3016,6,R02,284739.51
S505163,2026-07-16 00:00:00,E1057,C2356,P3033,7,R01,115262.76
S505164,2026-06-07 00:00:00,E1059,C2149,P3003,9,R01,336018.92
S505165,2026-07-23 00:00:00,E1007,C2367,P3023,1,R01,66888.43
S505166,2026-07-15 00:00:00,E1002,C2204,P3011,2,R06,98577.46
S505167,2026-08-04 00:00:00,E1009,C2307,P3048,9,R04,299254.28
S505168,2026-01-29 00:00:00,E1099,C2021,P3058,5,R01,202248.72
S505169,2026-07-20 00:00:00,E1053,C2060,P3018,4,R06,144360.5
S505170,2026-07-15 00:00:00,E1109,C2435,P3047,1,R02,44195.78
S505171,2026-02-20 00:00:00,E1087,C2021,P3041,9,R05,495398.9
S505172,2026-06-01 00:00:00,E1090,C2363,P3044,11,R03,325861.14
S505173,2026-01-14 00:00:00,E1026,C2382,P3029,9,R05,608486.41
S505174,2026-03-10 00:00:00,E1049,C2245,P3059,4,R04,63708.58
S505175,2026-05-26 00:00:00,E1057,C2390,P3050,9,R01,115020.14
S505176,2026-06-19 00:00:00,E1066,C2073,P3005,10,R04,225842.57
S505177,2026-02-26 00:00:00,E1109,C2449,P3024,1,R02,36216.96
S505178,2026-07-30 00:00:00,E1085,C2076,P3029,5,R02,340480.12
S505179,2026-01-12 00:00:00,E1095,C2186,P3029,1,R05,71380.71
S505180,2026-07-29 00:00:00,E1119,C2078,P3060,4,R06,116198.41
S505181,2026-01-17 00:00:00,E1011,C2390,P3026,5,R01,212486.21
S505182,2026-01-30 00:00:00,E1058,C2065,P3040,11,R02,196189.69
S505183,2026-03-29 00:00:00,E1013,C2342,P3003,3,R05,109170.42
S505184,2026-07-22 00:00:00,E1034,C2290,P3002,2,R06,14616.95
S505185,2026-04-09 00:00:00,E1073,C2056,P3025,6,R01,349319.01
S505186,2026-01-23 00:00:00,E1018,C2331,P3019,11,R04,557448.92
S505187,2026-07-28 00:00:00,E1063,C2259,P3040,3,R05,48573.71
S505188,2026-05-09 00:00:00,E1011,C2426,P3002,10,R01,74160.94
S505189,2026-03-20 00:00:00,E1032,C2190,P3019,1,R02,51808.6
S505190,2026-02-01 00:00:00,E1062,C2006,P3001,11,R02,288946.46
S505191,2026-01-09 00:00:00,E1072,C2006,P3027,5,R02,18177.71
S505192,2026-01-15 00:00:00,E1018,C2191,P3054,2,R04,13859.55
S505193,2026-06-05 00:00:00,E1052,C2148,P3045,2,R05,92562.09
S505194,2026-06-01 00:00:00,E1038,C2405,P3055,4,R01,8313.32
S505195,2026-07-07 00:00:00,E1084,C2258,P3052,4,R01,269666.12
S505196,2026-06-12 00:00:00,E1064,C2218,P3049,4,R02,171667.3
S505197,2026-08-02 00:00:00,E1092,C2090,P3035,7,R05,294856.61
S505198,2026-01-27 00:00:00,E1115,C2312,P3041,1,R04,57001
S505199,2026-07-30 00:00:00,E1120,C2352,P3005,8,R04,157948.05
S505200,2026-04-19 00:00:00,E1082,C2010,P3038,10,R04,697198.52
S_DUP_001,2026-04-12 00:00:00,E1053,C2180,P3037,7,R06,453494.73
O_MISSING_1,2026-03-19 00:00:00,E1054,C2350,P3024,4,R06,7910.39
O_MISSING_2,2026-06-11 00:00:00,E1046,C2426,P3020,3,R04,76415.48
O_MISSING_3,2026-07-24 00:00:00,E1086,C2324,P3010,2,R06,84930.62
O_MISSING_4,2026-03-15 00:00:00,E1049,C2409,P3056,3,R05,31320.77
O_MISSING_5,2026-03-13 00:00:00,E1014,C2159,P3024,5,R04,25397.87
O_MISSING_6,2026-07-18 00:00:00,E1078,C2239,P3024,6,R04,91907.98
O_MISSING_7,2026-01-13 00:00:00,E1031,C2396,P3024,3,R05,77580.16
O_MISSING_8,2026-08-06 00:00:00,E1087,C2320,P3040,3,R01,15771.17
O_MISSING_9,2026-07-03 00:00:00,E1068,C2335,P3048,1,R05,25158.74
O_MISSING_10,2026-02-28 00:00:00,E1055,C2189,P3060,5,R02,64028.74
O_MISSING_11,2026-02-01 00:00:00,E1019,C2309,P3057,3,R04,44844.61
O_MISSING_12,2026-03-24 00:00:00,E1029,C2249,P3048,2,R02,52896.57
O_MISSING_13,2026-04-30 00:00:00,E1005,C2026,P3034,1,R05,95396.53
O_MISSING_14,2026-07-26 00:00:00,E1044,C2189,P3041,7,R06,44922.37
O_MISSING_15,2026-02-23 00:00:00,E1109,C2394,P3040,3,R05,88759.79
O_MISSING_16,2026-01-02 00:00:00,E1119,C2140,P3011,5,R03,67770.75
O_MISSING_17,2026-04-28 00:00:00,E1007,C2406,P3026,6,R02,16553.85
O_MISSING_18,2026-02-06 00:00:00,E1104,C2181,P3001,2,R03,75728.17
O_MISSING_19,2026-07-30 00:00:00,E1010,C2021,P3030,6,R02,54419.86
O_MISSING_20,2026-04-07 00:00:00,E1021,C2163,P3053,5,R06,26384.24
O_MISSING_21,2026-04-13 00:00:00,E1111,C2071,P3043,5,R03,32507.19
O_MISSING_22,2026-04-24 00:00:00,E1096,C2082,P3018,5,R03,57946.58
O_MISSING_23,2026-06-10 00:00:00,E1103,C2155,P3026,6,R02,62161.74
O_MISSING_24,2026-01-01 00:00:00,E1039,C2316,P3053,4,R05,96976.76
O_MISSING_25,2026-05-08 00:00:00,E1070,C2355,P3047,2,R01,86198.41
O_MISSING_26,2026-04-13 00:00:00,E1104,C2047,P3056,5,R05,24554.73
O_MISSING_27,2026-06-05 00:00:00,E1052,C2194,P3009,4,R01,78529.25
O_MISSING_28,2026-05-25 00:00:00,E1062,C2224,P3009,1,R02,5787.72
O_MISSING_29,2026-02-26 00:00:00,E1014,C2399,P3001,4,R04,17331.8
O_MISSING_30,2026-03-11 00:00:00,E1101,C2237,P3007,1,R05,23971.54
